{
	"format_version": "1.12.0",
	"minecraft:geometry": [
		{
			"description": {
				"identifier": "geometry.unknown",
				"texture_width": 64,
				"texture_height": 64,
				"visible_bounds_width": 3,
				"visible_bounds_height": 4.5,
				"visible_bounds_offset": [0, 1.75, 0]
			},
			"bones": [
				{
					"name": "bone2",
					"pivot": [-1.22, 13.91752, 1]
				},
				{
					"name": "bone6",
					"parent": "bone2",
					"pivot": [-1.22, 26.91752, 1],
					"cubes": [
						{
							"origin": [-4.695, 26.96752, -2.75],
							"size": [7, 7, 7],
							"uv": {
								"north": {"uv": [12, 32], "uv_size": [7, 7]},
								"east": {"uv": [32, 14], "uv_size": [7, 7]},
								"south": {"uv": [28, 33], "uv_size": [7, 7]},
								"west": {"uv": [4, 34], "uv_size": [7, 7]},
								"up": {"uv": [35, 33], "uv_size": [7, 7]},
								"down": {"uv": [36, 28], "uv_size": [7, -7]}
							}
						},
						{
							"origin": [-4.945, 26.96752, -3],
							"size": [7.5, 7.25, 7.5],
							"uv": {
								"north": {"uv": [4, 27], "uv_size": [8, 7]},
								"east": {"uv": [28, 26], "uv_size": [8, 7]},
								"south": {"uv": [32, 0], "uv_size": [8, 7]},
								"west": {"uv": [32, 7], "uv_size": [8, 7]},
								"up": {"uv": [24, 10], "uv_size": [8, 8]},
								"down": {"uv": [24, 26], "uv_size": [8, -8]}
							}
						}
					]
				},
				{
					"name": "bone5",
					"parent": "bone2",
					"pivot": [0, 0, 0]
				},
				{
					"name": "bone",
					"parent": "bone5",
					"pivot": [-1, 27, 1.25],
					"cubes": [
						{
							"origin": [-4.9, 17, -0.9],
							"size": [7.65, 10, 3.7],
							"uv": {
								"north": {"uv": [16, 22], "uv_size": [8, 10]},
								"east": {"uv": [40, 11], "uv_size": [4, 10]},
								"south": {"uv": [24, 0], "uv_size": [8, 10]},
								"west": {"uv": [23, 40], "uv_size": [4, 10]},
								"up": {"uv": [36, 28], "uv_size": [8, 4]},
								"down": {"uv": [27, 44], "uv_size": [8, -4]}
							}
						},
						{
							"origin": [-5, 16, -1],
							"size": [8, 11, 4],
							"uv": {
								"north": {"uv": [16, 0], "uv_size": [8, 11]},
								"east": {"uv": [15, 39], "uv_size": [4, 11]},
								"south": {"uv": [16, 11], "uv_size": [8, 11]},
								"west": {"uv": [40, 0], "uv_size": [4, 11]},
								"up": {"uv": [35, 40], "uv_size": [8, 4]},
								"down": {"uv": [0, 45], "uv_size": [8, -4]}
							}
						}
					]
				},
				{
					"name": "body",
					"parent": "bone",
					"pivot": [-1, 17.5, 1],
					"cubes": [
						{
							"origin": [2, 17, -2],
							"size": [1, 1, 1],
							"uv": {
								"north": {"uv": [23, 32], "uv_size": [1, 1]},
								"east": {"uv": [23, 33], "uv_size": [1, 1]},
								"south": {"uv": [11, 34], "uv_size": [1, 1]},
								"west": {"uv": [23, 34], "uv_size": [1, 1]},
								"up": {"uv": [11, 35], "uv_size": [1, 1]},
								"down": {"uv": [23, 36], "uv_size": [1, -1]}
							}
						},
						{
							"origin": [-1, 17, -2],
							"size": [1, 1, 1],
							"uv": {
								"north": {"uv": [11, 36], "uv_size": [1, 1]},
								"east": {"uv": [23, 36], "uv_size": [1, 1]},
								"south": {"uv": [11, 37], "uv_size": [1, 1]},
								"west": {"uv": [23, 37], "uv_size": [1, 1]},
								"up": {"uv": [11, 38], "uv_size": [1, 1]},
								"down": {"uv": [23, 39], "uv_size": [1, -1]}
							}
						},
						{
							"origin": [0, 18, -2],
							"size": [2, 1, 1],
							"uv": {
								"north": {"uv": [12, 31], "uv_size": [2, 1]},
								"east": {"uv": [39, 14], "uv_size": [1, 1]},
								"south": {"uv": [14, 31], "uv_size": [2, 1]},
								"west": {"uv": [39, 15], "uv_size": [1, 1]},
								"up": {"uv": [32, 25], "uv_size": [2, 1]},
								"down": {"uv": [34, 26], "uv_size": [2, -1]}
							}
						},
						{
							"origin": [0, 16, -2],
							"size": [2, 1, 1],
							"uv": {
								"north": {"uv": [36, 32], "uv_size": [2, 1]},
								"east": {"uv": [39, 16], "uv_size": [1, 1]},
								"south": {"uv": [38, 32], "uv_size": [2, 1]},
								"west": {"uv": [39, 17], "uv_size": [1, 1]},
								"up": {"uv": [40, 32], "uv_size": [2, 1]},
								"down": {"uv": [8, 42], "uv_size": [2, -1]}
							}
						},
						{
							"origin": [5.6, 18.3, -0.5],
							"size": [2, 1, 1],
							"pivot": [5, 17.5, -1.5],
							"rotation": [69.75768, -71.59715, -79.07588],
							"uv": {
								"north": {"uv": [8, 42], "uv_size": [2, 1]},
								"east": {"uv": [39, 18], "uv_size": [1, 1]},
								"south": {"uv": [8, 43], "uv_size": [2, 1]},
								"west": {"uv": [39, 19], "uv_size": [1, 1]},
								"up": {"uv": [8, 44], "uv_size": [2, 1]},
								"down": {"uv": [44, 29], "uv_size": [2, -1]}
							}
						},
						{
							"origin": [5.6, 16.3, -0.5],
							"size": [2, 1, 1],
							"pivot": [5, 17.5, -1.5],
							"rotation": [69.75768, -71.59715, -79.07588],
							"uv": {
								"north": {"uv": [44, 29], "uv_size": [2, 1]},
								"east": {"uv": [39, 20], "uv_size": [1, 1]},
								"south": {"uv": [44, 30], "uv_size": [2, 1]},
								"west": {"uv": [23, 39], "uv_size": [1, 1]},
								"up": {"uv": [44, 31], "uv_size": [2, 1]},
								"down": {"uv": [8, 46], "uv_size": [2, -1]}
							}
						},
						{
							"origin": [7.6, 17.3, -0.5],
							"size": [1, 1, 1],
							"pivot": [5, 17.5, -1.5],
							"rotation": [69.75768, -71.59715, -79.07588],
							"uv": {
								"north": {"uv": [10, 41], "uv_size": [1, 1]},
								"east": {"uv": [10, 42], "uv_size": [1, 1]},
								"south": {"uv": [42, 39], "uv_size": [1, 1]},
								"west": {"uv": [10, 43], "uv_size": [1, 1]},
								"up": {"uv": [10, 44], "uv_size": [1, 1]},
								"down": {"uv": [10, 46], "uv_size": [1, -1]}
							}
						},
						{
							"origin": [4.6, 17.3, -0.5],
							"size": [1, 1, 1],
							"pivot": [5, 17.5, -1.5],
							"rotation": [69.75768, -71.59715, -79.07588],
							"uv": {
								"north": {"uv": [10, 46], "uv_size": [1, 1]},
								"east": {"uv": [10, 47], "uv_size": [1, 1]},
								"south": {"uv": [10, 48], "uv_size": [1, 1]},
								"west": {"uv": [10, 49], "uv_size": [1, 1]},
								"up": {"uv": [26, 50], "uv_size": [1, 1]},
								"down": {"uv": [42, 52], "uv_size": [1, -1]}
							}
						},
						{
							"origin": [2.80855, 17.80095, 4.3886],
							"size": [2, 1, 1],
							"pivot": [3.80855, 19.30095, 3.8886],
							"rotation": [142.05269, -61.20529, -155.96604],
							"uv": {
								"north": {"uv": [8, 46], "uv_size": [2, 1]},
								"east": {"uv": [36, 52], "uv_size": [1, 1]},
								"south": {"uv": [8, 47], "uv_size": [2, 1]},
								"west": {"uv": [52, 36], "uv_size": [1, 1]},
								"up": {"uv": [8, 48], "uv_size": [2, 1]},
								"down": {"uv": [48, 9], "uv_size": [2, -1]}
							}
						},
						{
							"origin": [4.80855, 18.80095, 4.3886],
							"size": [1, 1, 1],
							"pivot": [3.80855, 19.30095, 3.8886],
							"rotation": [142.05269, -61.20529, -155.96604],
							"uv": {
								"north": {"uv": [37, 52], "uv_size": [1, 1]},
								"east": {"uv": [52, 37], "uv_size": [1, 1]},
								"south": {"uv": [38, 52], "uv_size": [1, 1]},
								"west": {"uv": [52, 38], "uv_size": [1, 1]},
								"up": {"uv": [39, 52], "uv_size": [1, 1]},
								"down": {"uv": [40, 53], "uv_size": [1, -1]}
							}
						},
						{
							"origin": [1.80855, 18.80095, 4.3886],
							"size": [1, 1, 1],
							"pivot": [3.80855, 19.30095, 3.8886],
							"rotation": [142.05269, -61.20529, -155.96604],
							"uv": {
								"north": {"uv": [41, 52], "uv_size": [1, 1]},
								"east": {"uv": [42, 52], "uv_size": [1, 1]},
								"south": {"uv": [47, 52], "uv_size": [1, 1]},
								"west": {"uv": [48, 52], "uv_size": [1, 1]},
								"up": {"uv": [49, 52], "uv_size": [1, 1]},
								"down": {"uv": [50, 53], "uv_size": [1, -1]}
							}
						},
						{
							"origin": [2.80855, 19.80095, 4.3886],
							"size": [2, 1, 1],
							"pivot": [3.80855, 19.30095, 3.8886],
							"rotation": [142.05269, -61.20529, -155.96604],
							"uv": {
								"north": {"uv": [48, 9], "uv_size": [2, 1]},
								"east": {"uv": [51, 52], "uv_size": [1, 1]},
								"south": {"uv": [48, 10], "uv_size": [2, 1]},
								"west": {"uv": [52, 52], "uv_size": [1, 1]},
								"up": {"uv": [48, 11], "uv_size": [2, 1]},
								"down": {"uv": [48, 13], "uv_size": [2, -1]}
							}
						},
						{
							"origin": [-0.4529, 17.48974, 4.36915],
							"size": [2, 1, 1],
							"pivot": [-0.15601, 19.04898, 5.17815],
							"rotation": [17.23155, -0.89141, -10.59057],
							"uv": {
								"north": {"uv": [48, 13], "uv_size": [2, 1]},
								"east": {"uv": [0, 53], "uv_size": [1, 1]},
								"south": {"uv": [48, 14], "uv_size": [2, 1]},
								"west": {"uv": [1, 53], "uv_size": [1, 1]},
								"up": {"uv": [48, 15], "uv_size": [2, 1]},
								"down": {"uv": [48, 17], "uv_size": [2, -1]}
							}
						},
						{
							"origin": [1.5471, 18.48974, 4.36915],
							"size": [1, 1, 1],
							"pivot": [-0.15601, 19.04898, 5.17815],
							"rotation": [17.23155, -0.89141, -10.59057],
							"uv": {
								"north": {"uv": [2, 53], "uv_size": [1, 1]},
								"east": {"uv": [3, 53], "uv_size": [1, 1]},
								"south": {"uv": [4, 53], "uv_size": [1, 1]},
								"west": {"uv": [5, 53], "uv_size": [1, 1]},
								"up": {"uv": [6, 53], "uv_size": [1, 1]},
								"down": {"uv": [7, 54], "uv_size": [1, -1]}
							}
						},
						{
							"origin": [-1.4529, 18.48974, 4.36915],
							"size": [1, 1, 1],
							"pivot": [-0.15601, 19.04898, 5.17815],
							"rotation": [17.23155, -0.89141, -10.59057],
							"uv": {
								"north": {"uv": [8, 53], "uv_size": [1, 1]},
								"east": {"uv": [9, 53], "uv_size": [1, 1]},
								"south": {"uv": [10, 53], "uv_size": [1, 1]},
								"west": {"uv": [11, 53], "uv_size": [1, 1]},
								"up": {"uv": [12, 53], "uv_size": [1, 1]},
								"down": {"uv": [13, 54], "uv_size": [1, -1]}
							}
						},
						{
							"origin": [-0.4529, 19.48974, 4.36915],
							"size": [2, 1, 1],
							"pivot": [-0.15601, 19.04898, 5.17815],
							"rotation": [17.23155, -0.89141, -10.59057],
							"uv": {
								"north": {"uv": [48, 17], "uv_size": [2, 1]},
								"east": {"uv": [14, 53], "uv_size": [1, 1]},
								"south": {"uv": [48, 18], "uv_size": [2, 1]},
								"west": {"uv": [15, 53], "uv_size": [1, 1]},
								"up": {"uv": [48, 19], "uv_size": [2, 1]},
								"down": {"uv": [48, 21], "uv_size": [2, -1]}
							}
						},
						{
							"origin": [-4.08203, 17.58209, 3.66486],
							"size": [2, 1, 1],
							"pivot": [-2.38203, 18.48209, 4.86486],
							"rotation": [16.7716, -24.83499, 8.438],
							"uv": {
								"north": {"uv": [8, 49], "uv_size": [2, 1]},
								"east": {"uv": [16, 53], "uv_size": [1, 1]},
								"south": {"uv": [8, 50], "uv_size": [2, 1]},
								"west": {"uv": [17, 53], "uv_size": [1, 1]},
								"up": {"uv": [50, 8], "uv_size": [2, 1]},
								"down": {"uv": [50, 10], "uv_size": [2, -1]}
							}
						},
						{
							"origin": [-2.08203, 18.58209, 3.66486],
							"size": [1, 1, 1],
							"pivot": [-2.38203, 18.48209, 4.86486],
							"rotation": [16.7716, -24.83499, 8.438],
							"uv": {
								"north": {"uv": [18, 53], "uv_size": [1, 1]},
								"east": {"uv": [19, 53], "uv_size": [1, 1]},
								"south": {"uv": [20, 53], "uv_size": [1, 1]},
								"west": {"uv": [21, 53], "uv_size": [1, 1]},
								"up": {"uv": [53, 21], "uv_size": [1, 1]},
								"down": {"uv": [22, 54], "uv_size": [1, -1]}
							}
						},
						{
							"origin": [-5.08203, 18.58209, 3.66486],
							"size": [1, 1, 1],
							"pivot": [-2.38203, 18.48209, 4.86486],
							"rotation": [16.7716, -24.83499, 8.438],
							"uv": {
								"north": {"uv": [53, 22], "uv_size": [1, 1]},
								"east": {"uv": [23, 53], "uv_size": [1, 1]},
								"south": {"uv": [53, 23], "uv_size": [1, 1]},
								"west": {"uv": [24, 53], "uv_size": [1, 1]},
								"up": {"uv": [53, 24], "uv_size": [1, 1]},
								"down": {"uv": [25, 54], "uv_size": [1, -1]}
							}
						},
						{
							"origin": [-4.08203, 19.58209, 3.66486],
							"size": [2, 1, 1],
							"pivot": [-2.38203, 18.48209, 4.86486],
							"rotation": [16.7716, -24.83499, 8.438],
							"uv": {
								"north": {"uv": [10, 50], "uv_size": [2, 1]},
								"east": {"uv": [53, 25], "uv_size": [1, 1]},
								"south": {"uv": [50, 10], "uv_size": [2, 1]},
								"west": {"uv": [26, 53], "uv_size": [1, 1]},
								"up": {"uv": [50, 11], "uv_size": [2, 1]},
								"down": {"uv": [12, 51], "uv_size": [2, -1]}
							}
						},
						{
							"origin": [-6.98203, 17.28209, 4.86486],
							"size": [2, 1, 1],
							"pivot": [-2.38203, 18.48209, 4.86486],
							"rotation": [14.75816, -36.48659, 13.64513],
							"uv": {
								"north": {"uv": [50, 12], "uv_size": [2, 1]},
								"east": {"uv": [53, 26], "uv_size": [1, 1]},
								"south": {"uv": [50, 13], "uv_size": [2, 1]},
								"west": {"uv": [27, 53], "uv_size": [1, 1]},
								"up": {"uv": [14, 50], "uv_size": [2, 1]},
								"down": {"uv": [50, 15], "uv_size": [2, -1]}
							}
						},
						{
							"origin": [-4.98203, 18.28209, 4.86486],
							"size": [1, 1, 1],
							"pivot": [-2.38203, 18.48209, 4.86486],
							"rotation": [14.75816, -36.48659, 13.64513],
							"uv": {
								"north": {"uv": [53, 27], "uv_size": [1, 1]},
								"east": {"uv": [28, 53], "uv_size": [1, 1]},
								"south": {"uv": [29, 53], "uv_size": [1, 1]},
								"west": {"uv": [30, 53], "uv_size": [1, 1]},
								"up": {"uv": [31, 53], "uv_size": [1, 1]},
								"down": {"uv": [32, 54], "uv_size": [1, -1]}
							}
						},
						{
							"origin": [-6.98203, 19.28209, 4.86486],
							"size": [2, 1, 1],
							"pivot": [-2.38203, 18.48209, 4.86486],
							"rotation": [14.75816, -36.48659, 13.64513],
							"uv": {
								"north": {"uv": [50, 15], "uv_size": [2, 1]},
								"east": {"uv": [33, 53], "uv_size": [1, 1]},
								"south": {"uv": [16, 50], "uv_size": [2, 1]},
								"west": {"uv": [34, 53], "uv_size": [1, 1]},
								"up": {"uv": [50, 16], "uv_size": [2, 1]},
								"down": {"uv": [50, 18], "uv_size": [2, -1]}
							}
						},
						{
							"origin": [-5, 17, -2],
							"size": [1, 1, 1],
							"pivot": [-1, 17.5, -2],
							"rotation": [0, 0, 30],
							"uv": {
								"north": {"uv": [35, 53], "uv_size": [1, 1]},
								"east": {"uv": [36, 53], "uv_size": [1, 1]},
								"south": {"uv": [53, 36], "uv_size": [1, 1]},
								"west": {"uv": [37, 53], "uv_size": [1, 1]},
								"up": {"uv": [53, 37], "uv_size": [1, 1]},
								"down": {"uv": [38, 54], "uv_size": [1, -1]}
							}
						},
						{
							"origin": [-2, 17, -2],
							"size": [1, 1, 1],
							"pivot": [-1, 17.5, -2],
							"rotation": [0, 0, 30],
							"uv": {
								"north": {"uv": [53, 38], "uv_size": [1, 1]},
								"east": {"uv": [39, 53], "uv_size": [1, 1]},
								"south": {"uv": [53, 39], "uv_size": [1, 1]},
								"west": {"uv": [40, 53], "uv_size": [1, 1]},
								"up": {"uv": [53, 40], "uv_size": [1, 1]},
								"down": {"uv": [41, 54], "uv_size": [1, -1]}
							}
						},
						{
							"origin": [-4, 18, -2],
							"size": [2, 1, 1],
							"pivot": [-1, 17.5, -2],
							"rotation": [0, 0, 30],
							"uv": {
								"north": {"uv": [18, 50], "uv_size": [2, 1]},
								"east": {"uv": [53, 41], "uv_size": [1, 1]},
								"south": {"uv": [50, 18], "uv_size": [2, 1]},
								"west": {"uv": [42, 53], "uv_size": [1, 1]},
								"up": {"uv": [50, 19], "uv_size": [2, 1]},
								"down": {"uv": [20, 51], "uv_size": [2, -1]}
							}
						},
						{
							"origin": [-4, 16, -2],
							"size": [2, 1, 1],
							"pivot": [-1, 17.5, -2],
							"rotation": [0, 0, 30],
							"uv": {
								"north": {"uv": [50, 20], "uv_size": [2, 1]},
								"east": {"uv": [53, 42], "uv_size": [1, 1]},
								"south": {"uv": [22, 50], "uv_size": [2, 1]},
								"west": {"uv": [43, 53], "uv_size": [1, 1]},
								"up": {"uv": [24, 50], "uv_size": [2, 1]},
								"down": {"uv": [50, 29], "uv_size": [2, -1]}
							}
						},
						{
							"origin": [-8.4282, 18.56603, -2],
							"size": [1, 1.3, 1],
							"pivot": [-4.19615, 19.5, -1.5],
							"rotation": [26.25622, 64.7598, 19.97581],
							"uv": {
								"north": {"uv": [53, 43], "uv_size": [1, 1]},
								"east": {"uv": [44, 53], "uv_size": [1, 1]},
								"south": {"uv": [53, 44], "uv_size": [1, 1]},
								"west": {"uv": [45, 53], "uv_size": [1, 1]},
								"up": {"uv": [53, 45], "uv_size": [1, 1]},
								"down": {"uv": [46, 54], "uv_size": [1, -1]}
							}
						},
						{
							"origin": [-5.4282, 18.86603, -2],
							"size": [1, 1, 1],
							"pivot": [-4.19615, 19.5, -1.5],
							"rotation": [26.25622, 64.7598, 19.97581],
							"uv": {
								"north": {"uv": [53, 46], "uv_size": [1, 1]},
								"east": {"uv": [47, 53], "uv_size": [1, 1]},
								"south": {"uv": [53, 47], "uv_size": [1, 1]},
								"west": {"uv": [48, 53], "uv_size": [1, 1]},
								"up": {"uv": [53, 48], "uv_size": [1, 1]},
								"down": {"uv": [49, 54], "uv_size": [1, -1]}
							}
						},
						{
							"origin": [-7.4282, 19.86603, -2],
							"size": [2, 1, 1],
							"pivot": [-4.19615, 19.5, -1.5],
							"rotation": [26.25622, 64.7598, 19.97581],
							"uv": {
								"north": {"uv": [50, 29], "uv_size": [2, 1]},
								"east": {"uv": [53, 49], "uv_size": [1, 1]},
								"south": {"uv": [50, 30], "uv_size": [2, 1]},
								"west": {"uv": [50, 53], "uv_size": [1, 1]},
								"up": {"uv": [50, 31], "uv_size": [2, 1]},
								"down": {"uv": [50, 33], "uv_size": [2, -1]}
							}
						},
						{
							"origin": [-7.4282, 17.86603, -2],
							"size": [2, 1, 1],
							"pivot": [-4.19615, 19.5, -1.5],
							"rotation": [26.25622, 64.7598, 19.97581],
							"uv": {
								"north": {"uv": [50, 33], "uv_size": [2, 1]},
								"east": {"uv": [53, 50], "uv_size": [1, 1]},
								"south": {"uv": [50, 34], "uv_size": [2, 1]},
								"west": {"uv": [51, 53], "uv_size": [1, 1]},
								"up": {"uv": [50, 35], "uv_size": [2, 1]},
								"down": {"uv": [50, 37], "uv_size": [2, -1]}
							}
						},
						{
							"origin": [2, 22, -2.8],
							"size": [1, 1, 1],
							"pivot": [-0.98327, 23.58674, 1.05387],
							"rotation": [180, -17.5, 180],
							"uv": {
								"north": {"uv": [53, 51], "uv_size": [1, 1]},
								"east": {"uv": [52, 53], "uv_size": [1, 1]},
								"south": {"uv": [53, 52], "uv_size": [1, 1]},
								"west": {"uv": [53, 53], "uv_size": [1, 1]},
								"up": {"uv": [0, 54], "uv_size": [1, 1]},
								"down": {"uv": [54, 1], "uv_size": [1, -1]}
							}
						},
						{
							"origin": [0, 23, -2.8],
							"size": [2, 1, 1],
							"pivot": [-0.98327, 23.58674, 1.05387],
							"rotation": [180, -17.5, 180],
							"uv": {
								"north": {"uv": [50, 37], "uv_size": [2, 1]},
								"east": {"uv": [1, 54], "uv_size": [1, 1]},
								"south": {"uv": [50, 38], "uv_size": [2, 1]},
								"west": {"uv": [54, 1], "uv_size": [1, 1]},
								"up": {"uv": [8, 51], "uv_size": [2, 1]},
								"down": {"uv": [10, 52], "uv_size": [2, -1]}
							}
						},
						{
							"origin": [0, 21, -2.8],
							"size": [2, 1, 1],
							"pivot": [-0.98327, 23.58674, 1.05387],
							"rotation": [180, -17.5, 180],
							"uv": {
								"north": {"uv": [12, 51], "uv_size": [2, 1]},
								"east": {"uv": [2, 54], "uv_size": [1, 1]},
								"south": {"uv": [14, 51], "uv_size": [2, 1]},
								"west": {"uv": [54, 2], "uv_size": [1, 1]},
								"up": {"uv": [16, 51], "uv_size": [2, 1]},
								"down": {"uv": [18, 52], "uv_size": [2, -1]}
							}
						},
						{
							"origin": [-1, 22, -2.8],
							"size": [1, 1, 1],
							"pivot": [-0.98327, 23.58674, 1.05387],
							"rotation": [180, -17.5, 180],
							"uv": {
								"north": {"uv": [3, 54], "uv_size": [1, 1]},
								"east": {"uv": [54, 3], "uv_size": [1, 1]},
								"south": {"uv": [4, 54], "uv_size": [1, 1]},
								"west": {"uv": [54, 4], "uv_size": [1, 1]},
								"up": {"uv": [5, 54], "uv_size": [1, 1]},
								"down": {"uv": [54, 6], "uv_size": [1, -1]}
							}
						},
						{
							"origin": [-3.45439, 21.13723, -2.8],
							"size": [2, 1, 1],
							"pivot": [-0.98327, 23.58674, 1.05387],
							"rotation": [-171.04109, -15.09492, 148.81061],
							"uv": {
								"north": {"uv": [20, 51], "uv_size": [2, 1]},
								"east": {"uv": [6, 54], "uv_size": [1, 1]},
								"south": {"uv": [51, 21], "uv_size": [2, 1]},
								"west": {"uv": [54, 6], "uv_size": [1, 1]},
								"up": {"uv": [22, 51], "uv_size": [2, 1]},
								"down": {"uv": [51, 23], "uv_size": [2, -1]}
							}
						},
						{
							"origin": [-3.45439, 23.13723, -2.8],
							"size": [2, 1, 1],
							"pivot": [-0.98327, 23.58674, 1.05387],
							"rotation": [-171.04109, -15.09492, 148.81061],
							"uv": {
								"north": {"uv": [51, 23], "uv_size": [2, 1]},
								"east": {"uv": [7, 54], "uv_size": [1, 1]},
								"south": {"uv": [24, 51], "uv_size": [2, 1]},
								"west": {"uv": [54, 7], "uv_size": [1, 1]},
								"up": {"uv": [51, 24], "uv_size": [2, 1]},
								"down": {"uv": [51, 26], "uv_size": [2, -1]}
							}
						},
						{
							"origin": [-1.45439, 22.13723, -2.8],
							"size": [1, 1, 1],
							"pivot": [-0.98327, 23.58674, 1.05387],
							"rotation": [-171.04109, -15.09492, 148.81061],
							"uv": {
								"north": {"uv": [8, 54], "uv_size": [1, 1]},
								"east": {"uv": [54, 8], "uv_size": [1, 1]},
								"south": {"uv": [9, 54], "uv_size": [1, 1]},
								"west": {"uv": [54, 9], "uv_size": [1, 1]},
								"up": {"uv": [10, 54], "uv_size": [1, 1]},
								"down": {"uv": [54, 11], "uv_size": [1, -1]}
							}
						},
						{
							"origin": [-4.45439, 22.13723, -2.8],
							"size": [1, 1, 1],
							"pivot": [-0.98327, 23.58674, 1.05387],
							"rotation": [-171.04109, -15.09492, 148.81061],
							"uv": {
								"north": {"uv": [11, 54], "uv_size": [1, 1]},
								"east": {"uv": [54, 11], "uv_size": [1, 1]},
								"south": {"uv": [12, 54], "uv_size": [1, 1]},
								"west": {"uv": [54, 12], "uv_size": [1, 1]},
								"up": {"uv": [13, 54], "uv_size": [1, 1]},
								"down": {"uv": [54, 14], "uv_size": [1, -1]}
							}
						},
						{
							"origin": [-2.60229, 23.70398, -3.53715],
							"size": [2, 1, 1],
							"pivot": [-0.98327, 23.58674, 1.05387],
							"rotation": [-119.52365, -79.47476, 127.11072],
							"uv": {
								"north": {"uv": [26, 51], "uv_size": [2, 1]},
								"east": {"uv": [14, 54], "uv_size": [1, 1]},
								"south": {"uv": [51, 26], "uv_size": [2, 1]},
								"west": {"uv": [54, 14], "uv_size": [1, 1]},
								"up": {"uv": [51, 27], "uv_size": [2, 1]},
								"down": {"uv": [28, 52], "uv_size": [2, -1]}
							}
						},
						{
							"origin": [-2.60229, 25.70398, -3.53715],
							"size": [2, 1, 1],
							"pivot": [-0.98327, 23.58674, 1.05387],
							"rotation": [-119.52365, -79.47476, 127.11072],
							"uv": {
								"north": {"uv": [30, 51], "uv_size": [2, 1]},
								"east": {"uv": [15, 54], "uv_size": [1, 1]},
								"south": {"uv": [32, 51], "uv_size": [2, 1]},
								"west": {"uv": [54, 15], "uv_size": [1, 1]},
								"up": {"uv": [34, 51], "uv_size": [2, 1]},
								"down": {"uv": [36, 52], "uv_size": [2, -1]}
							}
						},
						{
							"origin": [-0.60229, 24.70398, -3.53715],
							"size": [1, 1, 1],
							"pivot": [-0.98327, 23.58674, 1.05387],
							"rotation": [-119.52365, -79.47476, 127.11072],
							"uv": {
								"north": {"uv": [16, 54], "uv_size": [1, 1]},
								"east": {"uv": [54, 16], "uv_size": [1, 1]},
								"south": {"uv": [17, 54], "uv_size": [1, 1]},
								"west": {"uv": [54, 17], "uv_size": [1, 1]},
								"up": {"uv": [18, 54], "uv_size": [1, 1]},
								"down": {"uv": [54, 19], "uv_size": [1, -1]}
							}
						},
						{
							"origin": [-3.60229, 24.40398, -3.53715],
							"size": [1, 1.3, 1],
							"pivot": [-0.98327, 23.58674, 1.05387],
							"rotation": [-119.52365, -79.47476, 127.11072],
							"uv": {
								"north": {"uv": [19, 54], "uv_size": [1, 1]},
								"east": {"uv": [54, 19], "uv_size": [1, 1]},
								"south": {"uv": [20, 54], "uv_size": [1, 1]},
								"west": {"uv": [54, 20], "uv_size": [1, 1]},
								"up": {"uv": [21, 54], "uv_size": [1, 1]},
								"down": {"uv": [54, 22], "uv_size": [1, -1]}
							}
						},
						{
							"origin": [-4.54453, 22.33575, -4.03964],
							"size": [1, 1, 1],
							"pivot": [-0.98327, 23.58674, 1.05387],
							"rotation": [-149.98047, 62.49292, -137.84422],
							"uv": {
								"north": {"uv": [22, 54], "uv_size": [1, 1]},
								"east": {"uv": [54, 22], "uv_size": [1, 1]},
								"south": {"uv": [23, 54], "uv_size": [1, 1]},
								"west": {"uv": [54, 23], "uv_size": [1, 1]},
								"up": {"uv": [24, 54], "uv_size": [1, 1]},
								"down": {"uv": [54, 25], "uv_size": [1, -1]}
							}
						},
						{
							"origin": [-1.54453, 22.33575, -4.03964],
							"size": [1, 1, 1],
							"pivot": [-0.98327, 23.58674, 1.05387],
							"rotation": [-149.98047, 62.49292, -137.84422],
							"uv": {
								"north": {"uv": [25, 54], "uv_size": [1, 1]},
								"east": {"uv": [54, 25], "uv_size": [1, 1]},
								"south": {"uv": [26, 54], "uv_size": [1, 1]},
								"west": {"uv": [54, 26], "uv_size": [1, 1]},
								"up": {"uv": [27, 54], "uv_size": [1, 1]},
								"down": {"uv": [54, 28], "uv_size": [1, -1]}
							}
						},
						{
							"origin": [-3.54453, 21.33575, -4.03964],
							"size": [2, 1, 1],
							"pivot": [-0.98327, 23.58674, 1.05387],
							"rotation": [-149.98047, 62.49292, -137.84422],
							"uv": {
								"north": {"uv": [38, 51], "uv_size": [2, 1]},
								"east": {"uv": [28, 54], "uv_size": [1, 1]},
								"south": {"uv": [51, 39], "uv_size": [2, 1]},
								"west": {"uv": [54, 28], "uv_size": [1, 1]},
								"up": {"uv": [40, 51], "uv_size": [2, 1]},
								"down": {"uv": [51, 41], "uv_size": [2, -1]}
							}
						},
						{
							"origin": [-3.54453, 23.33575, -4.03964],
							"size": [2, 1, 1],
							"pivot": [-0.98327, 23.58674, 1.05387],
							"rotation": [-149.98047, 62.49292, -137.84422],
							"uv": {
								"north": {"uv": [51, 41], "uv_size": [2, 1]},
								"east": {"uv": [29, 54], "uv_size": [1, 1]},
								"south": {"uv": [51, 42], "uv_size": [2, 1]},
								"west": {"uv": [54, 29], "uv_size": [1, 1]},
								"up": {"uv": [51, 43], "uv_size": [2, 1]},
								"down": {"uv": [51, 45], "uv_size": [2, -1]}
							}
						},
						{
							"origin": [-2.16801, 23.33575, -3.6436],
							"size": [2, 1, 1],
							"pivot": [-0.98327, 23.58674, 1.05387],
							"rotation": [-67.19569, 75.48352, -51.50271],
							"uv": {
								"north": {"uv": [51, 45], "uv_size": [2, 1]},
								"east": {"uv": [30, 54], "uv_size": [1, 1]},
								"south": {"uv": [51, 46], "uv_size": [2, 1]},
								"west": {"uv": [54, 30], "uv_size": [1, 1]},
								"up": {"uv": [47, 51], "uv_size": [2, 1]},
								"down": {"uv": [51, 48], "uv_size": [2, -1]}
							}
						},
						{
							"origin": [-3.16801, 22.33575, -3.6436],
							"size": [1, 1, 1],
							"pivot": [-0.98327, 23.58674, 1.05387],
							"rotation": [-67.19569, 75.48352, -51.50271],
							"uv": {
								"north": {"uv": [31, 54], "uv_size": [1, 1]},
								"east": {"uv": [54, 31], "uv_size": [1, 1]},
								"south": {"uv": [32, 54], "uv_size": [1, 1]},
								"west": {"uv": [54, 32], "uv_size": [1, 1]},
								"up": {"uv": [33, 54], "uv_size": [1, 1]},
								"down": {"uv": [54, 34], "uv_size": [1, -1]}
							}
						},
						{
							"origin": [-0.16801, 22.33575, -3.6436],
							"size": [1, 1, 1],
							"pivot": [-0.98327, 23.58674, 1.05387],
							"rotation": [-67.19569, 75.48352, -51.50271],
							"uv": {
								"north": {"uv": [34, 54], "uv_size": [1, 1]},
								"east": {"uv": [54, 34], "uv_size": [1, 1]},
								"south": {"uv": [35, 54], "uv_size": [1, 1]},
								"west": {"uv": [54, 35], "uv_size": [1, 1]},
								"up": {"uv": [36, 54], "uv_size": [1, 1]},
								"down": {"uv": [54, 37], "uv_size": [1, -1]}
							}
						},
						{
							"origin": [-2.16801, 21.33575, -3.6436],
							"size": [2, 1, 1],
							"pivot": [-0.98327, 23.58674, 1.05387],
							"rotation": [-67.19569, 75.48352, -51.50271],
							"uv": {
								"north": {"uv": [51, 48], "uv_size": [2, 1]},
								"east": {"uv": [37, 54], "uv_size": [1, 1]},
								"south": {"uv": [49, 51], "uv_size": [2, 1]},
								"west": {"uv": [54, 37], "uv_size": [1, 1]},
								"up": {"uv": [51, 49], "uv_size": [2, 1]},
								"down": {"uv": [51, 51], "uv_size": [2, -1]}
							}
						},
						{
							"origin": [-0.33043, 23.33575, 3.49577],
							"size": [2, 1, 1],
							"pivot": [-0.98327, 23.58674, 1.05387],
							"rotation": [-166.06947, -16.3026, -168.96167],
							"uv": {
								"north": {"uv": [51, 51], "uv_size": [2, 1]},
								"east": {"uv": [38, 54], "uv_size": [1, 1]},
								"south": {"uv": [0, 52], "uv_size": [2, 1]},
								"west": {"uv": [54, 38], "uv_size": [1, 1]},
								"up": {"uv": [52, 0], "uv_size": [2, 1]},
								"down": {"uv": [52, 2], "uv_size": [2, -1]}
							}
						},
						{
							"origin": [-1.33043, 22.33575, 3.49577],
							"size": [1, 1, 1],
							"pivot": [-0.98327, 23.58674, 1.05387],
							"rotation": [-166.06947, -16.3026, -168.96167],
							"uv": {
								"north": {"uv": [39, 54], "uv_size": [1, 1]},
								"east": {"uv": [54, 39], "uv_size": [1, 1]},
								"south": {"uv": [40, 54], "uv_size": [1, 1]},
								"west": {"uv": [54, 40], "uv_size": [1, 1]},
								"up": {"uv": [41, 54], "uv_size": [1, 1]},
								"down": {"uv": [54, 42], "uv_size": [1, -1]}
							}
						},
						{
							"origin": [1.66957, 22.33575, 3.49577],
							"size": [1, 1, 1],
							"pivot": [-0.98327, 23.58674, 1.05387],
							"rotation": [-166.06947, -16.3026, -168.96167],
							"uv": {
								"north": {"uv": [42, 54], "uv_size": [1, 1]},
								"east": {"uv": [54, 42], "uv_size": [1, 1]},
								"south": {"uv": [43, 54], "uv_size": [1, 1]},
								"west": {"uv": [54, 43], "uv_size": [1, 1]},
								"up": {"uv": [44, 54], "uv_size": [1, 1]},
								"down": {"uv": [54, 45], "uv_size": [1, -1]}
							}
						},
						{
							"origin": [-0.33043, 21.33575, 3.49577],
							"size": [2, 1, 1],
							"pivot": [-0.98327, 23.58674, 1.05387],
							"rotation": [-166.06947, -16.3026, -168.96167],
							"uv": {
								"north": {"uv": [2, 52], "uv_size": [2, 1]},
								"east": {"uv": [45, 54], "uv_size": [1, 1]},
								"south": {"uv": [52, 2], "uv_size": [2, 1]},
								"west": {"uv": [54, 45], "uv_size": [1, 1]},
								"up": {"uv": [52, 3], "uv_size": [2, 1]},
								"down": {"uv": [4, 53], "uv_size": [2, -1]}
							}
						},
						{
							"origin": [-2.66036, 23.43678, 2.93131],
							"size": [2, 1, 1],
							"pivot": [-0.98327, 23.58674, 1.05387],
							"rotation": [-160.67751, 7.50567, 172.28072],
							"uv": {
								"north": {"uv": [52, 4], "uv_size": [2, 1]},
								"east": {"uv": [46, 54], "uv_size": [1, 1]},
								"south": {"uv": [52, 5], "uv_size": [2, 1]},
								"west": {"uv": [54, 46], "uv_size": [1, 1]},
								"up": {"uv": [6, 52], "uv_size": [2, 1]},
								"down": {"uv": [52, 7], "uv_size": [2, -1]}
							}
						},
						{
							"origin": [-3.66036, 22.43678, 2.93131],
							"size": [1, 1, 1],
							"pivot": [-0.98327, 23.58674, 1.05387],
							"rotation": [-160.67751, 7.50567, 172.28072],
							"uv": {
								"north": {"uv": [47, 54], "uv_size": [1, 1]},
								"east": {"uv": [54, 47], "uv_size": [1, 1]},
								"south": {"uv": [48, 54], "uv_size": [1, 1]},
								"west": {"uv": [54, 48], "uv_size": [1, 1]},
								"up": {"uv": [49, 54], "uv_size": [1, 1]},
								"down": {"uv": [54, 50], "uv_size": [1, -1]}
							}
						},
						{
							"origin": [-0.66036, 22.43678, 2.93131],
							"size": [1, 1, 1],
							"pivot": [-0.98327, 23.58674, 1.05387],
							"rotation": [-160.67751, 7.50567, 172.28072],
							"uv": {
								"north": {"uv": [50, 54], "uv_size": [1, 1]},
								"east": {"uv": [54, 50], "uv_size": [1, 1]},
								"south": {"uv": [51, 54], "uv_size": [1, 1]},
								"west": {"uv": [54, 51], "uv_size": [1, 1]},
								"up": {"uv": [52, 54], "uv_size": [1, 1]},
								"down": {"uv": [54, 53], "uv_size": [1, -1]}
							}
						},
						{
							"origin": [-2.66036, 21.43678, 2.93131],
							"size": [2, 1, 1],
							"pivot": [-0.98327, 23.58674, 1.05387],
							"rotation": [-160.67751, 7.50567, 172.28072],
							"uv": {
								"north": {"uv": [52, 7], "uv_size": [2, 1]},
								"east": {"uv": [53, 54], "uv_size": [1, 1]},
								"south": {"uv": [8, 52], "uv_size": [2, 1]},
								"west": {"uv": [54, 53], "uv_size": [1, 1]},
								"up": {"uv": [52, 8], "uv_size": [2, 1]},
								"down": {"uv": [52, 10], "uv_size": [2, -1]}
							}
						},
						{
							"origin": [-4.86584, 23.15046, 4.05228],
							"size": [2, 1, 1],
							"pivot": [-0.98327, 23.58674, 1.05387],
							"rotation": [-160.9286, 19.40058, 168.39949],
							"uv": {
								"north": {"uv": [10, 52], "uv_size": [2, 1]},
								"east": {"uv": [54, 54], "uv_size": [1, 1]},
								"south": {"uv": [52, 10], "uv_size": [2, 1]},
								"west": {"uv": [0, 55], "uv_size": [1, 1]},
								"up": {"uv": [52, 11], "uv_size": [2, 1]},
								"down": {"uv": [12, 53], "uv_size": [2, -1]}
							}
						},
						{
							"origin": [-2.86584, 22.15046, 4.05228],
							"size": [1, 1, 1],
							"pivot": [-0.98327, 23.58674, 1.05387],
							"rotation": [-160.9286, 19.40058, 168.39949],
							"uv": {
								"north": {"uv": [55, 0], "uv_size": [1, 1]},
								"east": {"uv": [1, 55], "uv_size": [1, 1]},
								"south": {"uv": [55, 1], "uv_size": [1, 1]},
								"west": {"uv": [2, 55], "uv_size": [1, 1]},
								"up": {"uv": [55, 2], "uv_size": [1, 1]},
								"down": {"uv": [3, 56], "uv_size": [1, -1]}
							}
						},
						{
							"origin": [-4.86584, 21.15046, 4.05228],
							"size": [2, 1, 1],
							"pivot": [-0.98327, 23.58674, 1.05387],
							"rotation": [-160.9286, 19.40058, 168.39949],
							"uv": {
								"north": {"uv": [52, 12], "uv_size": [2, 1]},
								"east": {"uv": [55, 3], "uv_size": [1, 1]},
								"south": {"uv": [52, 13], "uv_size": [2, 1]},
								"west": {"uv": [4, 55], "uv_size": [1, 1]},
								"up": {"uv": [14, 52], "uv_size": [2, 1]},
								"down": {"uv": [52, 15], "uv_size": [2, -1]}
							}
						}
					]
				},
				{
					"name": "cep",
					"parent": "body",
					"pivot": [-6.07345, 28.85819, 5.76913],
					"cubes": [
						{
							"origin": [-5.96847, 22.63113, 7.36291],
							"size": [2, 1, 1],
							"pivot": [-3.76847, 22.13113, 6.76291],
							"rotation": [160.93124, 2.15461, -97.03664],
							"uv": {
								"north": {"uv": [52, 15], "uv_size": [2, 1]},
								"east": {"uv": [55, 4], "uv_size": [1, 1]},
								"south": {"uv": [16, 52], "uv_size": [2, 1]},
								"west": {"uv": [5, 55], "uv_size": [1, 1]},
								"up": {"uv": [52, 16], "uv_size": [2, 1]},
								"down": {"uv": [52, 18], "uv_size": [2, -1]}
							}
						},
						{
							"origin": [-6.96847, 21.63113, 7.36291],
							"size": [1, 1, 1],
							"pivot": [-3.76847, 22.13113, 6.76291],
							"rotation": [160.93124, 2.15461, -97.03664],
							"uv": {
								"north": {"uv": [55, 5], "uv_size": [1, 1]},
								"east": {"uv": [6, 55], "uv_size": [1, 1]},
								"south": {"uv": [55, 6], "uv_size": [1, 1]},
								"west": {"uv": [7, 55], "uv_size": [1, 1]},
								"up": {"uv": [55, 7], "uv_size": [1, 1]},
								"down": {"uv": [8, 56], "uv_size": [1, -1]}
							}
						},
						{
							"origin": [-5.96847, 20.63113, 7.36291],
							"size": [2, 1, 1],
							"pivot": [-3.76847, 22.13113, 6.76291],
							"rotation": [160.93124, 2.15461, -97.03664],
							"uv": {
								"north": {"uv": [18, 52], "uv_size": [2, 1]},
								"east": {"uv": [55, 8], "uv_size": [1, 1]},
								"south": {"uv": [52, 18], "uv_size": [2, 1]},
								"west": {"uv": [9, 55], "uv_size": [1, 1]},
								"up": {"uv": [52, 19], "uv_size": [2, 1]},
								"down": {"uv": [20, 53], "uv_size": [2, -1]}
							}
						},
						{
							"origin": [-3.96847, 21.63113, 7.36291],
							"size": [1, 1, 1],
							"pivot": [-3.76847, 22.13113, 6.76291],
							"rotation": [160.93124, 2.15461, -97.03664],
							"uv": {
								"north": {"uv": [55, 9], "uv_size": [1, 1]},
								"east": {"uv": [10, 55], "uv_size": [1, 1]},
								"south": {"uv": [55, 10], "uv_size": [1, 1]},
								"west": {"uv": [11, 55], "uv_size": [1, 1]},
								"up": {"uv": [55, 11], "uv_size": [1, 1]},
								"down": {"uv": [12, 56], "uv_size": [1, -1]}
							}
						}
					]
				},
				{
					"name": "cep2",
					"parent": "cep",
					"pivot": [-5.78378, 24.89112, 5.91951],
					"cubes": [
						{
							"origin": [-7.96847, 21.63113, 7.36291],
							"size": [1, 1, 1],
							"pivot": [-3.76847, 22.13113, 6.76291],
							"rotation": [160.93124, 2.15461, -97.03664],
							"uv": {
								"north": {"uv": [55, 12], "uv_size": [1, 1]},
								"east": {"uv": [13, 55], "uv_size": [1, 1]},
								"south": {"uv": [55, 13], "uv_size": [1, 1]},
								"west": {"uv": [14, 55], "uv_size": [1, 1]},
								"up": {"uv": [55, 14], "uv_size": [1, 1]},
								"down": {"uv": [15, 56], "uv_size": [1, -1]}
							}
						},
						{
							"origin": [-9.96847, 20.63113, 7.36291],
							"size": [2, 1, 1],
							"pivot": [-3.76847, 22.13113, 6.76291],
							"rotation": [160.93124, 2.15461, -97.03664],
							"uv": {
								"north": {"uv": [52, 20], "uv_size": [2, 1]},
								"east": {"uv": [55, 15], "uv_size": [1, 1]},
								"south": {"uv": [22, 52], "uv_size": [2, 1]},
								"west": {"uv": [16, 55], "uv_size": [1, 1]},
								"up": {"uv": [24, 52], "uv_size": [2, 1]},
								"down": {"uv": [26, 53], "uv_size": [2, -1]}
							}
						},
						{
							"origin": [-9.96847, 22.63113, 7.36291],
							"size": [2, 1, 1],
							"pivot": [-3.76847, 22.13113, 6.76291],
							"rotation": [160.93124, 2.15461, -97.03664],
							"uv": {
								"north": {"uv": [28, 52], "uv_size": [2, 1]},
								"east": {"uv": [55, 16], "uv_size": [1, 1]},
								"south": {"uv": [52, 28], "uv_size": [2, 1]},
								"west": {"uv": [17, 55], "uv_size": [1, 1]},
								"up": {"uv": [52, 29], "uv_size": [2, 1]},
								"down": {"uv": [30, 53], "uv_size": [2, -1]}
							}
						},
						{
							"origin": [-10.96847, 21.63113, 7.36291],
							"size": [1, 1, 1],
							"pivot": [-3.76847, 22.13113, 6.76291],
							"rotation": [160.93124, 2.15461, -97.03664],
							"uv": {
								"north": {"uv": [55, 17], "uv_size": [1, 1]},
								"east": {"uv": [18, 55], "uv_size": [1, 1]},
								"south": {"uv": [55, 18], "uv_size": [1, 1]},
								"west": {"uv": [19, 55], "uv_size": [1, 1]},
								"up": {"uv": [55, 19], "uv_size": [1, 1]},
								"down": {"uv": [20, 56], "uv_size": [1, -1]}
							}
						}
					]
				},
				{
					"name": "cep3",
					"parent": "cep2",
					"pivot": [-5.19411, 20.92406, 6.0699],
					"cubes": [
						{
							"origin": [-13.96847, 22.63113, 7.36291],
							"size": [2, 1, 1],
							"pivot": [-3.76847, 24.13113, 6.76291],
							"rotation": [160.93124, 2.15461, -97.03664],
							"uv": {
								"north": {"uv": [52, 30], "uv_size": [2, 1]},
								"east": {"uv": [55, 20], "uv_size": [1, 1]},
								"south": {"uv": [52, 31], "uv_size": [2, 1]},
								"west": {"uv": [21, 55], "uv_size": [1, 1]},
								"up": {"uv": [32, 52], "uv_size": [2, 1]},
								"down": {"uv": [52, 33], "uv_size": [2, -1]}
							}
						},
						{
							"origin": [-11.96847, 21.63113, 7.36291],
							"size": [1, 1, 1],
							"pivot": [-3.76847, 22.13113, 6.76291],
							"rotation": [160.93124, 2.15461, -97.03664],
							"uv": {
								"north": {"uv": [55, 21], "uv_size": [1, 1]},
								"east": {"uv": [22, 55], "uv_size": [1, 1]},
								"south": {"uv": [55, 22], "uv_size": [1, 1]},
								"west": {"uv": [23, 55], "uv_size": [1, 1]},
								"up": {"uv": [55, 23], "uv_size": [1, 1]},
								"down": {"uv": [24, 56], "uv_size": [1, -1]}
							}
						},
						{
							"origin": [-13.96847, 24.63113, 7.36291],
							"size": [2, 1, 1],
							"pivot": [-3.76847, 24.13113, 6.76291],
							"rotation": [160.93124, 2.15461, -97.03664],
							"uv": {
								"north": {"uv": [52, 33], "uv_size": [2, 1]},
								"east": {"uv": [55, 24], "uv_size": [1, 1]},
								"south": {"uv": [34, 52], "uv_size": [2, 1]},
								"west": {"uv": [25, 55], "uv_size": [1, 1]},
								"up": {"uv": [52, 34], "uv_size": [2, 1]},
								"down": {"uv": [52, 36], "uv_size": [2, -1]}
							}
						},
						{
							"origin": [-14.96847, 23.63113, 7.36291],
							"size": [1, 1, 1],
							"pivot": [-3.76847, 24.13113, 6.76291],
							"rotation": [160.93124, 2.15461, -97.03664],
							"uv": {
								"north": {"uv": [55, 25], "uv_size": [1, 1]},
								"east": {"uv": [26, 55], "uv_size": [1, 1]},
								"south": {"uv": [55, 26], "uv_size": [1, 1]},
								"west": {"uv": [27, 55], "uv_size": [1, 1]},
								"up": {"uv": [55, 27], "uv_size": [1, 1]},
								"down": {"uv": [28, 56], "uv_size": [1, -1]}
							}
						}
					]
				},
				{
					"name": "rightleg",
					"parent": "bone",
					"pivot": [-1, 18.05, 1],
					"rotation": [0, 0, -2.5],
					"cubes": [
						{
							"origin": [2.99619, 6.82552, -1],
							"size": [0, 11, 4],
							"uv": {
								"north": {"uv": [0, 0], "uv_size": [0, 11]},
								"east": {"uv": [19, 32], "uv_size": [4, 11]},
								"south": {"uv": [0, 0], "uv_size": [0, 11]},
								"west": {"uv": [11, 39], "uv_size": [4, 11]},
								"up": {"uv": [0, 0], "uv_size": [0, 4]},
								"down": {"uv": [0, 4], "uv_size": [0, -4]}
							}
						},
						{
							"origin": [-0.75743, 1.69143, 2.15],
							"size": [3.65, 7, 3.7],
							"pivot": [0.39257, 1.99143, 0],
							"rotation": [25, 0, 0],
							"uv": {
								"north": {"uv": [31, 44], "uv_size": [4, 7]},
								"east": {"uv": [35, 44], "uv_size": [4, 7]},
								"south": {"uv": [39, 44], "uv_size": [4, 7]},
								"west": {"uv": [0, 45], "uv_size": [4, 7]},
								"up": {"uv": [47, 43], "uv_size": [4, 4]},
								"down": {"uv": [47, 51], "uv_size": [4, -4]}
							}
						},
						{
							"origin": [-0.70743, 8.99143, -0.9],
							"size": [3.65, 7, 3.7],
							"uv": {
								"north": {"uv": [4, 45], "uv_size": [4, 7]},
								"east": {"uv": [46, 28], "uv_size": [4, 7]},
								"south": {"uv": [43, 46], "uv_size": [4, 7]},
								"west": {"uv": [47, 21], "uv_size": [4, 7]},
								"up": {"uv": [48, 0], "uv_size": [4, 4]},
								"down": {"uv": [48, 8], "uv_size": [4, -4]}
							}
						}
					]
				},
				{
					"name": "leftleg",
					"parent": "bone",
					"pivot": [-7, 16.95, 1],
					"rotation": [0, 0, 2.5],
					"cubes": [
						{
							"origin": [-5.04553, 4.08629, -1],
							"size": [0, 14, 4],
							"uv": {
								"north": {"uv": [0, 0], "uv_size": [0, 14]},
								"east": {"uv": [24, 26], "uv_size": [4, 14]},
								"south": {"uv": [0, 0], "uv_size": [0, 14]},
								"west": {"uv": [0, 27], "uv_size": [4, 14]},
								"up": {"uv": [0, 0], "uv_size": [0, 4]},
								"down": {"uv": [0, 4], "uv_size": [0, -4]}
							}
						},
						{
							"origin": [-4.8681, 1.99524, 0.3],
							"size": [3.65, 7, 3.7],
							"pivot": [-0.2181, 1.99524, 0],
							"rotation": [10, 0, 0],
							"uv": {
								"north": {"uv": [44, 0], "uv_size": [4, 7]},
								"east": {"uv": [44, 7], "uv_size": [4, 7]},
								"south": {"uv": [44, 14], "uv_size": [4, 7]},
								"west": {"uv": [27, 44], "uv_size": [4, 7]},
								"up": {"uv": [46, 35], "uv_size": [4, 4]},
								"down": {"uv": [47, 43], "uv_size": [4, -4]}
							}
						},
						{
							"origin": [-4.8681, 8.99524, -0.9],
							"size": [3.65, 7, 3.7],
							"uv": {
								"north": {"uv": [42, 32], "uv_size": [4, 7]},
								"east": {"uv": [19, 43], "uv_size": [4, 7]},
								"south": {"uv": [43, 21], "uv_size": [4, 7]},
								"west": {"uv": [43, 39], "uv_size": [4, 7]},
								"up": {"uv": [12, 27], "uv_size": [4, 4]},
								"down": {"uv": [32, 25], "uv_size": [4, -4]}
							}
						}
					]
				},
				{
					"name": "forwardleg",
					"parent": "bone",
					"pivot": [-1, 18, -1],
					"rotation": [-5.5, 0, 0],
					"cubes": [
						{
							"origin": [-5, 4, -1],
							"size": [8, 14, 0],
							"uv": {
								"north": {"uv": [0, 0], "uv_size": [8, 14]},
								"east": {"uv": [0, 0], "uv_size": [0, 14]},
								"south": {"uv": [8, 0], "uv_size": [8, 14]},
								"west": {"uv": [0, 0], "uv_size": [0, 14]},
								"up": {"uv": [0, 0], "uv_size": [8, 0]},
								"down": {"uv": [0, 0], "uv_size": [8, 0]}
							}
						}
					]
				},
				{
					"name": "backleg",
					"parent": "bone",
					"pivot": [-2.5, 17.95, 3],
					"rotation": [8, 0, 0],
					"cubes": [
						{
							"origin": [-5, 4.98691, 3.08628],
							"size": [8, 13, 0],
							"uv": {
								"north": {"uv": [0, 14], "uv_size": [8, 13]},
								"east": {"uv": [0, 0], "uv_size": [0, 13]},
								"south": {"uv": [8, 14], "uv_size": [8, 13]},
								"west": {"uv": [0, 0], "uv_size": [0, 13]},
								"up": {"uv": [0, 0], "uv_size": [8, 0]},
								"down": {"uv": [0, 0], "uv_size": [8, 0]}
							}
						}
					]
				}
			]
		}
	]
}