{
	"format_version": "1.8.0",
	"animations": {
		"idle": {
			"loop": true,
			"animation_length": 2.5,
			"bones": {
				"bone8": {
					"rotation": {
						"0.0": [0, 0, 0],
						"0.5": [1, 0, 0],
						"0.9583": [0, 0, 0]
					},
					"position": {
						"0.0": [0, 0, 0],
						"0.5": [0, -0.2, 0],
						"0.9167": [0, 0, 0]
					}
				},
				"bone10": {
					"rotation": {
						"0.0": [0, 0, 0],
						"1.0": [1.00015, 0.99985, 0.01745],
						"2.5": [0, 0, 0]
					}
				},
				"bone14": {
					"rotation": {
						"0.0": [0.01903, 2.50472, 0.21803],
						"1.1667": [-2.5, 7.5, 0],
						"2.5": [0.01903, 2.50472, 0.21803]
					}
				},
				"bone9": {
					"rotation": {
						"0.0": [-0.5, 0, 0],
						"0.5": [5.5, 0, 0],
						"1.0": [-0.5, 0, 0]
					}
				},
				"bone13": {
					"rotation": {
						"0.0": [0, 0, 0],
						"1.0": [0, -5, 0],
						"2.5": [0, 0, 0]
					}
				},
				"bone2": {
					"rotation": {
						"0.0": [0, 0, 0],
						"0.8333": [3.86729, 0.16872, -2.4943],
						"1.2917": [5, 0, 0],
						"2.5": [0, 0, 0]
					},
					"position": [0, 0, 0]
				},
				"bone": {
					"rotation": {
						"0.0": [0, 0, 0],
						"1.0": [21.74172, -4.64593, -1.85009],
						"1.25": [25, 0, 0],
						"2.0": [7.80952, 9.9091, 1.35204],
						"2.5": [0, 0, 0]
					}
				},
				"bone3": {
					"rotation": {
						"0.0": [0, 0, 0],
						"0.75": [0, -12.5, 0],
						"1.75": [0, 12.5, 0],
						"2.5": [0, 0, 0]
					}
				},
				"bone4": {
					"rotation": {
						"0.0": [0, 0, 0],
						"0.5": [0, -7.5, 0],
						"1.5": [0, 0, 0]
					}
				},
				"bone5": {
					"rotation": {
						"0.875": [0, -7.5, 0],
						"1.5833": [0, -2.5, 0]
					}
				},
				"bone6": {
					"rotation": {
						"0.0": [0, 0, 0],
						"0.7917": [0, -15, 0],
						"1.75": [0, 5, 0],
						"2.5": [0, 0, 0]
					}
				},
				"bone7": {
					"rotation": {
						"0.0": [0, 0, 0],
						"0.875": [5, 4.375, 0],
						"1.0": [0, -2.5, 0],
						"1.5833": [-5, 5, 0],
						"1.9583": [-5.02391, 7.49044, -0.2197],
						"2.5": [0, 0, 0]
					}
				},
				"bone18": {
					"rotation": {
						"0.0": [0, 0, 0],
						"1.25": [7.5, 10, 0],
						"2.5": [0, 0, 0]
					}
				},
				"bone17": {
					"rotation": {
						"0.0": [0, 0, 0],
						"1.3333": [7.50706, 2.4786, 0.32652],
						"2.25": [0, 0, 0]
					}
				},
				"bone15": {
					"rotation": {
						"0.0": [0, 0, 0],
						"0.8333": [10.00933, 2.462, 0.43439],
						"1.375": [10.03742, -4.92385, -0.87038],
						"1.7083": [5.03742, -4.92385, -0.87038],
						"2.5": [0, 0, 0]
					}
				},
				"bone19": {
					"rotation": [0, 0, 0],
					"position": [0, 0, 1]
				}
			}
		},
		"swipe": {
			"loop": true,
			"animation_length": 0.5,
			"bones": {
				"bone2": {
					"rotation": {
						"0.0": [0, 0, 0],
						"0.25": [25, 0, 0],
						"0.5": [0, 0, 0]
					}
				},
				"bone": {
					"rotation": {
						"0.0": [0, 0, 0],
						"0.25": [-11.65002, 10.23688, 13.40342],
						"0.5": [0, 0, 0]
					},
					"position": {
						"0.0": [0, 0, 0],
						"0.25": [0, 0.3, -3],
						"0.5": [0, 0, 0]
					}
				},
				"bone18": {
					"rotation": {
						"0.0": [0, 0, 0],
						"0.25": [-32.52235, -2.21738, 1.15495],
						"0.5": [0, 0, 0]
					}
				},
				"bone17": {
					"rotation": {
						"0.0": [0, 0, 0],
						"0.25": [0, -12.5, 0],
						"0.5": [0, 0, 0]
					}
				},
				"bone15": {
					"rotation": {
						"0.0": [0, 0, 0],
						"0.25": [-42.5, 10, 0],
						"0.5": [0, 0, 0]
					}
				},
				"bone16": {
					"rotation": {
						"0.0": [0, 0, 0],
						"0.25": [20, 10, 0],
						"0.5": [0, 0, 0]
					}
				}
			}
		},
		"jump": {
			"loop": true,
			"animation_length": 0.5,
			"bones": {
				"bone19": {
					"position": {
						"0.0": [0, -2.7, -4],
						"0.4167": [0, 0.3, -4]
					}
				},
				"bone10": {
					"rotation": {
						"0.0": [-20, 0, 0],
						"0.25": [12.5, 0, 0]
					}
				},
				"bone11": {
					"rotation": {
						"0.0": [30, 0, 0],
						"0.25": [-2.5, 0, 0]
					}
				},
				"bone14": {
					"rotation": {
						"0.0": [-12.5, 0, 0],
						"0.25": [2.5, 0, 0]
					}
				},
				"bone9": {
					"rotation": {
						"0.0": [-20, 0, 0],
						"0.25": [12.5, 0, 0]
					}
				},
				"bone12": {
					"rotation": [30, 0, 0]
				},
				"bone13": {
					"rotation": {
						"0.0": [-12.5, 0, 0],
						"0.25": [2.5, 0, 0]
					}
				},
				"bone2": {
					"rotation": {
						"0.0": [15, 0, 0],
						"0.25": [-10, 0, 0]
					}
				},
				"bone": {
					"rotation": {
						"0.0": [-35, 0, 0],
						"0.25": [-30, 0, 0]
					}
				},
				"bone3": {
					"rotation": {
						"0.0": [2.5, 0, 0],
						"0.25": [2.5, 0, 0]
					}
				},
				"bone4": {
					"rotation": {
						"0.0": [15, 0, 0],
						"0.25": [2.5, 0, 0]
					}
				},
				"bone5": {
					"rotation": {
						"0.0": [25, 0, 0],
						"0.25": [2.5, 0, 0]
					}
				},
				"bone6": {
					"rotation": {
						"0.0": [12.5, 0, 0],
						"0.25": [-5, 0, 0]
					}
				},
				"bone7": {
					"rotation": {
						"0.0": [20, 0, 0],
						"0.25": [0, 0, 0]
					}
				},
				"bone18": {
					"rotation": {
						"0.0": [-17.5, 0, 0],
						"0.25": [-117.5, 0, 0]
					}
				},
				"bone17": {
					"rotation": {
						"0.0": [-22.5, 0, 0],
						"0.25": [25, 0, 0]
					}
				},
				"bone15": {
					"rotation": {
						"0.0": [-17.5, 0, 0],
						"0.25": [-117.5, 0, 0]
					}
				},
				"bone16": {
					"rotation": {
						"0.0": [-22.5, 0, 0],
						"0.25": [25, 0, 0]
					}
				}
			}
		},
		"running": {
			"loop": true,
			"animation_length": 0.83333,
			"bones": {
				"bone19": {
					"rotation": {
						"0.0": [0, 0, -4],
						"0.2083": [0, 0, 0],
						"0.4167": [0, 0, 4],
						"0.625": [0, 0, 0],
						"0.8333": [0, 0, -4]
					},
					"position": {
						"0.0": [0, -1, 0],
						"0.1667": [0, 0, 0],
						"0.3333": [0, -1, 0],
						"0.5": [0, 0, 0],
						"0.6667": [0, -1, 0],
						"0.8333": [0, -1, 0]
					}
				},
				"bone8": {
					"rotation": [0, 0, 0],
					"position": [0, 0.5, 0]
				},
				"bone10": {
					"rotation": {
						"0.0": [22.5, 0, 0],
						"0.4167": [-30, 0, 0],
						"0.8333": [22.5, 0, 0]
					}
				},
				"bone11": {
					"rotation": {
						"0.0": [0, 0, 0],
						"0.4167": [-10, 0, 0],
						"0.8333": [0, 0, 0]
					}
				},
				"bone14": {
					"rotation": {
						"0.0": [-16.63, 0, 0],
						"0.0417": [-13.25, 0, 0],
						"0.125": [-3.99, 0, 0],
						"0.2083": [3.83, 0, 0],
						"0.2917": [22.3, 0, 0],
						"0.4167": [60.82, 0, 0],
						"0.5833": [13.01, 0, 0],
						"0.625": [3.51, 0, 0],
						"0.7083": [-11.17, 0, 0],
						"0.7917": [-16.35, 0, 0],
						"0.8333": [-15.61, 0, 0]
					}
				},
				"bone9": {
					"rotation": {
						"0.0": [-30, 0, 0],
						"0.4167": [22.5, 0, 0],
						"0.8333": [-30, 0, 0]
					}
				},
				"bone12": {
					"rotation": {
						"0.0": [-10, 0, 0],
						"0.4167": [0, 0, 0],
						"0.8333": [-10, 0, 0]
					}
				},
				"bone13": {
					"rotation": {
						"0.0": [47.5, 0, 0],
						"0.125": [21.01, 0, 0],
						"0.2083": [8.83, 0, 0],
						"0.2917": [-6.35, 0, 0],
						"0.3333": [-10.61, 0, 0],
						"0.4167": [-4.13, 0, 0],
						"0.4583": [-13.25, 0, 0],
						"0.5417": [-3.99, 0, 0],
						"0.625": [3.83, 0, 0],
						"0.8333": [47.5, 0, 0]
					},
					"position": [0, 0, 0]
				},
				"bone2": {
					"rotation": {
						"0.0": [0, 5, 0],
						"0.2083": [0, 0, 0],
						"0.4167": [0, -5, 0],
						"0.625": [0, 0, 0],
						"0.8333": [0, 5, 0]
					}
				},
				"bone": {
					"rotation": {
						"0.0": [0, -5, 5],
						"0.4167": [0, 10, -5],
						"0.8333": [0, -5, 5]
					}
				},
				"bone3": {
					"rotation": {
						"0.0": [37.47365, 1.5216, -1.98385],
						"0.4167": [35, 0, 0],
						"0.8333": [37.47365, 1.5216, -1.98385]
					}
				},
				"bone4": {
					"rotation": {
						"0.0": [0, 0, 0],
						"0.4167": [-20, 0, 0],
						"0.8333": [0, 0, 0]
					}
				},
				"bone5": {
					"rotation": {
						"0.0": [12.5, 0, 0],
						"0.4167": [-5, 0, 0],
						"0.8333": [12.5, 0, 0]
					}
				},
				"bone6": {
					"rotation": {
						"0.0": [-7.5, 0, 0],
						"0.4167": [-30, 0, 0],
						"0.8333": [-7.5, 0, 0]
					}
				},
				"bone7": {
					"rotation": {
						"0.0": [5, 0, 0],
						"0.4167": [-22.5, 0, 0],
						"0.8333": [5, 0, 0]
					}
				},
				"bone18": {
					"rotation": {
						"0.0": [-2.5, 0, 0],
						"0.4167": [2.5, 0, 0],
						"0.8333": [-2.5, 0, 0]
					},
					"position": {
						"0.0": [0, 0, -0.3],
						"0.2083": [0, 0, 0],
						"0.4167": [0, 0, 0.1],
						"0.625": [0, 0, 0],
						"0.8333": [0, 0, -0.3]
					}
				},
				"bone17": {
					"rotation": {
						"0.0": [0, 0, 0],
						"0.2083": [0, 0, -10],
						"0.4167": [0, 0, 0],
						"0.625": [0, 0, -10],
						"0.8333": [0, 0, 0]
					}
				},
				"bone15": {
					"rotation": {
						"0.0": [-2.5, 0, 0],
						"0.4167": [2.5, 0, 0],
						"0.8333": [-2.5, 0, 0]
					},
					"position": {
						"0.0": [0, 0, -0.3],
						"0.2083": [0, 0, 0],
						"0.4167": [0, 0, 0.1],
						"0.625": [0, 0, 0],
						"0.8333": [0, 0, -0.3]
					}
				},
				"bone16": {
					"rotation": {
						"0.0": [0, 0, 0],
						"0.2083": [0, 0, -10],
						"0.4167": [0, 0, 0],
						"0.625": [0, 0, -10],
						"0.8333": [0, 0, 0]
					}
				}
			}
		},
		"sprinting": {
			"loop": true,
			"animation_length": 0.83333,
			"bones": {
				"bone19": {
					"rotation": {
						"0.0": [4.99527, -0.21782, 2.4905],
						"0.4167": [4.99527, 0.21782, -2.4905],
						"0.8333": [4.99527, -0.21782, 2.4905]
					},
					"position": {
						"0.0": [0, -4.5, 0],
						"0.2083": [0, -2, 0],
						"0.4167": [0, -4.5, 0],
						"0.625": [0, -2, 0],
						"0.8333": [0, -4.5, 0]
					}
				},
				"bone10": {
					"rotation": {
						"0.0": [80, 0, 0],
						"0.4167": [-75, 0, 0],
						"0.8333": [80, 0, 0]
					},
					"position": {
						"0.0": [0, 1, 1],
						"0.4167": [0, 2, 1],
						"0.8333": [0, 1, 1]
					}
				},
				"bone11": {
					"rotation": {
						"0.0": [-2.5, 0, 0],
						"0.4167": [25, 0, 0],
						"0.8333": [-2.5, 0, 0]
					}
				},
				"bone14": {
					"rotation": {
						"0.0": [25, 0, 0],
						"0.2083": [-4.80338, 0.59411, -0.7415],
						"0.4167": [-15, 0, 0],
						"0.625": [-3.5, 0, 0],
						"0.8333": [25.39324, 1.18822, -1.483]
					}
				},
				"bone9": {
					"rotation": {
						"0.0": [-75, 0, 0],
						"0.4167": [80, 0, 0],
						"0.8333": [-75, 0, 0]
					},
					"position": {
						"0.0": [0, 2, 1],
						"0.4167": [0, 1, 1],
						"0.8333": [0, 2, 1]
					}
				},
				"bone12": {
					"rotation": {
						"0.0": [25, 0, 0],
						"0.4167": [-2.5, 0, 0],
						"0.8333": [25, 0, 0]
					}
				},
				"bone13": {
					"rotation": {
						"0.0": [25, 0, 0],
						"0.1667": [-3.5, 0, 0],
						"0.4167": [-15, 0, 0],
						"0.625": [-4.80338, 0.59411, -0.7415],
						"0.8333": [25.39324, 1.18822, -1.483]
					}
				},
				"bone2": {
					"rotation": {
						"0.0": [22.5, 0, 0],
						"0.2083": [30, 0, 0],
						"0.4167": [22.5, 0, 0],
						"0.625": [30, 0, 0],
						"0.8333": [22.5, 0, 0]
					},
					"position": {
						"0.0": [0, 0, 0],
						"0.2083": [0, -1, 0],
						"0.4167": [0, 0, 0],
						"0.625": [0, -1, 0],
						"0.8333": [0, 0, 0]
					}
				},
				"bone": {
					"rotation": {
						"0.0": [-24.97911, -1.05627, -2.26603],
						"0.4167": [-24.97911, 1.05627, 2.26603],
						"0.8333": [-24.97911, -1.05627, -2.26603]
					}
				},
				"bone18": {
					"rotation": {
						"0.0": [-32.5, 0, 0],
						"0.4167": [-25, 0, 0],
						"0.8333": [-32.5, 0, 0]
					},
					"position": {
						"0.0": [0, 0, 0],
						"0.2083": [0, -1.25, -1.25],
						"0.4167": [0, -0.5, -0.5],
						"0.625": [0, -1.25, -1.25],
						"0.8333": [0, 0, 0]
					}
				},
				"bone17": {
					"rotation": [-2.5, 0, 0]
				},
				"bone15": {
					"rotation": {
						"0.0": [-32.5, 0, 0],
						"0.4167": [-25, 0, 0],
						"0.8333": [-32.5, 0, 0]
					},
					"position": {
						"0.0": [0, 0, 0],
						"0.2083": [0, -1.25, -1.25],
						"0.4167": [0, -0.5, -0.5],
						"0.625": [0, -1.25, -1.25],
						"0.8333": [0, 0, 0]
					}
				},
				"bone16": {
					"rotation": [-2.5, 0, 0]
				},
				"bone3": {
					"rotation": {
						"0.0": [22.5, 0, 0],
						"0.4167": [17.5, 0, 0],
						"0.8333": [22.5, 0, 0]
					}
				},
				"bone4": {
					"rotation": {
						"0.0": [-5.00474, 2.49048, -0.21803],
						"0.4167": [-17.56274, -4.76804, 1.50701],
						"0.8333": [-5.00474, 2.49048, -0.21803]
					}
				},
				"bone5": {
					"rotation": {
						"0.0": [-7.52832, 4.95712, -0.65426],
						"0.3333": [5, 0, 0],
						"0.4167": [2.92779, -4.99351, -0.25506],
						"0.8333": [-7.52832, 4.95712, -0.65426]
					}
				},
				"bone6": {
					"rotation": {
						"0.0": [-20.01754, 2.34914, -0.85553],
						"0.4167": [-10.03742, -4.92385, 0.87038],
						"0.8333": [-20.07031, 4.69776, -1.71394]
					}
				},
				"bone7": {
					"rotation": {
						"0.0": [-10.08453, 7.38542, -1.30962],
						"0.4167": [-15.50409, -14.47751, 3.96713],
						"0.8333": [-10.08453, 7.38542, -1.30962]
					}
				}
			}
		},
		"crouching": {
			"loop": true,
			"animation_length": 0.83333,
			"bones": {
				"bone19": {
					"position": [0, -3.825, 0]
				},
				"bone10": {
					"rotation": {
						"0.0": [20, 0, 0],
						"0.4167": [-57.5, 0, 0],
						"0.8333": [20, 0, 0]
					},
					"position": {
						"0.0": [0, 1, 1],
						"0.125": [0, 1.7, 1],
						"0.25": [0, 2.9, 1],
						"0.5417": [0, 2.45, 1],
						"0.625": [0, 2.44, 1],
						"0.8333": [0, 1, 1]
					}
				},
				"bone11": {
					"rotation": {
						"0.0": [12.5, 0, 0],
						"0.4167": [32.5, 0, 0],
						"0.8333": [12.5, 0, 0]
					}
				},
				"bone14": {
					"rotation": {
						"0.0": [-30, 0, 0],
						"0.4167": [25, 0, 0],
						"0.8333": [-30, 0, 0]
					}
				},
				"bone9": {
					"rotation": {
						"0.0": [-57.5, 0, 0],
						"0.4167": [20, 0, 0],
						"0.8333": [-57.5, 0, 0]
					},
					"position": {
						"0.0": [0, 1, 1],
						"0.125": [0, 1.7, 1],
						"0.25": [0, 2.9, 1],
						"0.5417": [0, 2.45, 1],
						"0.625": [0, 2.44, 1],
						"0.8333": [0, 1, 1]
					}
				},
				"bone12": {
					"rotation": {
						"0.0": [32.5, 0, 0],
						"0.4167": [12.5, 0, 0],
						"0.8333": [32.5, 0, 0]
					}
				},
				"bone13": {
					"rotation": {
						"0.0": [25, 0, 0],
						"0.4167": [-30, 0, 0],
						"0.8333": [25, 0, 0]
					}
				},
				"bone2": {
					"rotation": {
						"0.0": [35, 0, 0],
						"0.4167": [40, 0, 0],
						"0.8333": [35, 0, 0]
					}
				},
				"bone": {
					"rotation": {
						"0.0": [-32.5, 0, 0],
						"0.25": [-32.47528, -1.34295, -2.10886],
						"0.5833": [-32.47528, 1.34295, 2.10886],
						"0.8333": [-32.5, 0, 0]
					},
					"position": [0, 1, -1]
				},
				"bone18": {
					"rotation": {
						"0.0": [-25, 0, 0],
						"0.4167": [-42.5, 0, 0],
						"0.8333": [-25, 0, 0]
					}
				},
				"bone17": {
					"rotation": [-2.5, 0, 0]
				},
				"bone15": {
					"rotation": {
						"0.0": [-42.5, 0, 0],
						"0.4167": [-25, 0, 0],
						"0.8333": [-42.5, 0, 0]
					}
				},
				"bone16": {
					"rotation": [-2.5, 0, 0]
				},
				"bone3": {
					"rotation": {
						"0.0": [22.5, 0, 0],
						"0.4167": [17.5, 0, 0],
						"0.8333": [22.5, 0, 0]
					}
				},
				"bone4": {
					"rotation": {
						"0.0": [-5.00474, 2.49048, -0.21803],
						"0.4167": [-17.56274, -4.76804, 1.50701],
						"0.8333": [-5.00474, 2.49048, -0.21803]
					}
				},
				"bone5": {
					"rotation": {
						"0.0": [-7.52832, 4.95712, -0.65426],
						"0.3333": [5, 0, 0],
						"0.4167": [2.92779, -4.99351, -0.25506],
						"0.8333": [-7.52832, 4.95712, -0.65426]
					}
				},
				"bone6": {
					"rotation": {
						"0.0": [-20.01754, 2.34914, -0.85553],
						"0.4167": [-10.03742, -4.92385, 0.87038],
						"0.8333": [-20.07031, 4.69776, -1.71394]
					}
				},
				"bone7": {
					"rotation": {
						"0.0": [-10.08453, 7.38542, -1.30962],
						"0.4167": [-15.50409, -14.47751, 3.96713],
						"0.8333": [-10.08453, 7.38542, -1.30962]
					}
				}
			}
		},
		"crouching_idle": {
			"loop": true,
			"animation_length": 0.83333,
			"bones": {
				"bone19": {
					"position": [0, -4, 0]
				},
				"bone10": {
					"rotation": {
						"0.0": [-27.5, 0, 0],
						"0.4167": [-27.52235, 2.21738, -1.15495],
						"0.8333": [-27.5, 0, 0]
					}
				},
				"bone11": {
					"rotation": [42.5, 0, 0]
				},
				"bone14": {
					"rotation": [-13.5, 0, 0]
				},
				"bone9": {
					"rotation": {
						"0.0417": [-27.5, 0, 0],
						"0.4167": [-27.52235, -2.21738, 1.15495],
						"0.8333": [-27.5, 0, 0]
					}
				},
				"bone12": {
					"rotation": [42.5, 0, 0]
				},
				"bone13": {
					"rotation": [-17.5, 0, 0]
				},
				"bone2": {
					"rotation": {
						"0.0": [35, 0, 0],
						"0.4167": [40, 0, 0],
						"0.8333": [35, 0, 0]
					}
				},
				"bone": {
					"rotation": {
						"0.0": [-32.5, 0, 0],
						"0.25": [-32.40109, -2.68407, -4.22005],
						"0.5833": [-32.47528, 1.34295, 2.10886],
						"0.8333": [-32.5, 0, 0]
					},
					"position": [0, 1, -1]
				},
				"bone18": {
					"rotation": {
						"0.0": [-25, 0, 0],
						"0.4167": [-37.5, 0, 0],
						"0.8333": [-25, 0, 0]
					}
				},
				"bone17": {
					"rotation": {
						"0.0": [-2.5, 0, 0],
						"0.4167": [-2.53852, -9.99038, 0.44067],
						"0.8333": [-2.5, 0, 0]
					}
				},
				"bone15": {
					"rotation": {
						"0.0": [-25, 0, 0],
						"0.4167": [-37.5, 0, 0],
						"0.8333": [-25, 0, 0]
					}
				},
				"bone16": {
					"rotation": {
						"0.0": [-2.5, 0, 0],
						"0.4167": [-2.53852, 9.99038, -0.44067],
						"0.8333": [-2.5, 0, 0]
					}
				},
				"bone3": {
					"rotation": {
						"0.0": [22.5, 0, 0],
						"0.4167": [17.5, 0, 0],
						"0.8333": [22.5, 0, 0]
					}
				},
				"bone4": {
					"rotation": {
						"0.0": [-5.00474, 2.49048, -0.21803],
						"0.4167": [-17.56274, -4.76804, 1.50701],
						"0.8333": [-5.00474, 2.49048, -0.21803]
					}
				},
				"bone5": {
					"rotation": {
						"0.0": [-7.52832, 4.95712, -0.65426],
						"0.4167": [2.92779, -4.99351, -0.25506],
						"0.8333": [-7.52832, 4.95712, -0.65426]
					}
				},
				"bone6": {
					"rotation": {
						"0.0": [-20.01754, 2.34914, -0.85553],
						"0.4167": [-10.03742, -4.92385, 0.87038],
						"0.8333": [-20.01754, 2.34914, -0.85553]
					}
				},
				"bone7": {
					"rotation": {
						"0.0": [-10.08453, 7.38542, -1.30962],
						"0.4167": [-15.50409, -14.47751, 3.96713],
						"0.8333": [-10.08453, 7.38542, -1.30962]
					}
				}
			}
		}
	},
	"geckolib_format_version": 2
}