{
	"format_version": "1.12.0",
	"minecraft:geometry": [
		{
			"description": {
				"identifier": "geometry.unknown",
				"texture_width": 128,
				"texture_height": 61,
				"visible_bounds_width": 4,
				"visible_bounds_height": 2.5,
				"visible_bounds_offset": [0, 0.75, 0]
			},
			"bones": [
				{
					"name": "BodyDown",
					"pivot": [-6, 10, -5.99],
					"cubes": [
						{
							"origin": [-4.5, 5.15477, 6.81094],
							"size": [9, 6, 5],
							"pivot": [0, 6, 11.01],
							"rotation": [10, 0, 0],
							"uv": {
								"north": {"uv": [96, 0], "uv_size": [9, 6]},
								"east": {"uv": [90, 6], "uv_size": [6, 5]},
								"south": {"uv": [105, 0], "uv_size": [9, 6]},
								"west": {"uv": [105, 6], "uv_size": [6, 5]},
								"up": {"uv": [120, 11], "uv_size": [-9, -5]},
								"down": {"uv": [105, 11], "uv_size": [-9, -5]}
							}
						}
					]
				},
				{
					"name": "LeftLegUp",
					"parent": "BodyDown",
					"pivot": [5, 6, 8],
					"cubes": [
						{
							"origin": [3.6, 5, 7.5],
							"size": [10, 2, 2],
							"uv": {
								"north": {"uv": [0, 0], "uv_size": [10, 2]},
								"east": {"uv": [0, 0], "uv_size": [2, 2]},
								"south": {"uv": [0, 0], "uv_size": [10, 2]},
								"west": {"uv": [0, 0], "uv_size": [2, 2]},
								"up": {"uv": [10, 2], "uv_size": [-10, -2]},
								"down": {"uv": [10, 2], "uv_size": [-10, -2]}
							}
						}
					]
				},
				{
					"name": "LeftLegDown",
					"parent": "LeftLegUp",
					"pivot": [14, 6, 8],
					"cubes": [
						{
							"origin": [13.6, 5, 7.5],
							"size": [11, 2, 2],
							"uv": {
								"north": {"uv": [20, 39], "uv_size": [11, 2]},
								"east": {"uv": [0, 0], "uv_size": [2, 2]},
								"south": {"uv": [28, 37], "uv_size": [11, 2]},
								"west": {"uv": [0, 0], "uv_size": [2, 2]},
								"up": {"uv": [39, 38], "uv_size": [-11, -2]},
								"down": {"uv": [40, 39], "uv_size": [-11, -2]}
							}
						}
					]
				},
				{
					"name": "RightLegUp",
					"parent": "BodyDown",
					"pivot": [-4, 6, 8],
					"cubes": [
						{
							"origin": [-13, 5, 7.5],
							"size": [9, 2, 2],
							"uv": {
								"north": {"uv": [22, 34], "uv_size": [9, 2]},
								"east": {"uv": [24, 36], "uv_size": [2, 2]},
								"south": {"uv": [22, 34], "uv_size": [9, 2]},
								"west": {"uv": [24, 34], "uv_size": [2, 2]},
								"up": {"uv": [34, 36], "uv_size": [-9, -2]},
								"down": {"uv": [32, 36], "uv_size": [-9, -2]}
							}
						}
					]
				},
				{
					"name": "RightLegDown",
					"parent": "RightLegUp",
					"pivot": [-13, 6, 8],
					"cubes": [
						{
							"origin": [-23, 5, 7.5],
							"size": [10, 2, 2],
							"uv": {
								"north": {"uv": [0, 0], "uv_size": [10, 2]},
								"east": {"uv": [0, 0], "uv_size": [2, 2]},
								"south": {"uv": [0, 0], "uv_size": [10, 2]},
								"west": {"uv": [0, 0], "uv_size": [2, 2]},
								"up": {"uv": [15, 44], "uv_size": [-10, -2]},
								"down": {"uv": [10, 2], "uv_size": [-10, -2]}
							}
						}
					]
				},
				{
					"name": "BodyMiddle",
					"parent": "BodyDown",
					"pivot": [0, 10, 4.01],
					"cubes": [
						{
							"origin": [-4, 7, -1.99],
							"size": [8, 5, 10],
							"pivot": [-0.5, 10.5, 2.01],
							"rotation": [-15, 0, 0],
							"uv": {
								"north": {"uv": [0, 0], "uv_size": [8, 5]},
								"east": {"uv": [4, 11], "uv_size": [10, 5]},
								"south": {"uv": [0, 0], "uv_size": [8, 5]},
								"west": {"uv": [11, 8], "uv_size": [10, 5]},
								"up": {"uv": [25, 16], "uv_size": [-8, -10]},
								"down": {"uv": [27, 16], "uv_size": [-8, -10]}
							}
						}
					]
				},
				{
					"name": "BodyUp",
					"parent": "BodyDown",
					"pivot": [0, 10, -1.5],
					"cubes": [
						{
							"origin": [-5, 7, -8],
							"size": [6, 6, 7],
							"pivot": [0, 10, -4.5],
							"rotation": [0, 0, 5],
							"uv": {
								"north": {"uv": [32, 24], "uv_size": [6, 6]},
								"east": {"uv": [26, 24], "uv_size": [7, 6]},
								"south": {"uv": [43, 24], "uv_size": [6, 6]},
								"west": {"uv": [13, 24], "uv_size": [7, 6]},
								"up": {"uv": [38, 24], "uv_size": [-6, -7]},
								"down": {"uv": [42, 25], "uv_size": [-6, -7]}
							}
						},
						{
							"origin": [-1, 7, -7.99],
							"size": [6, 6, 7],
							"pivot": [0, 10, -4.5],
							"rotation": [0, 0, -5],
							"uv": {
								"north": {"uv": [7, 24], "uv_size": [6, 6]},
								"east": {"uv": [11, 18], "uv_size": [7, 6]},
								"south": {"uv": [18, 24], "uv_size": [6, 6]},
								"west": {"uv": [13, 24], "uv_size": [7, 6]},
								"up": {"uv": [13, 24], "uv_size": [-6, -7]},
								"down": {"uv": [17, 24], "uv_size": [-6, -7]}
							}
						}
					]
				},
				{
					"name": "neck",
					"parent": "BodyUp",
					"pivot": [3, 9, -8],
					"cubes": [
						{
							"origin": [-1.6, 9, -9.5],
							"size": [3, 3, 4],
							"pivot": [3, 12, -8],
							"rotation": [-35, 0, 0],
							"uv": {
								"north": {"uv": [0, 0], "uv_size": [3, 3]},
								"east": {"uv": [55, 3], "uv_size": [3, 4]},
								"south": {"uv": [0, 0], "uv_size": [3, 3]},
								"west": {"uv": [64, 3], "uv_size": [3, 4]},
								"up": {"uv": [61, 8], "uv_size": [-3, -4]},
								"down": {"uv": [64, 3], "uv_size": [-4, -3]}
							}
						}
					]
				},
				{
					"name": "head",
					"parent": "neck",
					"pivot": [0, 11, -10],
					"cubes": [
						{
							"origin": [-1, 13, -17],
							"size": [2, 2, 1],
							"uv": {
								"north": {"uv": [66, 19], "uv_size": [2, 2]},
								"east": {"uv": [66, 19], "uv_size": [1, 2]},
								"south": {"uv": [0, 0], "uv_size": [2, 2]},
								"west": {"uv": [66, 19], "uv_size": [1, 2]},
								"up": {"uv": [2, 1], "uv_size": [-2, -1]},
								"down": {"uv": [2, 1], "uv_size": [-2, -1]}
							}
						},
						{
							"origin": [-4, 12, -16],
							"size": [8, 5, 7],
							"uv": {
								"north": {"uv": [63, 17], "uv_size": [8, 5]},
								"east": {"uv": [55, 17], "uv_size": [7, 5]},
								"south": {"uv": [79, 17], "uv_size": [8, 5]},
								"west": {"uv": [72, 17], "uv_size": [7, 5]},
								"up": {"uv": [71, 17], "uv_size": [-8, -7]},
								"down": {"uv": [79, 17], "uv_size": [-8, -7]}
							}
						},
						{
							"origin": [-3.6, 10, -12],
							"size": [7, 2, 3],
							"uv": {
								"north": {"uv": [58, 27], "uv_size": [7, 2]},
								"east": {"uv": [55, 27], "uv_size": [3, 2]},
								"south": {"uv": [67, 27], "uv_size": [7, 2]},
								"west": {"uv": [63, 27], "uv_size": [3, 2]},
								"up": {"uv": [7, 3], "uv_size": [-7, -3]},
								"down": {"uv": [65, 26], "uv_size": [-7, -3]}
							}
						},
						{
							"origin": [-4, 15, -17],
							"size": [8, 2, 1],
							"uv": {
								"north": {"uv": [63, 17], "uv_size": [8, 2]},
								"east": {"uv": [62, 17], "uv_size": [1, 2]},
								"south": {"uv": [0, 0], "uv_size": [8, 2]},
								"west": {"uv": [70, 17], "uv_size": [1, 2]},
								"up": {"uv": [71, 17], "uv_size": [-8, -1]},
								"down": {"uv": [71, 18], "uv_size": [-8, -1]}
							}
						},
						{
							"origin": [-4, 12, -17],
							"size": [8, 1, 1],
							"uv": {
								"north": {"uv": [63, 21], "uv_size": [8, 1]},
								"east": {"uv": [62, 21], "uv_size": [1, 1]},
								"south": {"uv": [0, 0], "uv_size": [8, 1]},
								"west": {"uv": [70, 21], "uv_size": [1, 1]},
								"up": {"uv": [71, 18], "uv_size": [-8, -1]},
								"down": {"uv": [79, 17], "uv_size": [-8, -1]}
							}
						},
						{
							"origin": [-4, 13, -17],
							"size": [1, 2, 1],
							"uv": {
								"north": {"uv": [70, 19], "uv_size": [1, 2]},
								"east": {"uv": [62, 19], "uv_size": [1, 2]},
								"south": {"uv": [0, 0], "uv_size": [1, 2]},
								"west": {"uv": [66, 19], "uv_size": [1, 2]},
								"up": {"uv": [1, 1], "uv_size": [-1, -1]},
								"down": {"uv": [1, 1], "uv_size": [-1, -1]}
							}
						},
						{
							"origin": [3, 13, -17],
							"size": [1, 2, 1],
							"uv": {
								"north": {"uv": [70, 19], "uv_size": [1, 2]},
								"east": {"uv": [66, 19], "uv_size": [1, 2]},
								"south": {"uv": [0, 0], "uv_size": [1, 2]},
								"west": {"uv": [70, 19], "uv_size": [1, 2]},
								"up": {"uv": [1, 1], "uv_size": [-1, -1]},
								"down": {"uv": [1, 1], "uv_size": [-1, -1]}
							}
						},
						{
							"origin": [-2.7, 11, -16.5],
							"size": [2, 1, 0.1],
							"uv": {
								"north": {"uv": [85, 36], "uv_size": [2, 1]},
								"east": {"uv": [85, 36], "uv_size": [0.1, 1]},
								"south": {"uv": [85, 36], "uv_size": [2, 1]},
								"west": {"uv": [85, 36], "uv_size": [0.1, 1]},
								"up": {"uv": [87, 36.1], "uv_size": [-2, -0.1]},
								"down": {"uv": [87, 36.1], "uv_size": [-2, -0.1]}
							}
						},
						{
							"origin": [0.3, 11, -16.5],
							"size": [2, 1, 0.1],
							"uv": {
								"north": {"uv": [85, 36], "uv_size": [2, 1]},
								"east": {"uv": [85, 36], "uv_size": [0.1, 1]},
								"south": {"uv": [85, 36], "uv_size": [2, 1]},
								"west": {"uv": [85, 36], "uv_size": [0.1, 1]},
								"up": {"uv": [87, 36.1], "uv_size": [-2, -0.1]},
								"down": {"uv": [87, 36.1], "uv_size": [-2, -0.1]}
							}
						},
						{
							"origin": [2.3, 11, -15.5],
							"size": [0.1, 1, 1.1],
							"uv": {
								"north": {"uv": [85, 36], "uv_size": [0.1, 1]},
								"east": {"uv": [85, 36], "uv_size": [1.1, 1]},
								"south": {"uv": [85, 36], "uv_size": [0.1, 1]},
								"west": {"uv": [85, 36], "uv_size": [1.1, 1]},
								"up": {"uv": [85.1, 37.1], "uv_size": [-0.1, -1.1]},
								"down": {"uv": [85.1, 37.1], "uv_size": [-0.1, -1.1]}
							}
						},
						{
							"origin": [2.3, 11, -13.5],
							"size": [0.1, 1, 1.1],
							"uv": {
								"north": {"uv": [85, 36], "uv_size": [0.1, 1]},
								"east": {"uv": [85, 36], "uv_size": [1.1, 1]},
								"south": {"uv": [85, 36], "uv_size": [0.1, 1]},
								"west": {"uv": [85, 36], "uv_size": [1.1, 1]},
								"up": {"uv": [85.1, 37.1], "uv_size": [-0.1, -1.1]},
								"down": {"uv": [85.1, 37.1], "uv_size": [-0.1, -1.1]}
							}
						},
						{
							"origin": [-2.7, 11, -14.5],
							"size": [0.1, 1, 2.1],
							"uv": {
								"north": {"uv": [85, 36], "uv_size": [0.1, 1]},
								"east": {"uv": [85, 36], "uv_size": [2.1, 1]},
								"south": {"uv": [85, 36], "uv_size": [0.1, 1]},
								"west": {"uv": [85, 36], "uv_size": [2.1, 1]},
								"up": {"uv": [85.1, 38.1], "uv_size": [-0.1, -2.1]},
								"down": {"uv": [85.1, 38.1], "uv_size": [-0.1, -2.1]}
							}
						},
						{
							"origin": [-4.8, 7.4, -17.3],
							"size": [9, 10, 9],
							"uv": {
								"north": {"uv": [49, 51], "uv_size": [9, 10]},
								"east": {"uv": [40, 51], "uv_size": [9, 10]},
								"south": {"uv": [67, 51], "uv_size": [9, 10]},
								"west": {"uv": [58, 51], "uv_size": [9, 10]},
								"up": {"uv": [58, 51], "uv_size": [-9, -9]},
								"down": {"uv": [67, 51], "uv_size": [-9, -9]}
							}
						}
					]
				},
				{
					"name": "jaw",
					"parent": "head",
					"pivot": [-4.35714, 9.58571, -9.84286],
					"rotation": [38, 0, 0],
					"cubes": [
						{
							"origin": [-3, 9.5903, -16.55572],
							"size": [6, 2, 7],
							"uv": {
								"north": {"uv": [62, 37], "uv_size": [6, 2]},
								"east": {"uv": [55, 37], "uv_size": [7, 2]},
								"south": {"uv": [74, 37], "uv_size": [6, 2]},
								"west": {"uv": [68, 37], "uv_size": [7, 2]},
								"up": {"uv": [68, 37], "uv_size": [-6, -7]},
								"down": {"uv": [74, 37], "uv_size": [-6, -7]}
							}
						},
						{
							"origin": [2.3, 11.5903, -16.05572],
							"size": [0.1, 1, 1.1],
							"uv": {
								"north": {"uv": [85, 36], "uv_size": [0.1, 1]},
								"east": {"uv": [85, 36], "uv_size": [1.1, 1]},
								"south": {"uv": [85, 36], "uv_size": [0.1, 1]},
								"west": {"uv": [85, 36], "uv_size": [1.1, 1]},
								"up": {"uv": [85.1, 37.1], "uv_size": [-0.1, -1.1]},
								"down": {"uv": [85.1, 37.1], "uv_size": [-0.1, -1.1]}
							}
						},
						{
							"origin": [2.3, 11.5903, -14.05572],
							"size": [0.1, 1, 2.1],
							"uv": {
								"north": {"uv": [85, 36], "uv_size": [0.1, 1]},
								"east": {"uv": [85, 36], "uv_size": [2.1, 1]},
								"south": {"uv": [85, 36], "uv_size": [0.1, 1]},
								"west": {"uv": [85, 36], "uv_size": [2.1, 1]},
								"up": {"uv": [85.1, 38.1], "uv_size": [-0.1, -2.1]},
								"down": {"uv": [85.1, 38.1], "uv_size": [-0.1, -2.1]}
							}
						},
						{
							"origin": [-0.7, 11.5903, -16.05572],
							"size": [2, 1, 0.1],
							"uv": {
								"north": {"uv": [85, 36], "uv_size": [2, 1]},
								"east": {"uv": [85, 36], "uv_size": [0.1, 1]},
								"south": {"uv": [85, 36], "uv_size": [2, 1]},
								"west": {"uv": [85, 36], "uv_size": [0.1, 1]},
								"up": {"uv": [87, 36.1], "uv_size": [-2, -0.1]},
								"down": {"uv": [87, 36.1], "uv_size": [-2, -0.1]}
							}
						},
						{
							"origin": [-2.7, 11.5903, -16.05572],
							"size": [1, 1, 0.1],
							"uv": {
								"north": {"uv": [85, 36], "uv_size": [1, 1]},
								"east": {"uv": [85, 36], "uv_size": [0.1, 1]},
								"south": {"uv": [85, 36], "uv_size": [1, 1]},
								"west": {"uv": [85, 36], "uv_size": [0.1, 1]},
								"up": {"uv": [86, 36.1], "uv_size": [-1, -0.1]},
								"down": {"uv": [86, 36.1], "uv_size": [-1, -0.1]}
							}
						},
						{
							"origin": [-2.7, 11.5903, -15.25572],
							"size": [0.1, 1, 1.1],
							"uv": {
								"north": {"uv": [85, 36], "uv_size": [0.1, 1]},
								"east": {"uv": [85, 36], "uv_size": [1.1, 1]},
								"south": {"uv": [85, 36], "uv_size": [0.1, 1]},
								"west": {"uv": [85, 36], "uv_size": [1.1, 1]},
								"up": {"uv": [85.1, 37.1], "uv_size": [-0.1, -1.1]},
								"down": {"uv": [85.1, 37.1], "uv_size": [-0.1, -1.1]}
							}
						},
						{
							"origin": [-2.7, 11.5903, -13.05572],
							"size": [0.1, 1, 1.1],
							"uv": {
								"north": {"uv": [85, 36], "uv_size": [0.1, 1]},
								"east": {"uv": [85, 36], "uv_size": [1.1, 1]},
								"south": {"uv": [85, 36], "uv_size": [0.1, 1]},
								"west": {"uv": [85, 36], "uv_size": [1.1, 1]},
								"up": {"uv": [85.1, 37.1], "uv_size": [-0.1, -1.1]},
								"down": {"uv": [85.1, 37.1], "uv_size": [-0.1, -1.1]}
							}
						}
					]
				},
				{
					"name": "leftEye",
					"parent": "head",
					"pivot": [1.5, 13.5, -16.1],
					"cubes": [
						{
							"origin": [1, 13, -16.2],
							"size": [1, 1, 0.2],
							"uv": {
								"north": {"uv": [0, 60], "uv_size": [1, 1]},
								"east": {"uv": [0, 60], "uv_size": [0.2, 1]},
								"south": {"uv": [0, 60], "uv_size": [1, 1]},
								"west": {"uv": [0, 60], "uv_size": [0.2, 1]},
								"up": {"uv": [1, 60.2], "uv_size": [-1, -0.2]},
								"down": {"uv": [1, 60.2], "uv_size": [-1, -0.2]}
							}
						}
					]
				},
				{
					"name": "rightEye",
					"parent": "head",
					"pivot": [-1.5, 13.5, -16.1],
					"cubes": [
						{
							"origin": [-2, 13, -16.2],
							"size": [1, 1, 0.2],
							"uv": {
								"north": {"uv": [0, 60], "uv_size": [1, 1]},
								"east": {"uv": [0, 60], "uv_size": [0.2, 1]},
								"south": {"uv": [0, 60], "uv_size": [1, 1]},
								"west": {"uv": [0, 60], "uv_size": [0.2, 1]},
								"up": {"uv": [1, 60.2], "uv_size": [-1, -0.2]},
								"down": {"uv": [1, 60.2], "uv_size": [-1, -0.2]}
							}
						}
					]
				},
				{
					"name": "LeftArmUp",
					"parent": "BodyUp",
					"pivot": [5, 10, -6],
					"cubes": [
						{
							"origin": [4, 9, -7],
							"size": [11, 2, 2],
							"uv": {
								"north": {"uv": [3, 37], "uv_size": [11, 2]},
								"east": {"uv": [2, 37], "uv_size": [2, 2]},
								"south": {"uv": [3, 36], "uv_size": [11, 2]},
								"west": {"uv": [3, 37], "uv_size": [2, 2]},
								"up": {"uv": [15, 38], "uv_size": [-11, -2]},
								"down": {"uv": [13, 39], "uv_size": [-11, -2]}
							}
						}
					]
				},
				{
					"name": "LeftArmDown",
					"parent": "LeftArmUp",
					"pivot": [15, 10, -6],
					"cubes": [
						{
							"origin": [15, 9, -7],
							"size": [10, 2, 2],
							"uv": {
								"north": {"uv": [21, 39], "uv_size": [10, 2]},
								"east": {"uv": [23, 36], "uv_size": [2, 2]},
								"south": {"uv": [21, 37], "uv_size": [10, 2]},
								"west": {"uv": [21, 36], "uv_size": [2, 2]},
								"up": {"uv": [38, 38], "uv_size": [-10, -2]},
								"down": {"uv": [31, 38], "uv_size": [-10, -2]}
							}
						}
					]
				},
				{
					"name": "rightArmUp",
					"parent": "BodyUp",
					"pivot": [-5, 10, -6],
					"cubes": [
						{
							"origin": [-14, 9, -7],
							"size": [9, 2, 2],
							"uv": {
								"north": {"uv": [4, 36], "uv_size": [9, 2]},
								"east": {"uv": [0, 0], "uv_size": [2, 2]},
								"south": {"uv": [0, 0], "uv_size": [9, 2]},
								"west": {"uv": [0, 0], "uv_size": [2, 2]},
								"up": {"uv": [9, 2], "uv_size": [-9, -2]},
								"down": {"uv": [9, 2], "uv_size": [-9, -2]}
							}
						}
					]
				},
				{
					"name": "rightArmDown",
					"parent": "rightArmUp",
					"pivot": [-14, 10, -6],
					"cubes": [
						{
							"origin": [-24, 9, -7],
							"size": [10, 2, 2],
							"uv": {
								"north": {"uv": [3, 38], "uv_size": [10, 2]},
								"east": {"uv": [3, 39], "uv_size": [2, 2]},
								"south": {"uv": [2, 36], "uv_size": [10, 2]},
								"west": {"uv": [3, 34], "uv_size": [2, 2]},
								"up": {"uv": [13, 38], "uv_size": [-10, -2]},
								"down": {"uv": [13, 39], "uv_size": [-10, -2]}
							}
						}
					]
				}
			]
		}
	]
}