{
	"format_version": "1.12.0",
	"minecraft:geometry": [
		{
			"description": {
				"identifier": "geometry.unknown",
				"texture_width": 128,
				"texture_height": 128,
				"visible_bounds_width": 6,
				"visible_bounds_height": 4.5,
				"visible_bounds_offset": [0, 1.75, 0]
			},
			"bones": [
				{
					"name": "bone19",
					"pivot": [0, 0, 0]
				},
				{
					"name": "bone8",
					"parent": "bone19",
					"pivot": [-0.25, 21.25, 9],
					"cubes": [
						{
							"origin": [-5.5, 17.75, 2],
							"size": [11, 6.25, 6],
							"pivot": [0, -8, 7],
							"rotation": [-7.5, 0, 0],
							"uv": {
								"north": {"uv": [0, 20], "uv_size": [11, 6]},
								"east": {"uv": [53, 16], "uv_size": [6, 6]},
								"south": {"uv": [0, 20], "uv_size": [11, 6]},
								"west": {"uv": [53, 16], "uv_size": [6, 6]},
								"up": {"uv": [0, 20], "uv_size": [11, 6]},
								"down": {"uv": [0, 26], "uv_size": [11, -6]}
							}
						},
						{
							"origin": [-7.25, 17.25, 8],
							"size": [14.5, 2.75, 2.75],
							"uv": {
								"north": {"uv": [41, 34], "uv_size": [15, 3]},
								"east": {"uv": [16, 72], "uv_size": [3, 3]},
								"south": {"uv": [41, 37], "uv_size": [15, 3]},
								"west": {"uv": [72, 37], "uv_size": [3, 3]},
								"up": {"uv": [42, 24], "uv_size": [15, 3]},
								"down": {"uv": [42, 43], "uv_size": [15, -3]}
							}
						},
						{
							"origin": [-6.75, 17, 7.75],
							"size": [13.5, 3.25, 3.25],
							"uv": {
								"north": {"uv": [47, 0], "uv_size": [14, 3]},
								"east": {"uv": [71, 57], "uv_size": [3, 3]},
								"south": {"uv": [47, 0], "uv_size": [14, 3]},
								"west": {"uv": [71, 57], "uv_size": [3, 3]},
								"up": {"uv": [47, 0], "uv_size": [14, 3]},
								"down": {"uv": [47, 3], "uv_size": [14, -3]}
							}
						}
					]
				},
				{
					"name": "bone10",
					"parent": "bone8",
					"pivot": [-4, 19, 7],
					"cubes": [
						{
							"origin": [-6, 9.5, 3.75],
							"size": [4, 3.5, 2.25],
							"pivot": [2, 0, 6],
							"rotation": [5, 0, 0],
							"uv": {
								"north": {"uv": [46, 66], "uv_size": [4, 4]},
								"east": {"uv": [31, 14], "uv_size": [2, 4]},
								"south": {"uv": [50, 66], "uv_size": [4, 4]},
								"west": {"uv": [16, 33], "uv_size": [2, 4]},
								"up": {"uv": [26, 73], "uv_size": [4, 2]},
								"down": {"uv": [73, 30], "uv_size": [4, -2]}
							}
						},
						{
							"origin": [-5.75, 5.75, 17],
							"size": [3.5, 2.5, 10],
							"pivot": [-10, -3, 7],
							"rotation": [60, 0, 0],
							"uv": {
								"north": {"uv": [69, 49], "uv_size": [4, 3]},
								"east": {"uv": [57, 38], "uv_size": [10, 3]},
								"south": {"uv": [69, 52], "uv_size": [4, 3]},
								"west": {"uv": [57, 38], "uv_size": [10, 3]},
								"up": {"uv": [11, 45], "uv_size": [4, 10]},
								"down": {"uv": [28, 58], "uv_size": [4, -10]}
							}
						}
					]
				},
				{
					"name": "bone11",
					"parent": "bone10",
					"pivot": [-4, 11, 3.25],
					"cubes": [
						{
							"origin": [-5.8, -0.25, -3],
							"size": [3.6, 2.5, 10.5],
							"pivot": [-10, 0, 8],
							"rotation": [-60, 0, 0],
							"uv": {
								"north": {"uv": [69, 46], "uv_size": [4, 3]},
								"east": {"uv": [56, 54], "uv_size": [11, 3]},
								"south": {"uv": [69, 46], "uv_size": [4, 3]},
								"west": {"uv": [57, 22], "uv_size": [11, 3]},
								"up": {"uv": [24, 44], "uv_size": [4, 11]},
								"down": {"uv": [24, 55], "uv_size": [4, -11]}
							}
						},
						{
							"origin": [-6.25, 9.5, 3],
							"size": [4.5, 2.5, 2.5],
							"pivot": [2, 0, 6],
							"rotation": [5, 0, 0],
							"uv": {
								"north": {"uv": [66, 57], "uv_size": [5, 3]},
								"east": {"uv": [10, 71], "uv_size": [3, 3]},
								"south": {"uv": [67, 37], "uv_size": [5, 3]},
								"west": {"uv": [23, 71], "uv_size": [3, 3]},
								"up": {"uv": [67, 63], "uv_size": [5, 3]},
								"down": {"uv": [68, 18], "uv_size": [5, -3]}
							}
						}
					]
				},
				{
					"name": "bone14",
					"parent": "bone11",
					"pivot": [-4, 2.25, 7.75],
					"cubes": [
						{
							"origin": [-6, 0.25, 5],
							"size": [4, 2, 4],
							"pivot": [2, 0, 8],
							"rotation": [5, 0, 0],
							"uv": {
								"north": {"uv": [53, 22], "uv_size": [4, 2]},
								"east": {"uv": [67, 72], "uv_size": [4, 2]},
								"south": {"uv": [0, 73], "uv_size": [4, 2]},
								"west": {"uv": [4, 73], "uv_size": [4, 2]},
								"up": {"uv": [18, 26], "uv_size": [4, 4]},
								"down": {"uv": [30, 41], "uv_size": [4, -4]}
							}
						},
						{
							"origin": [-5.7499, 0, 3],
							"size": [0.9999, 1.5, 2],
							"uv": {
								"north": {"uv": [76, 5], "uv_size": [1, 2]},
								"east": {"uv": [16, 75], "uv_size": [2, 2]},
								"south": {"uv": [76, 7], "uv_size": [1, 2]},
								"west": {"uv": [26, 75], "uv_size": [2, 2]},
								"up": {"uv": [8, 76], "uv_size": [1, 2]},
								"down": {"uv": [9, 78], "uv_size": [1, -2]}
							}
						},
						{
							"origin": [-4.4999, 0, 3],
							"size": [0.9999, 1.5, 2],
							"uv": {
								"north": {"uv": [76, 9], "uv_size": [1, 2]},
								"east": {"uv": [28, 75], "uv_size": [2, 2]},
								"south": {"uv": [76, 11], "uv_size": [1, 2]},
								"west": {"uv": [75, 33], "uv_size": [2, 2]},
								"up": {"uv": [19, 76], "uv_size": [1, 2]},
								"down": {"uv": [20, 78], "uv_size": [1, -2]}
							}
						},
						{
							"origin": [-3.2499, 0, 3],
							"size": [0.9999, 1.5, 2],
							"uv": {
								"north": {"uv": [21, 76], "uv_size": [1, 2]},
								"east": {"uv": [34, 75], "uv_size": [2, 2]},
								"south": {"uv": [22, 76], "uv_size": [1, 2]},
								"west": {"uv": [75, 35], "uv_size": [2, 2]},
								"up": {"uv": [23, 76], "uv_size": [1, 2]},
								"down": {"uv": [76, 26], "uv_size": [1, -2]}
							}
						},
						{
							"origin": [-5.4999, 0, 1.75],
							"size": [0.4999, 0.75, 1.25],
							"uv": {
								"north": {"uv": [11, 77], "uv_size": [1, 1]},
								"east": {"uv": [77, 11], "uv_size": [1, 1]},
								"south": {"uv": [12, 77], "uv_size": [1, 1]},
								"west": {"uv": [77, 12], "uv_size": [1, 1]},
								"up": {"uv": [13, 77], "uv_size": [1, 1]},
								"down": {"uv": [14, 78], "uv_size": [1, -1]}
							}
						},
						{
							"origin": [-4.2499, 0, 1.75],
							"size": [0.4999, 0.75, 1.25],
							"uv": {
								"north": {"uv": [15, 77], "uv_size": [1, 1]},
								"east": {"uv": [16, 77], "uv_size": [1, 1]},
								"south": {"uv": [77, 16], "uv_size": [1, 1]},
								"west": {"uv": [17, 77], "uv_size": [1, 1]},
								"up": {"uv": [77, 17], "uv_size": [1, 1]},
								"down": {"uv": [77, 19], "uv_size": [1, -1]}
							}
						},
						{
							"origin": [-2.9999, 0, 1.75],
							"size": [0.4999, 0.75, 1.25],
							"uv": {
								"north": {"uv": [77, 19], "uv_size": [1, 1]},
								"east": {"uv": [77, 20], "uv_size": [1, 1]},
								"south": {"uv": [77, 21], "uv_size": [1, 1]},
								"west": {"uv": [77, 22], "uv_size": [1, 1]},
								"up": {"uv": [77, 23], "uv_size": [1, 1]},
								"down": {"uv": [24, 78], "uv_size": [1, -1]}
							}
						}
					]
				},
				{
					"name": "bone9",
					"parent": "bone8",
					"pivot": [4, 19, 6],
					"cubes": [
						{
							"origin": [2, 9.5, 3.75],
							"size": [4, 3.5, 2.25],
							"pivot": [10, 0, 6],
							"rotation": [5, 0, 0],
							"uv": {
								"north": {"uv": [46, 66], "uv_size": [4, 4]},
								"east": {"uv": [31, 14], "uv_size": [2, 4]},
								"south": {"uv": [50, 66], "uv_size": [4, 4]},
								"west": {"uv": [16, 33], "uv_size": [2, 4]},
								"up": {"uv": [26, 73], "uv_size": [4, 2]},
								"down": {"uv": [73, 30], "uv_size": [4, -2]}
							}
						},
						{
							"origin": [2.25, 5.75, 17],
							"size": [3.5, 2.5, 10],
							"pivot": [-2, -3, 7],
							"rotation": [60, 0, 0],
							"uv": {
								"north": {"uv": [69, 49], "uv_size": [4, 3]},
								"east": {"uv": [57, 38], "uv_size": [10, 3]},
								"south": {"uv": [69, 52], "uv_size": [4, 3]},
								"west": {"uv": [57, 38], "uv_size": [10, 3]},
								"up": {"uv": [11, 45], "uv_size": [4, 10]},
								"down": {"uv": [28, 58], "uv_size": [4, -10]}
							}
						}
					]
				},
				{
					"name": "bone12",
					"parent": "bone9",
					"pivot": [4, 11, 3.25],
					"cubes": [
						{
							"origin": [1.75, 9.67431, 3.00761],
							"size": [4.5, 2.5, 2.5],
							"pivot": [2, 0, 8],
							"rotation": [5, 0, 0],
							"uv": {
								"north": {"uv": [66, 57], "uv_size": [5, 3]},
								"east": {"uv": [10, 71], "uv_size": [3, 3]},
								"south": {"uv": [67, 37], "uv_size": [5, 3]},
								"west": {"uv": [23, 71], "uv_size": [3, 3]},
								"up": {"uv": [67, 63], "uv_size": [5, 3]},
								"down": {"uv": [68, 18], "uv_size": [5, -3]}
							}
						},
						{
							"origin": [2.2, -0.25, -3],
							"size": [3.6, 2.5, 10.5],
							"pivot": [2, 0, 8],
							"rotation": [-60, 0, 0],
							"uv": {
								"north": {"uv": [69, 46], "uv_size": [4, 3]},
								"east": {"uv": [56, 54], "uv_size": [11, 3]},
								"south": {"uv": [69, 46], "uv_size": [4, 3]},
								"west": {"uv": [57, 22], "uv_size": [11, 3]},
								"up": {"uv": [24, 44], "uv_size": [4, 11]},
								"down": {"uv": [24, 55], "uv_size": [4, -11]}
							}
						}
					]
				},
				{
					"name": "bone13",
					"parent": "bone12",
					"pivot": [4, 2.25, 7.75],
					"cubes": [
						{
							"origin": [2, 0.25, 5],
							"size": [4, 2, 4],
							"pivot": [10, 0, 8],
							"rotation": [5, 0, 0],
							"uv": {
								"north": {"uv": [53, 22], "uv_size": [4, 2]},
								"east": {"uv": [67, 72], "uv_size": [4, 2]},
								"south": {"uv": [0, 73], "uv_size": [4, 2]},
								"west": {"uv": [4, 73], "uv_size": [4, 2]},
								"up": {"uv": [18, 26], "uv_size": [4, 4]},
								"down": {"uv": [30, 41], "uv_size": [4, -4]}
							}
						},
						{
							"origin": [2.2501, 0, 3],
							"size": [0.9999, 1.5, 2],
							"uv": {
								"north": {"uv": [76, 5], "uv_size": [1, 2]},
								"east": {"uv": [16, 75], "uv_size": [2, 2]},
								"south": {"uv": [76, 7], "uv_size": [1, 2]},
								"west": {"uv": [26, 75], "uv_size": [2, 2]},
								"up": {"uv": [8, 76], "uv_size": [1, 2]},
								"down": {"uv": [9, 78], "uv_size": [1, -2]}
							}
						},
						{
							"origin": [3.5001, 0, 3],
							"size": [0.9999, 1.5, 2],
							"uv": {
								"north": {"uv": [76, 9], "uv_size": [1, 2]},
								"east": {"uv": [28, 75], "uv_size": [2, 2]},
								"south": {"uv": [76, 11], "uv_size": [1, 2]},
								"west": {"uv": [75, 33], "uv_size": [2, 2]},
								"up": {"uv": [19, 76], "uv_size": [1, 2]},
								"down": {"uv": [20, 78], "uv_size": [1, -2]}
							}
						},
						{
							"origin": [4.7501, 0, 3],
							"size": [0.9999, 1.5, 2],
							"uv": {
								"north": {"uv": [21, 76], "uv_size": [1, 2]},
								"east": {"uv": [34, 75], "uv_size": [2, 2]},
								"south": {"uv": [22, 76], "uv_size": [1, 2]},
								"west": {"uv": [75, 35], "uv_size": [2, 2]},
								"up": {"uv": [23, 76], "uv_size": [1, 2]},
								"down": {"uv": [76, 26], "uv_size": [1, -2]}
							}
						},
						{
							"origin": [2.5001, 0, 1.75],
							"size": [0.4999, 0.75, 1.25],
							"uv": {
								"north": {"uv": [11, 77], "uv_size": [1, 1]},
								"east": {"uv": [77, 11], "uv_size": [1, 1]},
								"south": {"uv": [12, 77], "uv_size": [1, 1]},
								"west": {"uv": [77, 12], "uv_size": [1, 1]},
								"up": {"uv": [13, 77], "uv_size": [1, 1]},
								"down": {"uv": [14, 78], "uv_size": [1, -1]}
							}
						},
						{
							"origin": [3.7501, 0, 1.75],
							"size": [0.4999, 0.75, 1.25],
							"uv": {
								"north": {"uv": [15, 77], "uv_size": [1, 1]},
								"east": {"uv": [16, 77], "uv_size": [1, 1]},
								"south": {"uv": [77, 16], "uv_size": [1, 1]},
								"west": {"uv": [17, 77], "uv_size": [1, 1]},
								"up": {"uv": [77, 17], "uv_size": [1, 1]},
								"down": {"uv": [77, 19], "uv_size": [1, -1]}
							}
						},
						{
							"origin": [5.0001, 0, 1.75],
							"size": [0.4999, 0.75, 1.25],
							"uv": {
								"north": {"uv": [77, 19], "uv_size": [1, 1]},
								"east": {"uv": [77, 20], "uv_size": [1, 1]},
								"south": {"uv": [77, 21], "uv_size": [1, 1]},
								"west": {"uv": [77, 22], "uv_size": [1, 1]},
								"up": {"uv": [77, 23], "uv_size": [1, 1]},
								"down": {"uv": [24, 78], "uv_size": [1, -1]}
							}
						}
					]
				},
				{
					"name": "bone2",
					"parent": "bone19",
					"pivot": [0, 23, 9],
					"cubes": [
						{
							"origin": [-2.5, -1.1, -39.9],
							"size": [5.1, 5, 8.45],
							"pivot": [0, -7, 8],
							"rotation": [-67.5, 0, 0],
							"uv": {
								"north": {"uv": [0, 61], "uv_size": [5, 5]},
								"east": {"uv": [51, 43], "uv_size": [8, 5]},
								"south": {"uv": [61, 3], "uv_size": [5, 5]},
								"west": {"uv": [53, 3], "uv_size": [8, 5]},
								"up": {"uv": [0, 53], "uv_size": [5, 8]},
								"down": {"uv": [53, 16], "uv_size": [5, -8]}
							}
						},
						{
							"origin": [-5.2, 6.45, -30.9],
							"size": [10.5, 6.2, 10.45],
							"pivot": [0, -7, 8],
							"rotation": [-55, 0, 0],
							"uv": {
								"north": {"uv": [20, 12], "uv_size": [11, 6]},
								"east": {"uv": [22, 24], "uv_size": [10, 6]},
								"south": {"uv": [22, 18], "uv_size": [11, 6]},
								"west": {"uv": [22, 24], "uv_size": [10, 6]},
								"up": {"uv": [0, 0], "uv_size": [11, 10]},
								"down": {"uv": [0, 20], "uv_size": [11, -10]}
							}
						},
						{
							"origin": [-5.75, 26, 22.75],
							"size": [11.5, 4.25, 4.25],
							"pivot": [0.5, -8, 6],
							"rotation": [35, 0, 0],
							"uv": {
								"north": {"uv": [41, 12], "uv_size": [12, 4]},
								"east": {"uv": [62, 66], "uv_size": [4, 4]},
								"south": {"uv": [41, 16], "uv_size": [12, 4]},
								"west": {"uv": [66, 66], "uv_size": [4, 4]},
								"up": {"uv": [41, 20], "uv_size": [12, 4]},
								"down": {"uv": [30, 45], "uv_size": [12, -4]}
							}
						},
						{
							"origin": [-4.35, 13.25, -16.9],
							"size": [8.8, 5.4, 10.25],
							"pivot": [0, -7, 8],
							"rotation": [-42.5, 0, 0],
							"uv": {
								"north": {"uv": [7, 40], "uv_size": [9, 5]},
								"east": {"uv": [34, 29], "uv_size": [10, 5]},
								"south": {"uv": [42, 43], "uv_size": [9, 5]},
								"west": {"uv": [34, 29], "uv_size": [10, 5]},
								"up": {"uv": [11, 0], "uv_size": [9, 10]},
								"down": {"uv": [11, 20], "uv_size": [9, -10]}
							}
						},
						{
							"origin": [-1.5, 1.9, -39.9],
							"size": [3.1, 3, 7.45],
							"pivot": [0, -7, 8],
							"rotation": [-67.5, 0, 0],
							"uv": {
								"north": {"uv": [72, 62], "uv_size": [3, 3]},
								"east": {"uv": [53, 63], "uv_size": [7, 3]},
								"south": {"uv": [64, 72], "uv_size": [3, 3]},
								"west": {"uv": [60, 63], "uv_size": [7, 3]},
								"up": {"uv": [5, 63], "uv_size": [3, 7]},
								"down": {"uv": [24, 71], "uv_size": [3, -7]}
							}
						},
						{
							"origin": [-1.7, 10.45, -29.9],
							"size": [3.5, 3.2, 7.45],
							"pivot": [0, -7, 8],
							"rotation": [-55, 0, 0],
							"uv": {
								"north": {"uv": [70, 3], "uv_size": [4, 3]},
								"east": {"uv": [63, 34], "uv_size": [7, 3]},
								"south": {"uv": [4, 70], "uv_size": [4, 3]},
								"west": {"uv": [46, 63], "uv_size": [7, 3]},
								"up": {"uv": [5, 56], "uv_size": [4, 7]},
								"down": {"uv": [58, 32], "uv_size": [4, -7]}
							}
						},
						{
							"origin": [-1.6, 16.75, -17.9],
							"size": [3.3, 3.2, 9.25],
							"pivot": [0, -7, 8],
							"rotation": [-42.5, 0, 0],
							"uv": {
								"north": {"uv": [58, 72], "uv_size": [3, 3]},
								"east": {"uv": [59, 17], "uv_size": [9, 3]},
								"south": {"uv": [61, 72], "uv_size": [3, 3]},
								"west": {"uv": [59, 41], "uv_size": [9, 3]},
								"up": {"uv": [43, 59], "uv_size": [3, 9]},
								"down": {"uv": [21, 69], "uv_size": [3, -9]}
							}
						},
						{
							"origin": [0.05, 20.7, -14.2],
							"size": [0, 1.05, 0.75],
							"pivot": [0, -7, 8],
							"rotation": [-42.5, 0, 0],
							"uv": {
								"north": {"uv": [0, 0], "uv_size": [0, 1]},
								"east": {"uv": [24, 78], "uv_size": [1, 1]},
								"south": {"uv": [0, 0], "uv_size": [0, 1]},
								"west": {"uv": [78, 24], "uv_size": [1, 1]},
								"up": {"uv": [0, 0], "uv_size": [0, 1]},
								"down": {"uv": [0, 1], "uv_size": [0, -1]}
							}
						},
						{
							"origin": [0.05, 13.6, -27.9],
							"size": [0, 0.8, 4.95],
							"pivot": [0, -7, 8],
							"rotation": [-55, 0, 0],
							"uv": {
								"north": {"uv": [0, 0], "uv_size": [0, 1]},
								"east": {"uv": [75, 26], "uv_size": [5, 1]},
								"south": {"uv": [0, 0], "uv_size": [0, 1]},
								"west": {"uv": [75, 27], "uv_size": [5, 1]},
								"up": {"uv": [0, 0], "uv_size": [0, 5]},
								"down": {"uv": [0, 5], "uv_size": [0, -5]}
							}
						},
						{
							"origin": [0.05, 14.4, -25.35],
							"size": [0, 0.7, 0.65],
							"pivot": [0, -7, 8],
							"rotation": [-55, 0, 0],
							"uv": {
								"north": {"uv": [0, 0], "uv_size": [0, 1]},
								"east": {"uv": [32, 78], "uv_size": [1, 1]},
								"south": {"uv": [0, 0], "uv_size": [0, 1]},
								"west": {"uv": [33, 78], "uv_size": [1, 1]},
								"up": {"uv": [0, 0], "uv_size": [0, 1]},
								"down": {"uv": [0, 1], "uv_size": [0, -1]}
							}
						},
						{
							"origin": [0.05, 14.4, -26.2],
							"size": [0, 0.6, 0.65],
							"pivot": [0, -7, 8],
							"rotation": [-55, 0, 0],
							"uv": {
								"north": {"uv": [0, 0], "uv_size": [0, 1]},
								"east": {"uv": [78, 33], "uv_size": [1, 1]},
								"south": {"uv": [0, 0], "uv_size": [0, 1]},
								"west": {"uv": [34, 78], "uv_size": [1, 1]},
								"up": {"uv": [0, 0], "uv_size": [0, 1]},
								"down": {"uv": [0, 1], "uv_size": [0, -1]}
							}
						},
						{
							"origin": [0.05, 14.4, -27.35],
							"size": [0, 0.8, 0.65],
							"pivot": [0, -7, 8],
							"rotation": [-55, 0, 0],
							"uv": {
								"north": {"uv": [0, 0], "uv_size": [0, 1]},
								"east": {"uv": [78, 34], "uv_size": [1, 1]},
								"south": {"uv": [0, 0], "uv_size": [0, 1]},
								"west": {"uv": [35, 78], "uv_size": [1, 1]},
								"up": {"uv": [0, 0], "uv_size": [0, 1]},
								"down": {"uv": [0, 1], "uv_size": [0, -1]}
							}
						},
						{
							"origin": [0.05, 19.75, -17.9],
							"size": [0, 0.95, 9.5],
							"pivot": [0, -7, 8],
							"rotation": [-42.5, 0, 0],
							"uv": {
								"north": {"uv": [0, 0], "uv_size": [0, 1]},
								"east": {"uv": [44, 33], "uv_size": [10, 1]},
								"south": {"uv": [0, 0], "uv_size": [0, 1]},
								"west": {"uv": [70, 14], "uv_size": [10, 1]},
								"up": {"uv": [0, 0], "uv_size": [0, 10]},
								"down": {"uv": [0, 10], "uv_size": [0, -10]}
							}
						},
						{
							"origin": [0.05, 20.7, -10.15],
							"size": [0, 1.3, 0.75],
							"pivot": [0, -7, 8],
							"rotation": [-42.5, 0, 0],
							"uv": {
								"north": {"uv": [0, 0], "uv_size": [0, 1]},
								"east": {"uv": [22, 78], "uv_size": [1, 1]},
								"south": {"uv": [0, 0], "uv_size": [0, 1]},
								"west": {"uv": [78, 22], "uv_size": [1, 1]},
								"up": {"uv": [0, 0], "uv_size": [0, 1]},
								"down": {"uv": [0, 1], "uv_size": [0, -1]}
							}
						},
						{
							"origin": [0.05, 20.7, -9.15],
							"size": [0, 1.05, 0.75],
							"pivot": [0, -7, 8],
							"rotation": [-42.5, 0, 0],
							"uv": {
								"north": {"uv": [0, 0], "uv_size": [0, 1]},
								"east": {"uv": [21, 78], "uv_size": [1, 1]},
								"south": {"uv": [0, 0], "uv_size": [0, 1]},
								"west": {"uv": [78, 21], "uv_size": [1, 1]},
								"up": {"uv": [0, 0], "uv_size": [0, 1]},
								"down": {"uv": [0, 1], "uv_size": [0, -1]}
							}
						},
						{
							"origin": [0.05, 20.7, -11.3],
							"size": [0, 2.05, 0.75],
							"pivot": [0, -7, 8],
							"rotation": [-42.5, 0, 0],
							"uv": {
								"north": {"uv": [0, 0], "uv_size": [0, 2]},
								"east": {"uv": [75, 76], "uv_size": [1, 2]},
								"south": {"uv": [0, 0], "uv_size": [0, 2]},
								"west": {"uv": [76, 75], "uv_size": [1, 2]},
								"up": {"uv": [0, 0], "uv_size": [0, 1]},
								"down": {"uv": [0, 1], "uv_size": [0, -1]}
							}
						},
						{
							"origin": [0.05, 20.7, -12.15],
							"size": [0, 1.3, 0.75],
							"pivot": [0, -7, 8],
							"rotation": [-42.5, 0, 0],
							"uv": {
								"north": {"uv": [0, 0], "uv_size": [0, 1]},
								"east": {"uv": [23, 78], "uv_size": [1, 1]},
								"south": {"uv": [0, 0], "uv_size": [0, 1]},
								"west": {"uv": [78, 23], "uv_size": [1, 1]},
								"up": {"uv": [0, 0], "uv_size": [0, 1]},
								"down": {"uv": [0, 1], "uv_size": [0, -1]}
							}
						},
						{
							"origin": [0.05, 20.7, -13.15],
							"size": [0, 1.55, 0.75],
							"pivot": [0, -7, 8],
							"rotation": [-42.5, 0, 0],
							"uv": {
								"north": {"uv": [0, 0], "uv_size": [0, 2]},
								"east": {"uv": [77, 0], "uv_size": [1, 2]},
								"south": {"uv": [0, 0], "uv_size": [0, 2]},
								"west": {"uv": [77, 2], "uv_size": [1, 2]},
								"up": {"uv": [0, 0], "uv_size": [0, 1]},
								"down": {"uv": [0, 1], "uv_size": [0, -1]}
							}
						},
						{
							"origin": [0.05, 20.7, -15.05],
							"size": [0, 0.55, 0.75],
							"pivot": [0, -7, 8],
							"rotation": [-42.5, 0, 0],
							"uv": {
								"north": {"uv": [0, 0], "uv_size": [0, 1]},
								"east": {"uv": [25, 78], "uv_size": [1, 1]},
								"south": {"uv": [0, 0], "uv_size": [0, 1]},
								"west": {"uv": [78, 25], "uv_size": [1, 1]},
								"up": {"uv": [0, 0], "uv_size": [0, 1]},
								"down": {"uv": [0, 1], "uv_size": [0, -1]}
							}
						},
						{
							"origin": [0.05, 20.7, -15.9],
							"size": [0, 1.8, 0.75],
							"pivot": [0, -7, 8],
							"rotation": [-42.5, 0, 0],
							"uv": {
								"north": {"uv": [0, 0], "uv_size": [0, 2]},
								"east": {"uv": [77, 4], "uv_size": [1, 2]},
								"south": {"uv": [0, 0], "uv_size": [0, 2]},
								"west": {"uv": [5, 77], "uv_size": [1, 2]},
								"up": {"uv": [0, 0], "uv_size": [0, 1]},
								"down": {"uv": [0, 1], "uv_size": [0, -1]}
							}
						},
						{
							"origin": [0.05, 20.7, -16.9],
							"size": [0, 1.05, 0.75],
							"pivot": [0, -7, 8],
							"rotation": [-42.5, 0, 0],
							"uv": {
								"north": {"uv": [0, 0], "uv_size": [0, 1]},
								"east": {"uv": [28, 78], "uv_size": [1, 1]},
								"south": {"uv": [0, 0], "uv_size": [0, 1]},
								"west": {"uv": [78, 28], "uv_size": [1, 1]},
								"up": {"uv": [0, 0], "uv_size": [0, 1]},
								"down": {"uv": [0, 1], "uv_size": [0, -1]}
							}
						},
						{
							"origin": [0.05, 20.7, -17.85],
							"size": [0, 0.8, 0.75],
							"pivot": [0, -7, 8],
							"rotation": [-42.5, 0, 0],
							"uv": {
								"north": {"uv": [0, 0], "uv_size": [0, 1]},
								"east": {"uv": [26, 78], "uv_size": [1, 1]},
								"south": {"uv": [0, 0], "uv_size": [0, 1]},
								"west": {"uv": [27, 78], "uv_size": [1, 1]},
								"up": {"uv": [0, 0], "uv_size": [0, 1]},
								"down": {"uv": [0, 1], "uv_size": [0, -1]}
							}
						},
						{
							"origin": [0.05, 14.4, -24.35],
							"size": [0, 0.8, 0.65],
							"pivot": [0, -7, 8],
							"rotation": [-55, 0, 0],
							"uv": {
								"north": {"uv": [0, 0], "uv_size": [0, 1]},
								"east": {"uv": [30, 78], "uv_size": [1, 1]},
								"south": {"uv": [0, 0], "uv_size": [0, 1]},
								"west": {"uv": [31, 78], "uv_size": [1, 1]},
								"up": {"uv": [0, 0], "uv_size": [0, 1]},
								"down": {"uv": [0, 1], "uv_size": [0, -1]}
							}
						},
						{
							"origin": [0.05, 13.6, -28.85],
							"size": [0, 0.55, 0.95],
							"pivot": [0, -7, 8],
							"rotation": [-55, 0, 0],
							"uv": {
								"north": {"uv": [0, 0], "uv_size": [0, 1]},
								"east": {"uv": [29, 78], "uv_size": [1, 1]},
								"south": {"uv": [0, 0], "uv_size": [0, 1]},
								"west": {"uv": [78, 29], "uv_size": [1, 1]},
								"up": {"uv": [0, 0], "uv_size": [0, 1]},
								"down": {"uv": [0, 1], "uv_size": [0, -1]}
							}
						}
					]
				},
				{
					"name": "bone",
					"parent": "bone2",
					"pivot": [0, 37, -1],
					"cubes": [
						{
							"origin": [-4, 38, 2],
							"size": [8, 7.25, 7],
							"pivot": [0, -2, 12],
							"rotation": [5, 0, 0],
							"uv": {
								"north": {"uv": [10, 26], "uv_size": [8, 7]},
								"east": {"uv": [34, 34], "uv_size": [7, 7]},
								"south": {"uv": [18, 30], "uv_size": [8, 7]},
								"west": {"uv": [16, 37], "uv_size": [7, 7]},
								"up": {"uv": [26, 30], "uv_size": [8, 7]},
								"down": {"uv": [31, 7], "uv_size": [8, -7]}
							}
						},
						{
							"origin": [-3.9, 38.4, -1.9],
							"size": [7.8, 7, 6],
							"pivot": [0, -2, 12],
							"rotation": [7.5, 0, 0],
							"uv": {
								"north": {"uv": [31, 7], "uv_size": [8, 7]},
								"east": {"uv": [0, 46], "uv_size": [6, 7]},
								"south": {"uv": [0, 32], "uv_size": [8, 7]},
								"west": {"uv": [47, 3], "uv_size": [6, 7]},
								"up": {"uv": [39, 0], "uv_size": [8, 6]},
								"down": {"uv": [39, 12], "uv_size": [8, -6]}
							}
						},
						{
							"origin": [-3.15, 41.65, -1.4],
							"size": [6.3, 3.25, 1.5],
							"pivot": [0, -2, 12],
							"rotation": [10, 0, 0],
							"uv": {
								"north": {"uv": [64, 60], "uv_size": [6, 3]},
								"east": {"uv": [5, 53], "uv_size": [2, 3]},
								"south": {"uv": [8, 65], "uv_size": [6, 3]},
								"west": {"uv": [73, 54], "uv_size": [2, 3]},
								"up": {"uv": [70, 12], "uv_size": [6, 2]},
								"down": {"uv": [70, 26], "uv_size": [6, -2]}
							}
						},
						{
							"origin": [-3.75, 37, 2],
							"size": [7.5, 7, 5],
							"pivot": [0, -2, 19],
							"rotation": [-2.5, 0, 0],
							"uv": {
								"north": {"uv": [8, 33], "uv_size": [8, 7]},
								"east": {"uv": [46, 53], "uv_size": [5, 7]},
								"south": {"uv": [33, 14], "uv_size": [8, 7]},
								"west": {"uv": [51, 53], "uv_size": [5, 7]},
								"up": {"uv": [40, 48], "uv_size": [8, 5]},
								"down": {"uv": [48, 53], "uv_size": [8, -5]}
							}
						},
						{
							"origin": [-3.25, 35, 1],
							"size": [6.5, 6.5, 5],
							"pivot": [0, -2, 19],
							"rotation": [-10, 0, 0],
							"uv": {
								"north": {"uv": [23, 37], "uv_size": [7, 7]},
								"east": {"uv": [11, 55], "uv_size": [5, 7]},
								"south": {"uv": [0, 39], "uv_size": [7, 7]},
								"west": {"uv": [16, 55], "uv_size": [5, 7]},
								"up": {"uv": [21, 55], "uv_size": [7, 5]},
								"down": {"uv": [56, 38], "uv_size": [7, -5]}
							}
						},
						{
							"origin": [-2.65, 41.65, -3.15],
							"size": [5.3, 2.75, 1.75],
							"pivot": [0, -2, 12],
							"rotation": [10, 0, 0],
							"uv": {
								"north": {"uv": [68, 43], "uv_size": [5, 3]},
								"east": {"uv": [71, 73], "uv_size": [2, 3]},
								"south": {"uv": [16, 69], "uv_size": [5, 3]},
								"west": {"uv": [73, 73], "uv_size": [2, 3]},
								"up": {"uv": [61, 70], "uv_size": [5, 2]},
								"down": {"uv": [66, 72], "uv_size": [5, -2]}
							}
						},
						{
							"origin": [-2.4, 41.15, -2.9],
							"size": [4.8, 0.5, 1.5],
							"pivot": [0, -2, 12],
							"rotation": [10, 0, 0],
							"uv": {
								"north": {"uv": [74, 72], "uv_size": [5, 1]},
								"east": {"uv": [65, 47], "uv_size": [2, 1]},
								"south": {"uv": [0, 75], "uv_size": [5, 1]},
								"west": {"uv": [66, 7], "uv_size": [2, 1]},
								"up": {"uv": [56, 70], "uv_size": [5, 2]},
								"down": {"uv": [70, 62], "uv_size": [5, -2]}
							}
						},
						{
							"origin": [-2.9, 41.15, -1.4],
							"size": [5.8, 0.5, 1.5],
							"pivot": [0, -2, 12],
							"rotation": [10, 0, 0],
							"uv": {
								"north": {"uv": [73, 52], "uv_size": [6, 1]},
								"east": {"uv": [68, 24], "uv_size": [2, 1]},
								"south": {"uv": [73, 53], "uv_size": [6, 1]},
								"west": {"uv": [70, 62], "uv_size": [2, 1]},
								"up": {"uv": [70, 8], "uv_size": [6, 2]},
								"down": {"uv": [70, 12], "uv_size": [6, -2]}
							}
						},
						{
							"origin": [-2.15, 39.65, -2.65],
							"size": [4.3, 1.8, 1.75],
							"pivot": [0, -2, 12],
							"rotation": [10, 0, 0],
							"uv": {
								"north": {"uv": [73, 44], "uv_size": [4, 2]},
								"east": {"uv": [48, 75], "uv_size": [2, 2]},
								"south": {"uv": [73, 46], "uv_size": [4, 2]},
								"west": {"uv": [50, 75], "uv_size": [2, 2]},
								"up": {"uv": [73, 48], "uv_size": [4, 2]},
								"down": {"uv": [73, 52], "uv_size": [4, -2]}
							}
						},
						{
							"origin": [-2.65, 39.65, -1.15],
							"size": [5.3, 1.7, 1.25],
							"pivot": [0, -2, 12],
							"rotation": [10, 0, 0],
							"uv": {
								"north": {"uv": [70, 66], "uv_size": [5, 2]},
								"east": {"uv": [6, 77], "uv_size": [1, 2]},
								"south": {"uv": [70, 68], "uv_size": [5, 2]},
								"west": {"uv": [77, 6], "uv_size": [1, 2]},
								"up": {"uv": [75, 31], "uv_size": [5, 1]},
								"down": {"uv": [75, 33], "uv_size": [5, -1]}
							}
						},
						{
							"origin": [-2.4, 39.15, -2.9],
							"size": [4.8, 0.5, 1.5],
							"pivot": [0, -2, 12],
							"rotation": [10, 0, 0],
							"uv": {
								"north": {"uv": [58, 32], "uv_size": [5, 1]},
								"east": {"uv": [28, 44], "uv_size": [2, 1]},
								"south": {"uv": [74, 59], "uv_size": [5, 1]},
								"west": {"uv": [54, 33], "uv_size": [2, 1]},
								"up": {"uv": [46, 70], "uv_size": [5, 2]},
								"down": {"uv": [51, 72], "uv_size": [5, -2]}
							}
						},
						{
							"origin": [-2.9, 39.15, -1.4],
							"size": [5.8, 0.5, 1.5],
							"pivot": [0, -2, 12],
							"rotation": [10, 0, 0],
							"uv": {
								"north": {"uv": [59, 47], "uv_size": [6, 1]},
								"east": {"uv": [8, 32], "uv_size": [2, 1]},
								"south": {"uv": [73, 30], "uv_size": [6, 1]},
								"west": {"uv": [32, 29], "uv_size": [2, 1]},
								"up": {"uv": [67, 55], "uv_size": [6, 2]},
								"down": {"uv": [70, 8], "uv_size": [6, -2]}
							}
						}
					]
				},
				{
					"name": "bone3",
					"parent": "bone2",
					"pivot": [0, 23.25, 13],
					"cubes": [
						{
							"origin": [-1.5, 10.75, -16],
							"size": [3, 3, 9.25],
							"pivot": [0, -7, 8],
							"rotation": [-60, 0, 0],
							"uv": {
								"north": {"uv": [46, 72], "uv_size": [3, 3]},
								"east": {"uv": [28, 58], "uv_size": [9, 3]},
								"south": {"uv": [49, 72], "uv_size": [3, 3]},
								"west": {"uv": [59, 14], "uv_size": [9, 3]},
								"up": {"uv": [37, 58], "uv_size": [3, 9]},
								"down": {"uv": [40, 68], "uv_size": [3, -9]}
							}
						},
						{
							"origin": [0, 13.75, -16],
							"size": [0, 0.75, 9.25],
							"pivot": [0, -7, 8],
							"rotation": [-60, 0, 0],
							"uv": {
								"north": {"uv": [0, 0], "uv_size": [0, 1]},
								"east": {"uv": [72, 65], "uv_size": [9, 1]},
								"south": {"uv": [0, 0], "uv_size": [0, 1]},
								"west": {"uv": [73, 15], "uv_size": [9, 1]},
								"up": {"uv": [0, 0], "uv_size": [0, 9]},
								"down": {"uv": [0, 9], "uv_size": [0, -9]}
							}
						},
						{
							"origin": [0, 14.5, -9.25],
							"size": [0, 1.5, 0.75],
							"pivot": [0, -7, 8],
							"rotation": [-60, 0, 0],
							"uv": {
								"north": {"uv": [0, 0], "uv_size": [0, 2]},
								"east": {"uv": [69, 76], "uv_size": [1, 2]},
								"south": {"uv": [0, 0], "uv_size": [0, 2]},
								"west": {"uv": [73, 76], "uv_size": [1, 2]},
								"up": {"uv": [0, 0], "uv_size": [0, 1]},
								"down": {"uv": [0, 1], "uv_size": [0, -1]}
							}
						},
						{
							"origin": [0, 14.5, -10.6],
							"size": [0, 1.25, 0.75],
							"pivot": [0, -7, 8],
							"rotation": [-60, 0, 0],
							"uv": {
								"north": {"uv": [0, 0], "uv_size": [0, 1]},
								"east": {"uv": [12, 78], "uv_size": [1, 1]},
								"south": {"uv": [0, 0], "uv_size": [0, 1]},
								"west": {"uv": [78, 12], "uv_size": [1, 1]},
								"up": {"uv": [0, 0], "uv_size": [0, 1]},
								"down": {"uv": [0, 1], "uv_size": [0, -1]}
							}
						},
						{
							"origin": [0, 14.5, -12],
							"size": [0, 1, 0.75],
							"pivot": [0, -7, 8],
							"rotation": [-60, 0, 0],
							"uv": {
								"north": {"uv": [0, 0], "uv_size": [0, 1]},
								"east": {"uv": [13, 78], "uv_size": [1, 1]},
								"south": {"uv": [0, 0], "uv_size": [0, 1]},
								"west": {"uv": [78, 13], "uv_size": [1, 1]},
								"up": {"uv": [0, 0], "uv_size": [0, 1]},
								"down": {"uv": [0, 1], "uv_size": [0, -1]}
							}
						},
						{
							"origin": [0, 14.5, -13.25],
							"size": [0, 1.75, 0.75],
							"pivot": [0, -7, 8],
							"rotation": [-60, 0, 0],
							"uv": {
								"north": {"uv": [0, 0], "uv_size": [0, 2]},
								"east": {"uv": [76, 73], "uv_size": [1, 2]},
								"south": {"uv": [0, 0], "uv_size": [0, 2]},
								"west": {"uv": [74, 76], "uv_size": [1, 2]},
								"up": {"uv": [0, 0], "uv_size": [0, 1]},
								"down": {"uv": [0, 1], "uv_size": [0, -1]}
							}
						},
						{
							"origin": [0, 14.5, -14.4],
							"size": [0, 0.75, 0.75],
							"pivot": [0, -7, 8],
							"rotation": [-60, 0, 0],
							"uv": {
								"north": {"uv": [0, 0], "uv_size": [0, 1]},
								"east": {"uv": [14, 78], "uv_size": [1, 1]},
								"south": {"uv": [0, 0], "uv_size": [0, 1]},
								"west": {"uv": [15, 78], "uv_size": [1, 1]},
								"up": {"uv": [0, 0], "uv_size": [0, 1]},
								"down": {"uv": [0, 1], "uv_size": [0, -1]}
							}
						},
						{
							"origin": [0, 14.5, -15.5],
							"size": [0, 1.25, 0.75],
							"pivot": [0, -7, 8],
							"rotation": [-60, 0, 0],
							"uv": {
								"north": {"uv": [0, 0], "uv_size": [0, 1]},
								"east": {"uv": [16, 78], "uv_size": [1, 1]},
								"south": {"uv": [0, 0], "uv_size": [0, 1]},
								"west": {"uv": [78, 16], "uv_size": [1, 1]},
								"up": {"uv": [0, 0], "uv_size": [0, 1]},
								"down": {"uv": [0, 1], "uv_size": [0, -1]}
							}
						},
						{
							"origin": [0, 14.5, -8],
							"size": [0, 1, 0.75],
							"pivot": [0, -7, 8],
							"rotation": [-60, 0, 0],
							"uv": {
								"north": {"uv": [0, 0], "uv_size": [0, 1]},
								"east": {"uv": [11, 78], "uv_size": [1, 1]},
								"south": {"uv": [0, 0], "uv_size": [0, 1]},
								"west": {"uv": [78, 11], "uv_size": [1, 1]},
								"up": {"uv": [0, 0], "uv_size": [0, 1]},
								"down": {"uv": [0, 1], "uv_size": [0, -1]}
							}
						}
					]
				},
				{
					"name": "bone4",
					"parent": "bone3",
					"pivot": [0, 15.5, 17.25],
					"cubes": [
						{
							"origin": [-1.25, 12.75, -4.5],
							"size": [2.5, 2.5, 7.25],
							"pivot": [0, -7, 8],
							"rotation": [-52.5, 0, 0],
							"uv": {
								"north": {"uv": [52, 72], "uv_size": [3, 3]},
								"east": {"uv": [62, 28], "uv_size": [7, 3]},
								"south": {"uv": [55, 72], "uv_size": [3, 3]},
								"west": {"uv": [63, 31], "uv_size": [7, 3]},
								"up": {"uv": [32, 61], "uv_size": [3, 7]},
								"down": {"uv": [17, 69], "uv_size": [3, -7]}
							}
						},
						{
							"origin": [0, 15, 0.65],
							"size": [0, 1.25, 1.75],
							"pivot": [0, -7, 8],
							"rotation": [-52.5, 0, 0],
							"uv": {
								"north": {"uv": [0, 0], "uv_size": [0, 1]},
								"east": {"uv": [76, 13], "uv_size": [2, 1]},
								"south": {"uv": [0, 0], "uv_size": [0, 1]},
								"west": {"uv": [61, 76], "uv_size": [2, 1]},
								"up": {"uv": [0, 0], "uv_size": [0, 2]},
								"down": {"uv": [0, 2], "uv_size": [0, -2]}
							}
						},
						{
							"origin": [0, 16.25, 1.4],
							"size": [0, 0.75, 0.75],
							"pivot": [0, -7, 8],
							"rotation": [-52.5, 0, 0],
							"uv": {
								"north": {"uv": [0, 0], "uv_size": [0, 1]},
								"east": {"uv": [17, 78], "uv_size": [1, 1]},
								"south": {"uv": [0, 0], "uv_size": [0, 1]},
								"west": {"uv": [78, 17], "uv_size": [1, 1]},
								"up": {"uv": [0, 0], "uv_size": [0, 1]},
								"down": {"uv": [0, 1], "uv_size": [0, -1]}
							}
						},
						{
							"origin": [0, 16.25, -0.4],
							"size": [0, 0.5, 0.5],
							"pivot": [0, -7, 8],
							"rotation": [-52.5, 0, 0],
							"uv": {
								"north": {"uv": [0, 0], "uv_size": [0, 1]},
								"east": {"uv": [19, 78], "uv_size": [1, 1]},
								"south": {"uv": [0, 0], "uv_size": [0, 1]},
								"west": {"uv": [78, 19], "uv_size": [1, 1]},
								"up": {"uv": [0, 0], "uv_size": [0, 1]},
								"down": {"uv": [0, 1], "uv_size": [0, -1]}
							}
						},
						{
							"origin": [0, 16.25, -1.35],
							"size": [0, 1, 0.75],
							"pivot": [0, -7, 8],
							"rotation": [-52.5, 0, 0],
							"uv": {
								"north": {"uv": [0, 0], "uv_size": [0, 1]},
								"east": {"uv": [18, 78], "uv_size": [1, 1]},
								"south": {"uv": [0, 0], "uv_size": [0, 1]},
								"west": {"uv": [78, 18], "uv_size": [1, 1]},
								"up": {"uv": [0, 0], "uv_size": [0, 1]},
								"down": {"uv": [0, 1], "uv_size": [0, -1]}
							}
						},
						{
							"origin": [0, 15, -3.5],
							"size": [0, 1.25, 1.75],
							"pivot": [0, -7, 8],
							"rotation": [-52.5, 0, 0],
							"uv": {
								"north": {"uv": [0, 0], "uv_size": [0, 1]},
								"east": {"uv": [67, 76], "uv_size": [2, 1]},
								"south": {"uv": [0, 0], "uv_size": [0, 1]},
								"west": {"uv": [71, 76], "uv_size": [2, 1]},
								"up": {"uv": [0, 0], "uv_size": [0, 2]},
								"down": {"uv": [0, 2], "uv_size": [0, -2]}
							}
						},
						{
							"origin": [0, 16.25, -3.1],
							"size": [0, 0.75, 0.75],
							"pivot": [0, -7, 8],
							"rotation": [-52.5, 0, 0],
							"uv": {
								"north": {"uv": [0, 0], "uv_size": [0, 1]},
								"east": {"uv": [20, 78], "uv_size": [1, 1]},
								"south": {"uv": [0, 0], "uv_size": [0, 1]},
								"west": {"uv": [78, 20], "uv_size": [1, 1]},
								"up": {"uv": [0, 0], "uv_size": [0, 1]},
								"down": {"uv": [0, 1], "uv_size": [0, -1]}
							}
						},
						{
							"origin": [0, 15, -1.5],
							"size": [0, 1.25, 1.75],
							"pivot": [0, -7, 8],
							"rotation": [-52.5, 0, 0],
							"uv": {
								"north": {"uv": [0, 0], "uv_size": [0, 1]},
								"east": {"uv": [63, 76], "uv_size": [2, 1]},
								"south": {"uv": [0, 0], "uv_size": [0, 1]},
								"west": {"uv": [65, 76], "uv_size": [2, 1]},
								"up": {"uv": [0, 0], "uv_size": [0, 2]},
								"down": {"uv": [0, 2], "uv_size": [0, -2]}
							}
						}
					]
				},
				{
					"name": "bone5",
					"parent": "bone4",
					"pivot": [0, 10, 21.5],
					"cubes": [
						{
							"origin": [-1, 13.5, 5.25],
							"size": [2, 2, 6.25],
							"pivot": [0, -7, 8],
							"rotation": [-45, 0, 0],
							"uv": {
								"north": {"uv": [36, 75], "uv_size": [2, 2]},
								"east": {"uv": [47, 10], "uv_size": [6, 2]},
								"south": {"uv": [75, 37], "uv_size": [2, 2]},
								"west": {"uv": [59, 20], "uv_size": [6, 2]},
								"up": {"uv": [9, 56], "uv_size": [2, 6]},
								"down": {"uv": [44, 74], "uv_size": [2, -6]}
							}
						},
						{
							"origin": [0, 16.1, 5.65],
							"size": [0, 0.95, 0.6],
							"pivot": [0, -7, 8],
							"rotation": [-45, 0, 0],
							"uv": {
								"north": {"uv": [0, 0], "uv_size": [0, 1]},
								"east": {"uv": [10, 78], "uv_size": [1, 1]},
								"south": {"uv": [0, 0], "uv_size": [0, 1]},
								"west": {"uv": [78, 10], "uv_size": [1, 1]},
								"up": {"uv": [0, 0], "uv_size": [0, 1]},
								"down": {"uv": [0, 1], "uv_size": [0, -1]}
							}
						},
						{
							"origin": [0, 14.5, 5.5],
							"size": [0, 1.6, 1.25],
							"pivot": [0, -7, 8],
							"rotation": [-45, 0, 0],
							"uv": {
								"north": {"uv": [0, 0], "uv_size": [0, 2]},
								"east": {"uv": [59, 76], "uv_size": [1, 2]},
								"south": {"uv": [0, 0], "uv_size": [0, 2]},
								"west": {"uv": [60, 76], "uv_size": [1, 2]},
								"up": {"uv": [0, 0], "uv_size": [0, 1]},
								"down": {"uv": [0, 1], "uv_size": [0, -1]}
							}
						},
						{
							"origin": [0, 14.5, 7],
							"size": [0, 1.6, 1.25],
							"pivot": [0, -7, 8],
							"rotation": [-45, 0, 0],
							"uv": {
								"north": {"uv": [0, 0], "uv_size": [0, 2]},
								"east": {"uv": [57, 76], "uv_size": [1, 2]},
								"south": {"uv": [0, 0], "uv_size": [0, 2]},
								"west": {"uv": [58, 76], "uv_size": [1, 2]},
								"up": {"uv": [0, 0], "uv_size": [0, 1]},
								"down": {"uv": [0, 1], "uv_size": [0, -1]}
							}
						},
						{
							"origin": [0, 16.1, 7.65],
							"size": [0, 0.7, 0.6],
							"pivot": [0, -7, 8],
							"rotation": [-45, 0, 0],
							"uv": {
								"north": {"uv": [0, 0], "uv_size": [0, 1]},
								"east": {"uv": [9, 78], "uv_size": [1, 1]},
								"south": {"uv": [0, 0], "uv_size": [0, 1]},
								"west": {"uv": [78, 9], "uv_size": [1, 1]},
								"up": {"uv": [0, 0], "uv_size": [0, 1]},
								"down": {"uv": [0, 1], "uv_size": [0, -1]}
							}
						},
						{
							"origin": [0, 14.5, 8.75],
							"size": [0, 1.6, 1.25],
							"pivot": [0, -7, 8],
							"rotation": [-45, 0, 0],
							"uv": {
								"north": {"uv": [0, 0], "uv_size": [0, 2]},
								"east": {"uv": [55, 76], "uv_size": [1, 2]},
								"south": {"uv": [0, 0], "uv_size": [0, 2]},
								"west": {"uv": [56, 76], "uv_size": [1, 2]},
								"up": {"uv": [0, 0], "uv_size": [0, 1]},
								"down": {"uv": [0, 1], "uv_size": [0, -1]}
							}
						},
						{
							"origin": [0, 16.1, 9],
							"size": [0, 0.7, 0.6],
							"pivot": [0, -7, 8],
							"rotation": [-45, 0, 0],
							"uv": {
								"north": {"uv": [0, 0], "uv_size": [0, 1]},
								"east": {"uv": [8, 78], "uv_size": [1, 1]},
								"south": {"uv": [0, 0], "uv_size": [0, 1]},
								"west": {"uv": [78, 8], "uv_size": [1, 1]},
								"up": {"uv": [0, 0], "uv_size": [0, 1]},
								"down": {"uv": [0, 1], "uv_size": [0, -1]}
							}
						},
						{
							"origin": [0, 14.5, 10.25],
							"size": [0, 1.6, 1.25],
							"pivot": [0, -7, 8],
							"rotation": [-45, 0, 0],
							"uv": {
								"north": {"uv": [0, 0], "uv_size": [0, 2]},
								"east": {"uv": [53, 76], "uv_size": [1, 2]},
								"south": {"uv": [0, 0], "uv_size": [0, 2]},
								"west": {"uv": [54, 76], "uv_size": [1, 2]},
								"up": {"uv": [0, 0], "uv_size": [0, 1]},
								"down": {"uv": [0, 1], "uv_size": [0, -1]}
							}
						},
						{
							"origin": [0, 16.1, 10.25],
							"size": [0, 0.7, 0.6],
							"pivot": [0, -7, 8],
							"rotation": [-45, 0, 0],
							"uv": {
								"north": {"uv": [0, 0], "uv_size": [0, 1]},
								"east": {"uv": [7, 78], "uv_size": [1, 1]},
								"south": {"uv": [0, 0], "uv_size": [0, 1]},
								"west": {"uv": [78, 7], "uv_size": [1, 1]},
								"up": {"uv": [0, 0], "uv_size": [0, 1]},
								"down": {"uv": [0, 1], "uv_size": [0, -1]}
							}
						}
					]
				},
				{
					"name": "bone6",
					"parent": "bone5",
					"pivot": [0, 5.75, 25.75],
					"cubes": [
						{
							"origin": [0, 11.25, 21.25],
							"size": [0, 1.25, 1.25],
							"pivot": [0, -7, 8],
							"rotation": [-20, 0, 0],
							"uv": {
								"north": {"uv": [0, 0], "uv_size": [0, 1]},
								"east": {"uv": [78, 5], "uv_size": [1, 1]},
								"south": {"uv": [0, 0], "uv_size": [0, 1]},
								"west": {"uv": [78, 6], "uv_size": [1, 1]},
								"up": {"uv": [0, 0], "uv_size": [0, 1]},
								"down": {"uv": [0, 1], "uv_size": [0, -1]}
							}
						},
						{
							"origin": [-0.75, 10.25, 19.75],
							"size": [1.5, 1.75, 5.25],
							"pivot": [0, -7, 8],
							"rotation": [-20, 0, 0],
							"uv": {
								"north": {"uv": [42, 75], "uv_size": [2, 2]},
								"east": {"uv": [70, 26], "uv_size": [5, 2]},
								"south": {"uv": [46, 75], "uv_size": [2, 2]},
								"west": {"uv": [70, 31], "uv_size": [5, 2]},
								"up": {"uv": [21, 69], "uv_size": [2, 5]},
								"down": {"uv": [35, 75], "uv_size": [2, -5]}
							}
						},
						{
							"origin": [0, 11.25, 23.25],
							"size": [0, 1.25, 1.25],
							"pivot": [0, -7, 8],
							"rotation": [-20, 0, 0],
							"uv": {
								"north": {"uv": [0, 0], "uv_size": [0, 1]},
								"east": {"uv": [4, 78], "uv_size": [1, 1]},
								"south": {"uv": [0, 0], "uv_size": [0, 1]},
								"west": {"uv": [78, 4], "uv_size": [1, 1]},
								"up": {"uv": [0, 0], "uv_size": [0, 1]},
								"down": {"uv": [0, 1], "uv_size": [0, -1]}
							}
						}
					]
				},
				{
					"name": "bone7",
					"parent": "bone6",
					"pivot": [0, 4.375, 30],
					"cubes": [
						{
							"origin": [0, 6.5, 29.25],
							"size": [0, 1, 1.25],
							"pivot": [0, -7, 8],
							"rotation": [-5, 0, 0],
							"uv": {
								"north": {"uv": [0, 0], "uv_size": [0, 1]},
								"east": {"uv": [3, 78], "uv_size": [1, 1]},
								"south": {"uv": [0, 0], "uv_size": [0, 1]},
								"west": {"uv": [78, 3], "uv_size": [1, 1]},
								"up": {"uv": [0, 0], "uv_size": [0, 1]},
								"down": {"uv": [0, 1], "uv_size": [0, -1]}
							}
						},
						{
							"origin": [-0.5, 5.5, 28.75],
							"size": [1, 1.5, 5.25],
							"pivot": [0, -7, 8],
							"rotation": [-5, 0, 0],
							"uv": {
								"north": {"uv": [39, 76], "uv_size": [1, 2]},
								"east": {"uv": [70, 33], "uv_size": [5, 2]},
								"south": {"uv": [40, 76], "uv_size": [1, 2]},
								"west": {"uv": [70, 35], "uv_size": [5, 2]},
								"up": {"uv": [15, 45], "uv_size": [1, 5]},
								"down": {"uv": [6, 51], "uv_size": [1, -5]}
							}
						},
						{
							"origin": [0, 6.5, 31.25],
							"size": [0, 1, 1.25],
							"pivot": [0, -7, 8],
							"rotation": [-5, 0, 0],
							"uv": {
								"north": {"uv": [0, 0], "uv_size": [0, 1]},
								"east": {"uv": [2, 78], "uv_size": [1, 1]},
								"south": {"uv": [0, 0], "uv_size": [0, 1]},
								"west": {"uv": [78, 2], "uv_size": [1, 1]},
								"up": {"uv": [0, 0], "uv_size": [0, 1]},
								"down": {"uv": [0, 1], "uv_size": [0, -1]}
							}
						},
						{
							"origin": [0, 5.9, 34.5],
							"size": [0, 1.6, 2.75],
							"pivot": [0, -7, 8],
							"rotation": [-5, 0, 0],
							"uv": {
								"north": {"uv": [0, 0], "uv_size": [0, 2]},
								"east": {"uv": [67, 74], "uv_size": [3, 2]},
								"south": {"uv": [0, 0], "uv_size": [0, 2]},
								"west": {"uv": [74, 70], "uv_size": [3, 2]},
								"up": {"uv": [0, 0], "uv_size": [0, 3]},
								"down": {"uv": [0, 3], "uv_size": [0, -3]}
							}
						},
						{
							"origin": [0, 6, 33.25],
							"size": [0, 1.35, 1.25],
							"pivot": [0, -7, 8],
							"rotation": [-5, 0, 0],
							"uv": {
								"north": {"uv": [0, 0], "uv_size": [0, 1]},
								"east": {"uv": [78, 0], "uv_size": [1, 1]},
								"south": {"uv": [0, 0], "uv_size": [0, 1]},
								"west": {"uv": [78, 1], "uv_size": [1, 1]},
								"up": {"uv": [0, 0], "uv_size": [0, 1]},
								"down": {"uv": [0, 1], "uv_size": [0, -1]}
							}
						}
					]
				},
				{
					"name": "bone18",
					"parent": "bone2",
					"pivot": [-5.75, 32.5, 0.75],
					"cubes": [
						{
							"origin": [-8, 7.5, 35.5],
							"size": [2.25, 3.25, 8.75],
							"pivot": [0.5, -8, 6],
							"rotation": [72.5, 0, 0],
							"uv": {
								"north": {"uv": [74, 0], "uv_size": [2, 3]},
								"east": {"uv": [59, 44], "uv_size": [9, 3]},
								"south": {"uv": [74, 3], "uv_size": [2, 3]},
								"west": {"uv": [59, 44], "uv_size": [9, 3]},
								"up": {"uv": [35, 61], "uv_size": [2, 9]},
								"down": {"uv": [27, 73], "uv_size": [2, -9]}
							}
						},
						{
							"origin": [-8, 7.5, 35.5],
							"size": [2.25, 3.25, 8.75],
							"pivot": [0.5, -8, 6],
							"rotation": [72.5, 0, 0],
							"uv": {
								"north": {"uv": [74, 0], "uv_size": [2, 3]},
								"east": {"uv": [59, 44], "uv_size": [9, 3]},
								"south": {"uv": [74, 3], "uv_size": [2, 3]},
								"west": {"uv": [59, 44], "uv_size": [9, 3]},
								"up": {"uv": [35, 61], "uv_size": [2, 9]},
								"down": {"uv": [27, 73], "uv_size": [2, -9]}
							}
						}
					]
				},
				{
					"name": "bone17",
					"parent": "bone18",
					"pivot": [-6.9, 26.25, -1.25],
					"cubes": [
						{
							"origin": [-7.9, 25, 2.25],
							"size": [2.05, 3.25, 7.95],
							"pivot": [0.5, -8, 6],
							"rotation": [17.5, 0, 0],
							"uv": {
								"north": {"uv": [12, 74], "uv_size": [2, 3]},
								"east": {"uv": [33, 21], "uv_size": [8, 3]},
								"south": {"uv": [12, 74], "uv_size": [2, 3]},
								"west": {"uv": [33, 21], "uv_size": [8, 3]},
								"up": {"uv": [37, 67], "uv_size": [2, 8]},
								"down": {"uv": [37, 75], "uv_size": [2, -8]}
							}
						},
						{
							"origin": [6.6, 33.9, 1.1],
							"size": [3.05, 2.25, 1.2],
							"pivot": [15.5, 0, 6],
							"rotation": [17.5, 0, -30],
							"uv": {
								"north": {"uv": [65, 20], "uv_size": [3, 2]},
								"east": {"uv": [41, 76], "uv_size": [1, 2]},
								"south": {"uv": [21, 74], "uv_size": [3, 2]},
								"west": {"uv": [44, 76], "uv_size": [1, 2]},
								"up": {"uv": [24, 60], "uv_size": [3, 1]},
								"down": {"uv": [63, 38], "uv_size": [3, -1]}
							}
						},
						{
							"origin": [7.6, 34.65, -1.15],
							"size": [1.05, 1.25, 3.2],
							"pivot": [15.75, -0.25, 5.75],
							"rotation": [17.48436, -0.75155, -27.61557],
							"uv": {
								"north": {"uv": [77, 24], "uv_size": [1, 1]},
								"east": {"uv": [75, 39], "uv_size": [3, 1]},
								"south": {"uv": [25, 77], "uv_size": [1, 1]},
								"west": {"uv": [52, 75], "uv_size": [3, 1]},
								"up": {"uv": [15, 50], "uv_size": [1, 3]},
								"down": {"uv": [20, 65], "uv_size": [1, -3]}
							}
						},
						{
							"origin": [7.85, 35.15, -1.15],
							"size": [1.05, 1.25, 3.2],
							"pivot": [15.75, -0.25, 5.75],
							"rotation": [17.5, 0, -30],
							"uv": {
								"north": {"uv": [77, 25], "uv_size": [1, 1]},
								"east": {"uv": [75, 54], "uv_size": [3, 1]},
								"south": {"uv": [26, 77], "uv_size": [1, 1]},
								"west": {"uv": [55, 75], "uv_size": [3, 1]},
								"up": {"uv": [31, 64], "uv_size": [1, 3]},
								"down": {"uv": [16, 68], "uv_size": [1, -3]}
							}
						},
						{
							"origin": [8.1, 35.35, -1.15],
							"size": [1.05, 1.25, 3.2],
							"pivot": [15.75, -0.25, 5.75],
							"rotation": [17.48436, 0.75155, -32.38443],
							"uv": {
								"north": {"uv": [27, 77], "uv_size": [1, 1]},
								"east": {"uv": [75, 55], "uv_size": [3, 1]},
								"south": {"uv": [28, 77], "uv_size": [1, 1]},
								"west": {"uv": [75, 56], "uv_size": [3, 1]},
								"up": {"uv": [20, 65], "uv_size": [1, 3]},
								"down": {"uv": [4, 69], "uv_size": [1, -3]}
							}
						},
						{
							"origin": [-16.15, -15.35, -1.15],
							"size": [1.05, 1.25, 3.2],
							"pivot": [15.75, -0.25, 5.75],
							"rotation": [-4.6653, -16.88547, 75.69284],
							"uv": {
								"north": {"uv": [77, 28], "uv_size": [1, 1]},
								"east": {"uv": [58, 75], "uv_size": [3, 1]},
								"south": {"uv": [29, 77], "uv_size": [1, 1]},
								"west": {"uv": [75, 60], "uv_size": [3, 1]},
								"up": {"uv": [13, 71], "uv_size": [1, 3]},
								"down": {"uv": [34, 74], "uv_size": [1, -3]}
							}
						},
						{
							"origin": [8, 35.8, -2.15],
							"size": [0.75, 0.5, 1.2],
							"pivot": [15.75, -0.25, 5.75],
							"rotation": [17.5, 0, -30],
							"uv": {
								"north": {"uv": [77, 29], "uv_size": [1, 1]},
								"east": {"uv": [30, 77], "uv_size": [1, 1]},
								"south": {"uv": [31, 77], "uv_size": [1, 1]},
								"west": {"uv": [32, 77], "uv_size": [1, 1]},
								"up": {"uv": [33, 77], "uv_size": [1, 1]},
								"down": {"uv": [77, 34], "uv_size": [1, -1]}
							}
						},
						{
							"origin": [8.25, 36.05, -2.15],
							"size": [0.75, 0.5, 1.2],
							"pivot": [15.75, -0.25, 5.75],
							"rotation": [17.48436, 0.75155, -32.38443],
							"uv": {
								"north": {"uv": [34, 77], "uv_size": [1, 1]},
								"east": {"uv": [77, 34], "uv_size": [1, 1]},
								"south": {"uv": [35, 77], "uv_size": [1, 1]},
								"west": {"uv": [77, 35], "uv_size": [1, 1]},
								"up": {"uv": [36, 77], "uv_size": [1, 1]},
								"down": {"uv": [77, 37], "uv_size": [1, -1]}
							}
						},
						{
							"origin": [7.75, 35.3, -2.15],
							"size": [0.75, 0.5, 1.2],
							"pivot": [15.75, -0.25, 5.75],
							"rotation": [17.48436, -0.75155, -27.61557],
							"uv": {
								"north": {"uv": [37, 77], "uv_size": [1, 1]},
								"east": {"uv": [77, 37], "uv_size": [1, 1]},
								"south": {"uv": [77, 38], "uv_size": [1, 1]},
								"west": {"uv": [77, 40], "uv_size": [1, 1]},
								"up": {"uv": [77, 41], "uv_size": [1, 1]},
								"down": {"uv": [42, 78], "uv_size": [1, -1]}
							}
						},
						{
							"origin": [-16.05, -14.7, -2.15],
							"size": [0.85, 0.5, 1.2],
							"pivot": [15.75, -0.25, 5.75],
							"rotation": [-4.6653, -16.88547, 75.69284],
							"uv": {
								"north": {"uv": [77, 42], "uv_size": [1, 1]},
								"east": {"uv": [43, 77], "uv_size": [1, 1]},
								"south": {"uv": [77, 43], "uv_size": [1, 1]},
								"west": {"uv": [77, 44], "uv_size": [1, 1]},
								"up": {"uv": [77, 45], "uv_size": [1, 1]},
								"down": {"uv": [46, 78], "uv_size": [1, -1]}
							}
						}
					]
				},
				{
					"name": "bone15",
					"parent": "bone2",
					"pivot": [5.75, 32.5, 0.75],
					"cubes": [
						{
							"origin": [6, 7.5, 35.5],
							"size": [2.25, 3.25, 8.75],
							"pivot": [0.5, -8, 6],
							"rotation": [72.50063, -0.15035, -0.47686],
							"uv": {
								"north": {"uv": [74, 0], "uv_size": [2, 3]},
								"east": {"uv": [59, 44], "uv_size": [9, 3]},
								"south": {"uv": [74, 3], "uv_size": [2, 3]},
								"west": {"uv": [59, 44], "uv_size": [9, 3]},
								"up": {"uv": [35, 61], "uv_size": [2, 9]},
								"down": {"uv": [27, 73], "uv_size": [2, -9]}
							}
						}
					]
				},
				{
					"name": "bone16",
					"parent": "bone15",
					"pivot": [6.925, 26.25, -1.25],
					"cubes": [
						{
							"origin": [6.1, 25, 2.25],
							"size": [2.05, 3.25, 7.95],
							"pivot": [0.5, -8, 6],
							"rotation": [17.49937, 0.15035, -0.47686],
							"uv": {
								"north": {"uv": [12, 74], "uv_size": [2, 3]},
								"east": {"uv": [33, 21], "uv_size": [8, 3]},
								"south": {"uv": [12, 74], "uv_size": [2, 3]},
								"west": {"uv": [33, 21], "uv_size": [8, 3]},
								"up": {"uv": [37, 67], "uv_size": [2, 8]},
								"down": {"uv": [37, 75], "uv_size": [2, -8]}
							}
						},
						{
							"origin": [-11.65, 26.4, 1.1],
							"size": [3.05, 2.25, 1.2],
							"pivot": [-2.75, -7.5, 6],
							"rotation": [17.5, 0, 30],
							"uv": {
								"north": {"uv": [39, 74], "uv_size": [3, 2]},
								"east": {"uv": [45, 76], "uv_size": [1, 2]},
								"south": {"uv": [74, 57], "uv_size": [3, 2]},
								"west": {"uv": [52, 76], "uv_size": [1, 2]},
								"up": {"uv": [61, 75], "uv_size": [3, 1]},
								"down": {"uv": [75, 62], "uv_size": [3, -1]}
							}
						},
						{
							"origin": [-10.9, 27.4, -1.15],
							"size": [1.05, 1.25, 3.2],
							"pivot": [-2.75, -7.5, 5.75],
							"rotation": [17.48436, -0.75155, 32.38443],
							"uv": {
								"north": {"uv": [77, 46], "uv_size": [1, 1]},
								"east": {"uv": [75, 62], "uv_size": [3, 1]},
								"south": {"uv": [47, 77], "uv_size": [1, 1]},
								"west": {"uv": [75, 63], "uv_size": [3, 1]},
								"up": {"uv": [70, 74], "uv_size": [1, 3]},
								"down": {"uv": [7, 78], "uv_size": [1, -3]}
							}
						},
						{
							"origin": [-10.65, 27.9, -1.15],
							"size": [1.05, 1.25, 3.2],
							"pivot": [-2.75, -7.5, 5.75],
							"rotation": [17.5, 0, 30],
							"uv": {
								"north": {"uv": [77, 47], "uv_size": [1, 1]},
								"east": {"uv": [64, 75], "uv_size": [3, 1]},
								"south": {"uv": [48, 77], "uv_size": [1, 1]},
								"west": {"uv": [75, 64], "uv_size": [3, 1]},
								"up": {"uv": [18, 75], "uv_size": [1, 3]},
								"down": {"uv": [38, 78], "uv_size": [1, -3]}
							}
						},
						{
							"origin": [-10.4, 28.1, -1.15],
							"size": [1.05, 1.25, 3.2],
							"pivot": [-2.75, -7.5, 5.75],
							"rotation": [17.48436, 0.75155, 27.61557],
							"uv": {
								"north": {"uv": [77, 48], "uv_size": [1, 1]},
								"east": {"uv": [75, 66], "uv_size": [3, 1]},
								"south": {"uv": [49, 77], "uv_size": [1, 1]},
								"west": {"uv": [75, 67], "uv_size": [3, 1]},
								"up": {"uv": [75, 73], "uv_size": [1, 3]},
								"down": {"uv": [0, 79], "uv_size": [1, -3]}
							}
						},
						{
							"origin": [-10.5, 28.55, -2.15],
							"size": [0.75, 0.5, 1.2],
							"pivot": [-2.75, -7.5, 5.75],
							"rotation": [17.5, 0, 30],
							"uv": {
								"north": {"uv": [77, 49], "uv_size": [1, 1]},
								"east": {"uv": [50, 77], "uv_size": [1, 1]},
								"south": {"uv": [77, 50], "uv_size": [1, 1]},
								"west": {"uv": [51, 77], "uv_size": [1, 1]},
								"up": {"uv": [77, 51], "uv_size": [1, 1]},
								"down": {"uv": [77, 58], "uv_size": [1, -1]}
							}
						},
						{
							"origin": [-10.25, 28.8, -2.15],
							"size": [0.75, 0.5, 1.2],
							"pivot": [-2.75, -7.5, 5.75],
							"rotation": [17.48436, 0.75155, 27.61557],
							"uv": {
								"north": {"uv": [77, 58], "uv_size": [1, 1]},
								"east": {"uv": [61, 77], "uv_size": [1, 1]},
								"south": {"uv": [62, 77], "uv_size": [1, 1]},
								"west": {"uv": [63, 77], "uv_size": [1, 1]},
								"up": {"uv": [64, 77], "uv_size": [1, 1]},
								"down": {"uv": [65, 78], "uv_size": [1, -1]}
							}
						},
						{
							"origin": [-10.75, 28.05, -2.15],
							"size": [0.75, 0.5, 1.2],
							"pivot": [-2.75, -7.5, 5.75],
							"rotation": [17.48436, -0.75155, 32.38443],
							"uv": {
								"north": {"uv": [66, 77], "uv_size": [1, 1]},
								"east": {"uv": [67, 77], "uv_size": [1, 1]},
								"south": {"uv": [68, 77], "uv_size": [1, 1]},
								"west": {"uv": [70, 77], "uv_size": [1, 1]},
								"up": {"uv": [77, 70], "uv_size": [1, 1]},
								"down": {"uv": [71, 78], "uv_size": [1, -1]}
							}
						},
						{
							"origin": [35.2, -6.45, -2.4],
							"size": [0.85, 0.5, 1.2],
							"pivot": [0.5, -8, 6],
							"rotation": [-5.41615, 16.66577, -78.29388],
							"uv": {
								"north": {"uv": [77, 71], "uv_size": [1, 1]},
								"east": {"uv": [72, 77], "uv_size": [1, 1]},
								"south": {"uv": [77, 73], "uv_size": [1, 1]},
								"west": {"uv": [77, 74], "uv_size": [1, 1]},
								"up": {"uv": [77, 75], "uv_size": [1, 1]},
								"down": {"uv": [76, 78], "uv_size": [1, -1]}
							}
						},
						{
							"origin": [35.1, -7.1, -1.4],
							"size": [1.05, 1.25, 3.2],
							"pivot": [0.5, -8, 6],
							"rotation": [-5.41615, 16.66577, -78.29388],
							"uv": {
								"north": {"uv": [77, 76], "uv_size": [1, 1]},
								"east": {"uv": [75, 68], "uv_size": [3, 1]},
								"south": {"uv": [77, 77], "uv_size": [1, 1]},
								"west": {"uv": [75, 69], "uv_size": [3, 1]},
								"up": {"uv": [76, 0], "uv_size": [1, 3]},
								"down": {"uv": [1, 79], "uv_size": [1, -3]}
							}
						}
					]
				}
			]
		}
	]
}