{
	"format_version": "1.8.0",
	"animations": {
		"idle": {
			"loop": true,
			"animation_length": 0.5,
			"bones": {
				"body": {
					"rotation": {
						"0.0": {
							"vector": [0, 5, 0]
						},
						"0.0833": {
							"vector": [0, -7.5, 0]
						},
						"0.1667": {
							"vector": [0, -13.33, 0]
						},
						"0.25": {
							"vector": [0, -7.5, 0]
						},
						"0.3333": {
							"vector": [0, -13.33, 0]
						},
						"0.4167": {
							"vector": [0, -7.5, 0]
						},
						"0.5": {
							"vector": [0, 5, 0]
						}
					},
					"position": {
						"0.0": {
							"vector": [0, 0, -1]
						},
						"0.5": {
							"vector": [0, 0, -1]
						}
					},
					"scale": {
						"0.0": {
							"vector": [1, 0.9, 0.8]
						},
						"0.5": {
							"vector": [1, 0.9, 0.8]
						}
					}
				},
				"forwardleg": {
					"rotation": {
						"0.0": {
							"vector": [-7.5, 0, 0]
						},
						"0.25": {
							"vector": [-10, 0, 0]
						},
						"0.5": {
							"vector": [-7.5, 0, 0]
						}
					}
				},
				"leftleg": {
					"rotation": {
						"0.0": {
							"vector": [10, 0, 0]
						},
						"0.125": {
							"vector": [7.52832, -4.95712, -0.65426]
						},
						"0.25": {
							"vector": [5, 0, 0]
						},
						"0.375": {
							"vector": [7.49294, -0.32621, 2.47864]
						},
						"0.5": {
							"vector": [10, 0, 0]
						}
					}
				},
				"rightleg": {
					"rotation": {
						"0.0": {
							"vector": [-10, 0, 0]
						},
						"0.125": {
							"vector": [-11.26044, 2.45193, -0.48802]
						},
						"0.25": {
							"vector": [-12.5, 0, 0]
						},
						"0.375": {
							"vector": [-11.23957, -0.48758, -2.45202]
						},
						"0.5": {
							"vector": [-10, 0, 0]
						}
					}
				},
				"bone6": {
					"rotation": {
						"0.0": {
							"vector": ["0+query.head_pitch", "0+query.head_yaw", -10]
						},
						"0.125": {
							"vector": ["0.5613+query.head_pitch", "2.738+query.head_yaw", -27.45931]
						},
						"0.25": {
							"vector": ["2.5076+query.head_pitch", "-5.1043+query.head_yaw", -12.72086]
						},
						"0.375": {
							"vector": ["1.2393+query.head_pitch", "-0.1631+query.head_yaw", -5.00176]
						},
						"0.5": {
							"vector": ["0+query.head_pitch", "0+query.head_yaw", -10]
						}
					}
				},
				"backleg": {
					"rotation": {
						"0.0": {
							"vector": [5, 0, 0]
						},
						"0.25": {
							"vector": [0, 0, 0]
						},
						"0.5": {
							"vector": [5, 0, 0]
						}
					}
				},
				"bone": {
					"rotation": {
						"0.0": {
							"vector": [0, -2.5, 0]
						},
						"0.25": {
							"vector": [0, 7.5, 0]
						},
						"0.5": {
							"vector": [0, -2.5, 0]
						}
					}
				},
				"bone2": {
					"position": {
						"0.0": {
							"vector": [0, -1, 0]
						},
						"0.25": {
							"vector": [0, 0, 0]
						},
						"0.5": {
							"vector": [0, -1, 0]
						}
					}
				}
			}
		},
		"running": {
			"loop": true,
			"animation_length": 0.5,
			"bones": {
				"body": {
					"rotation": {
						"0.0": {
							"vector": [0, 5, 0]
						},
						"0.0833": {
							"vector": [0, -7.5, 0]
						},
						"0.1667": {
							"vector": [0, -13.33, 0]
						},
						"0.25": {
							"vector": [0, -7.5, 0]
						},
						"0.3333": {
							"vector": [0, -13.33, 0]
						},
						"0.4167": {
							"vector": [0, -7.5, 0]
						},
						"0.5": {
							"vector": [0, 5, 0]
						}
					},
					"position": {
						"0.0": {
							"vector": [0, 1, -0.5]
						},
						"0.5": {
							"vector": [0, 1, -0.5]
						}
					},
					"scale": {
						"0.0": {
							"vector": [1, 0.9, 0.8]
						},
						"0.5": {
							"vector": [1, 0.9, 0.8]
						}
					}
				},
				"forwardleg": {
					"rotation": {
						"0.0": {
							"vector": [-15, 0, 0]
						},
						"0.25": {
							"vector": [-20, 0, 0]
						},
						"0.5": {
							"vector": [-15, 0, 0]
						}
					}
				},
				"leftleg": {
					"rotation": {
						"0.0": {
							"vector": [30, 0, 0]
						},
						"0.125": {
							"vector": [25, 0, 0]
						},
						"0.25": {
							"vector": [15, 0, 0]
						},
						"0.375": {
							"vector": [25, 0, 0]
						},
						"0.5": {
							"vector": [30, 0, 0]
						}
					}
				},
				"rightleg": {
					"rotation": {
						"0.0": {
							"vector": [2.5, 0, 0]
						},
						"0.125": {
							"vector": [3.73956, 2.45193, -0.48802]
						},
						"0.25": {
							"vector": [-2.5, 0, 0]
						},
						"0.375": {
							"vector": [3.76043, -0.48758, -2.45202]
						},
						"0.5": {
							"vector": [2.5, 0, 0]
						}
					}
				},
				"bone6": {
					"rotation": {
						"0.0": {
							"vector": ["0+query.head_pitch", "0+query.head_yaw", -10]
						},
						"0.125": {
							"vector": ["0.5613+query.head_pitch", "2.738+query.head_yaw", -27.45931]
						},
						"0.25": {
							"vector": ["2.5076+query.head_pitch", "-5.1043+query.head_yaw", -12.72086]
						},
						"0.375": {
							"vector": ["1.2393+query.head_pitch", "-0.1631+query.head_yaw", -5.00176]
						},
						"0.5": {
							"vector": ["0+query.head_pitch", "0+query.head_yaw", -10]
						}
					}
				},
				"backleg": {
					"rotation": {
						"0.0": {
							"vector": [25, 0, 0]
						},
						"0.25": {
							"vector": [10, 0, 0]
						},
						"0.5": {
							"vector": [25, 0, 0]
						}
					}
				},
				"bone": {
					"rotation": {
						"0.0": {
							"vector": [15, -2.5, 0]
						},
						"0.25": {
							"vector": [20, 7.5, 0]
						},
						"0.5": {
							"vector": [15, -2.5, 0]
						}
					},
					"position": {
						"vector": [0, 0, 0]
					}
				},
				"bone2": {
					"position": {
						"0.0": {
							"vector": [0, -1, -2]
						},
						"0.25": {
							"vector": [0, 0, -2]
						},
						"0.5": {
							"vector": [0, -1, -2]
						}
					}
				}
			}
		},
		"swipe": {
			"loop": true,
			"animation_length": 0.5,
			"bones": {
				"body": {
					"rotation": {
						"0.0": {
							"vector": [0, 5, 0]
						},
						"0.0833": {
							"vector": [0, -7.5, 0]
						},
						"0.1667": {
							"vector": [0, -13.33, 0]
						},
						"0.25": {
							"vector": [0, -7.5, 0]
						},
						"0.3333": {
							"vector": [0, -13.33, 0]
						},
						"0.4167": {
							"vector": [0, -7.5, 0]
						},
						"0.5": {
							"vector": [0, 5, 0]
						}
					},
					"position": {
						"0.0": {
							"vector": [0, 1, -0.5]
						},
						"0.5": {
							"vector": [0, 1, -0.5]
						}
					},
					"scale": {
						"0.0": {
							"vector": [1, 0.9, 0.8]
						},
						"0.5": {
							"vector": [1, 0.9, 0.8]
						}
					}
				},
				"forwardleg": {
					"rotation": {
						"0.0": {
							"vector": [-15, 0, 0]
						},
						"0.2083": {
							"vector": [-20.42, 0, 0]
						},
						"0.25": {
							"vector": [2.5, 0, 0]
						},
						"0.5": {
							"vector": [-15, 0, 0]
						}
					}
				},
				"leftleg": {
					"rotation": {
						"0.0": {
							"vector": [30, 0, 0]
						},
						"0.125": {
							"vector": [25, 0, 0]
						},
						"0.25": {
							"vector": [0, 0, 0]
						},
						"0.4167": {
							"vector": [21.92, 0, 0]
						},
						"0.5": {
							"vector": [30, 0, 0]
						}
					}
				},
				"rightleg": {
					"rotation": {
						"0.0": {
							"vector": [2.5, 0, 0]
						},
						"0.125": {
							"vector": [3.73956, 2.45193, -0.48802]
						},
						"0.25": {
							"vector": [-2.5, 0, 0]
						},
						"0.375": {
							"vector": [3.76043, -0.48758, -2.45202]
						},
						"0.5": {
							"vector": [2.5, 0, 0]
						}
					}
				},
				"bone6": {
					"rotation": {
						"0.0": {
							"vector": ["0+query.head_pitch", "0+query.head_yaw", -10]
						},
						"0.125": {
							"vector": ["0.5613+query.head_pitch", "2.738+query.head_yaw", -27.45931]
						},
						"0.25": {
							"vector": ["2.5076+query.head_pitch", "-5.1043+query.head_yaw", -12.72086]
						},
						"0.2917": {
							"vector": ["32.0848+query.head_pitch", "-3.4572+query.head_yaw", -10.14783]
						},
						"0.375": {
							"vector": ["1.2393+query.head_pitch", "-0.1631+query.head_yaw", -5.00176]
						},
						"0.5": {
							"vector": ["0+query.head_pitch", "0+query.head_yaw", -10]
						}
					},
					"position": {
						"0.0": {
							"vector": [0, 0, 1]
						},
						"0.2083": {
							"vector": [0, 0, 1]
						},
						"0.25": {
							"vector": [0, 0, -2]
						},
						"0.5": {
							"vector": [0, 0, 1]
						}
					}
				},
				"backleg": {
					"rotation": {
						"0.0": {
							"vector": [25, 0, 0]
						},
						"0.2083": {
							"vector": [32.5, 0, 0]
						},
						"0.25": {
							"vector": [5, 0, 0]
						},
						"0.5": {
							"vector": [25, 0, 0]
						}
					}
				},
				"bone": {
					"rotation": {
						"0.0": {
							"vector": [15, -2.5, 0]
						},
						"0.25": {
							"vector": [20, 7.5, 0]
						},
						"0.5": {
							"vector": [15, -2.5, 0]
						}
					},
					"position": {
						"vector": [0, 0, 0]
					}
				},
				"bone2": {
					"position": {
						"0.0": {
							"vector": [0, -5, -2]
						},
						"0.25": {
							"vector": [0, 0, -6]
						},
						"0.5": {
							"vector": [0, -5, -2]
						}
					}
				}
			}
		}
	},
	"geckolib_format_version": 2
}