{
	"format_version": "1.12.0",
	"minecraft:geometry": [
		{
			"description": {
				"identifier": "geometry.unknown",
				"texture_width": 128,
				"texture_height": 128,
				"visible_bounds_width": 2,
				"visible_bounds_height": 6.5,
				"visible_bounds_offset": [0, 2.75, 0]
			},
			"bones": [
				{
					"name": "base",
					"pivot": [0, 20.7, 0]
				},
				{
					"name": "legRT",
					"parent": "base",
					"pivot": [-2.02583, 20.90065, 0.85],
					"cubes": [
						{
							"origin": [-3.85, 13.6, -0.85],
							"size": [3.5, 7, 3.5],
							"pivot": [-2.1, 17.6, 0.9],
							"rotation": [0, 0, -1],
							"uv": {
								"north": {"uv": [21, 50], "uv_size": [4, 7]},
								"east": {"uv": [25, 50], "uv_size": [4, 7]},
								"south": {"uv": [29, 50], "uv_size": [4, 7]},
								"west": {"uv": [51, 22], "uv_size": [4, 7]},
								"up": {"uv": [37, 18], "uv_size": [4, 4]},
								"down": {"uv": [0, 65], "uv_size": [4, -4]}
							}
						},
						{
							"origin": [-3.76374, 10.03566, -0.65],
							"size": [3.5, 4, 3.5],
							"inflate": -0.1,
							"pivot": [0, 11.50099, 1.1],
							"rotation": [4.9983, 0.13072, -1.49429],
							"uv": {
								"north": {"uv": [33, 61], "uv_size": [4, 4]},
								"east": {"uv": [37, 61], "uv_size": [4, 4]},
								"south": {"uv": [41, 61], "uv_size": [4, 4]},
								"west": {"uv": [61, 57], "uv_size": [4, 4]},
								"up": {"uv": [61, 61], "uv_size": [4, 4]},
								"down": {"uv": [15, 66], "uv_size": [4, -4]}
							}
						}
					]
				},
				{
					"name": "legRB",
					"parent": "legRT",
					"pivot": [-2, 9.9, -0.15],
					"cubes": [
						{
							"origin": [-3.25, 5, 0.15],
							"size": [2.5, 5, 2.5],
							"inflate": 0.2,
							"pivot": [-4, 7.5, 1.4],
							"rotation": [2.5, 0, 0],
							"uv": {
								"north": {"uv": [39, 65], "uv_size": [3, 5]},
								"east": {"uv": [42, 65], "uv_size": [3, 5]},
								"south": {"uv": [65, 55], "uv_size": [3, 5]},
								"west": {"uv": [65, 60], "uv_size": [3, 5]},
								"up": {"uv": [17, 43], "uv_size": [3, 3]},
								"down": {"uv": [5, 59], "uv_size": [3, -3]}
							}
						},
						{
							"origin": [-3.25, 2, 0.25],
							"size": [2.5, 3, 2.5],
							"uv": {
								"north": {"uv": [67, 45], "uv_size": [3, 3]},
								"east": {"uv": [45, 68], "uv_size": [3, 3]},
								"south": {"uv": [48, 68], "uv_size": [3, 3]},
								"west": {"uv": [51, 68], "uv_size": [3, 3]},
								"up": {"uv": [54, 68], "uv_size": [3, 3]},
								"down": {"uv": [68, 57], "uv_size": [3, -3]}
							}
						}
					]
				},
				{
					"name": "feetRT",
					"parent": "legRB",
					"pivot": [-2, 1.7, 1.25],
					"cubes": [
						{
							"origin": [-3.75, 1.82693, -0.35714],
							"size": [3.5, 2, 3.5],
							"pivot": [-2, 2.82693, 1.39286],
							"rotation": [-5, 0, 0],
							"uv": {
								"north": {"uv": [67, 14], "uv_size": [4, 2]},
								"east": {"uv": [68, 63], "uv_size": [4, 2]},
								"south": {"uv": [69, 8], "uv_size": [4, 2]},
								"west": {"uv": [32, 69], "uv_size": [4, 2]},
								"up": {"uv": [62, 16], "uv_size": [4, 4]},
								"down": {"uv": [19, 66], "uv_size": [4, -4]}
							}
						}
					]
				},
				{
					"name": "feetRB",
					"parent": "feetRT",
					"pivot": [-2, 1.7, -0.5],
					"cubes": [
						{
							"origin": [-3.75, 0, -2.45],
							"size": [3.5, 2, 5.5],
							"uv": {
								"north": {"uv": [69, 33], "uv_size": [4, 2]},
								"east": {"uv": [63, 8], "uv_size": [6, 2]},
								"south": {"uv": [69, 35], "uv_size": [4, 2]},
								"west": {"uv": [63, 48], "uv_size": [6, 2]},
								"up": {"uv": [45, 58], "uv_size": [4, 6]},
								"down": {"uv": [49, 64], "uv_size": [4, -6]}
							}
						}
					]
				},
				{
					"name": "legLT",
					"parent": "base",
					"pivot": [2.02583, 20.90065, 0.85],
					"cubes": [
						{
							"origin": [0.35, 13.6, -0.85],
							"size": [3.5, 7, 3.5],
							"pivot": [2.1, 17.6, 0.9],
							"rotation": [0, 0, 1],
							"uv": {
								"north": {"uv": [51, 29], "uv_size": [4, 7]},
								"east": {"uv": [46, 51], "uv_size": [4, 7]},
								"south": {"uv": [50, 51], "uv_size": [4, 7]},
								"west": {"uv": [8, 52], "uv_size": [4, 7]},
								"up": {"uv": [62, 20], "uv_size": [4, 4]},
								"down": {"uv": [23, 66], "uv_size": [4, -4]}
							}
						},
						{
							"origin": [0.23626, 10.03566, -0.65],
							"size": [3.5, 4, 3.5],
							"inflate": -0.1,
							"pivot": [0, 11.50099, 1.1],
							"rotation": [4.99924, -0.08715, 0.9962],
							"uv": {
								"north": {"uv": [62, 24], "uv_size": [4, 4]},
								"east": {"uv": [62, 28], "uv_size": [4, 4]},
								"south": {"uv": [62, 32], "uv_size": [4, 4]},
								"west": {"uv": [62, 36], "uv_size": [4, 4]},
								"up": {"uv": [62, 40], "uv_size": [4, 4]},
								"down": {"uv": [62, 55], "uv_size": [4, -4]}
							}
						}
					]
				},
				{
					"name": "legLB",
					"parent": "legLT",
					"pivot": [2, 9.8, -0.15],
					"cubes": [
						{
							"origin": [0.75, 5, 0.15],
							"size": [2.5, 5, 2.5],
							"inflate": 0.2,
							"pivot": [0, 7.5, 1.4],
							"rotation": [2.5, 0, 0],
							"uv": {
								"north": {"uv": [61, 65], "uv_size": [3, 5]},
								"east": {"uv": [64, 65], "uv_size": [3, 5]},
								"south": {"uv": [8, 66], "uv_size": [3, 5]},
								"west": {"uv": [11, 66], "uv_size": [3, 5]},
								"up": {"uv": [57, 68], "uv_size": [3, 3]},
								"down": {"uv": [68, 60], "uv_size": [3, -3]}
							}
						},
						{
							"origin": [0.75, 2, 0.25],
							"size": [2.5, 3, 2.5],
							"uv": {
								"north": {"uv": [68, 60], "uv_size": [3, 3]},
								"east": {"uv": [0, 69], "uv_size": [3, 3]},
								"south": {"uv": [3, 69], "uv_size": [3, 3]},
								"west": {"uv": [69, 21], "uv_size": [3, 3]},
								"up": {"uv": [69, 24], "uv_size": [3, 3]},
								"down": {"uv": [69, 30], "uv_size": [3, -3]}
							}
						}
					]
				},
				{
					"name": "feetLT",
					"parent": "legLB",
					"pivot": [2, 1.7, 1.25],
					"cubes": [
						{
							"origin": [0.25, 1.82693, -0.35714],
							"size": [3.5, 2, 3.5],
							"pivot": [2, 2.82693, 1.39286],
							"rotation": [-5, 0, 0],
							"uv": {
								"north": {"uv": [69, 37], "uv_size": [4, 2]},
								"east": {"uv": [69, 39], "uv_size": [4, 2]},
								"south": {"uv": [69, 48], "uv_size": [4, 2]},
								"west": {"uv": [69, 50], "uv_size": [4, 2]},
								"up": {"uv": [63, 0], "uv_size": [4, 4]},
								"down": {"uv": [63, 8], "uv_size": [4, -4]}
							}
						}
					]
				},
				{
					"name": "feetLB",
					"parent": "feetLT",
					"pivot": [2, 1.7, -0.5],
					"cubes": [
						{
							"origin": [0.25, 0, -2.45],
							"size": [3.5, 2, 5.5],
							"uv": {
								"north": {"uv": [69, 52], "uv_size": [4, 2]},
								"east": {"uv": [14, 66], "uv_size": [6, 2]},
								"south": {"uv": [67, 69], "uv_size": [4, 2]},
								"west": {"uv": [66, 16], "uv_size": [6, 2]},
								"up": {"uv": [58, 51], "uv_size": [4, 6]},
								"down": {"uv": [53, 64], "uv_size": [4, -6]}
							}
						}
					]
				},
				{
					"name": "bodyB",
					"parent": "base",
					"pivot": [0, 20.7, 0.9],
					"cubes": [
						{
							"origin": [-3.75, 23.4, -1.2],
							"size": [7.5, 6, 4],
							"inflate": -0.2,
							"pivot": [0.5, 24.5, 2.05],
							"rotation": [2, 0, 0],
							"uv": {
								"north": {"uv": [34, 34], "uv_size": [8, 6]},
								"east": {"uv": [57, 58], "uv_size": [4, 6]},
								"south": {"uv": [37, 0], "uv_size": [8, 6]},
								"west": {"uv": [5, 59], "uv_size": [4, 6]},
								"up": {"uv": [21, 46], "uv_size": [8, 4]},
								"down": {"uv": [47, 43], "uv_size": [8, -4]}
							}
						},
						{
							"origin": [-4, 23.4, -1.45],
							"size": [8, 6, 4.5],
							"inflate": -0.2,
							"pivot": [0.5, 24.5, 2.05],
							"rotation": [2, 0, 0],
							"uv": {
								"north": {"uv": [37, 6], "uv_size": [8, 6]},
								"east": {"uv": [41, 48], "uv_size": [5, 6]},
								"south": {"uv": [37, 12], "uv_size": [8, 6]},
								"west": {"uv": [49, 4], "uv_size": [5, 6]},
								"up": {"uv": [9, 43], "uv_size": [8, 5]},
								"down": {"uv": [43, 33], "uv_size": [8, -5]}
							}
						},
						{
							"origin": [-3.9, 20.5, -0.85],
							"size": [7.8, 3, 3.5],
							"inflate": 0.1,
							"pivot": [0.4, 22, 0.9],
							"rotation": [2.5, 0, 0],
							"uv": {
								"north": {"uv": [59, 10], "uv_size": [8, 3]},
								"east": {"uv": [51, 36], "uv_size": [4, 3]},
								"south": {"uv": [59, 13], "uv_size": [8, 3]},
								"west": {"uv": [66, 18], "uv_size": [4, 3]},
								"up": {"uv": [47, 43], "uv_size": [8, 4]},
								"down": {"uv": [47, 51], "uv_size": [8, -4]}
							}
						}
					]
				},
				{
					"name": "bone",
					"parent": "bodyB",
					"pivot": [-2.3, 23.6, 2.88604],
					"cubes": [
						{
							"origin": [-4.5, 12.79976, -1.41396],
							"size": [4.7, 11, 4.5],
							"inflate": -0.2,
							"uv": {
								"north": {"uv": [24, 30], "uv_size": [5, 11]},
								"east": {"uv": [29, 30], "uv_size": [5, 11]},
								"south": {"uv": [0, 32], "uv_size": [5, 11]},
								"west": {"uv": [32, 0], "uv_size": [5, 11]},
								"up": {"uv": [55, 46], "uv_size": [5, 5]},
								"down": {"uv": [0, 61], "uv_size": [5, -5]}
							}
						}
					]
				},
				{
					"name": "bone2",
					"parent": "bodyB",
					"pivot": [2.45, 23.6, 2.886],
					"cubes": [
						{
							"origin": [-0.2, 12.79976, -1.41396],
							"size": [4.7, 11, 4.5],
							"inflate": -0.2,
							"uv": {
								"north": {"uv": [5, 32], "uv_size": [5, 11]},
								"east": {"uv": [10, 32], "uv_size": [5, 11]},
								"south": {"uv": [32, 11], "uv_size": [5, 11]},
								"west": {"uv": [15, 32], "uv_size": [5, 11]},
								"up": {"uv": [20, 57], "uv_size": [5, 5]},
								"down": {"uv": [25, 62], "uv_size": [5, -5]}
							}
						}
					]
				},
				{
					"name": "bodyT",
					"parent": "bodyB",
					"pivot": [0, 28.9, 1.5],
					"cubes": [
						{
							"origin": [-4.25, 29, -1.55],
							"size": [8.5, 5, 4.5],
							"pivot": [0.4, 30.5, 0.45],
							"rotation": [-2.5, 0, 0],
							"uv": {
								"north": {"uv": [34, 40], "uv_size": [9, 5]},
								"east": {"uv": [58, 0], "uv_size": [5, 5]},
								"south": {"uv": [41, 18], "uv_size": [9, 5]},
								"west": {"uv": [58, 5], "uv_size": [5, 5]},
								"up": {"uv": [20, 41], "uv_size": [9, 5]},
								"down": {"uv": [41, 28], "uv_size": [9, -5]}
							}
						},
						{
							"origin": [-4.5, 28.75, -1.8],
							"size": [9, 5.5, 5],
							"pivot": [0.4, 30.5, 0.45],
							"rotation": [-2.5, 0, 0],
							"uv": {
								"north": {"uv": [32, 22], "uv_size": [9, 6]},
								"east": {"uv": [49, 10], "uv_size": [5, 6]},
								"south": {"uv": [34, 28], "uv_size": [9, 6]},
								"west": {"uv": [50, 16], "uv_size": [5, 6]},
								"up": {"uv": [42, 34], "uv_size": [9, 5]},
								"down": {"uv": [0, 48], "uv_size": [9, -5]}
							}
						},
						{
							"origin": [-1.5, 33.9, -0.35],
							"size": [3, 2, 3],
							"uv": {
								"north": {"uv": [27, 62], "uv_size": [3, 2]},
								"east": {"uv": [62, 55], "uv_size": [3, 2]},
								"south": {"uv": [21, 70], "uv_size": [3, 2]},
								"west": {"uv": [39, 70], "uv_size": [3, 2]},
								"up": {"uv": [29, 69], "uv_size": [3, 3]},
								"down": {"uv": [69, 33], "uv_size": [3, -3]}
							}
						},
						{
							"origin": [-2, 32.9, -1.35],
							"size": [4, 2, 4],
							"pivot": [1, 35.5, 0.7],
							"rotation": [5, 0, 0],
							"uv": {
								"north": {"uv": [70, 0], "uv_size": [4, 2]},
								"east": {"uv": [70, 2], "uv_size": [4, 2]},
								"south": {"uv": [70, 4], "uv_size": [4, 2]},
								"west": {"uv": [70, 6], "uv_size": [4, 2]},
								"up": {"uv": [63, 44], "uv_size": [4, 4]},
								"down": {"uv": [27, 68], "uv_size": [4, -4]}
							}
						}
					]
				},
				{
					"name": "tie",
					"parent": "bodyT",
					"pivot": [0, 34.00562, -1.37851],
					"cubes": [
						{
							"origin": [-2, 32, -1.6],
							"size": [4, 2, 0.01],
							"pivot": [0.4, 30.5, 0.45],
							"rotation": [-2.5, 0, 0],
							"uv": {
								"north": {"uv": [70, 10], "uv_size": [4, 2]},
								"east": {"uv": [32, 28], "uv_size": [1, 2]},
								"south": {"uv": [70, 12], "uv_size": [4, 2]},
								"west": {"uv": [33, 28], "uv_size": [1, 2]},
								"up": {"uv": [70, 41], "uv_size": [4, 1]},
								"down": {"uv": [70, 43], "uv_size": [4, -1]}
							}
						},
						{
							"origin": [-1, 29, -1.6],
							"size": [2, 3, 0.01],
							"pivot": [0.4, 30.5, 0.45],
							"rotation": [-2.5, 0, 0],
							"uv": {
								"north": {"uv": [41, 45], "uv_size": [2, 3]},
								"east": {"uv": [46, 48], "uv_size": [1, 3]},
								"south": {"uv": [24, 70], "uv_size": [2, 3]},
								"west": {"uv": [54, 11], "uv_size": [1, 3]},
								"up": {"uv": [58, 57], "uv_size": [2, 1]},
								"down": {"uv": [63, 51], "uv_size": [2, -1]}
							}
						}
					]
				},
				{
					"name": "tie_2",
					"parent": "tie",
					"pivot": [0, 29.09085, -1.65848],
					"cubes": [
						{
							"origin": [-1, 25.09085, -1.66348],
							"size": [2, 4, 0.01],
							"uv": {
								"north": {"uv": [6, 69], "uv_size": [2, 4]},
								"east": {"uv": [33, 41], "uv_size": [1, 4]},
								"south": {"uv": [36, 69], "uv_size": [2, 4]},
								"west": {"uv": [50, 22], "uv_size": [1, 4]},
								"up": {"uv": [31, 64], "uv_size": [2, 1]},
								"down": {"uv": [66, 55], "uv_size": [2, -1]}
							}
						}
					]
				},
				{
					"name": "bone3",
					"parent": "bodyT",
					"pivot": [1, 35.5, 0.7]
				},
				{
					"name": "head",
					"parent": "bodyT",
					"pivot": [-0.02957, 35.14839, 1.46722],
					"cubes": [
						{
							"origin": [-4, 34.7, -3.1],
							"size": [8, 8, 8],
							"inflate": -0.3,
							"uv": {
								"north": {"uv": [0, 0], "uv_size": [8, 8]},
								"east": {"uv": [0, 8], "uv_size": [8, 8]},
								"south": {"uv": [8, 0], "uv_size": [8, 8]},
								"west": {"uv": [8, 8], "uv_size": [8, 8]},
								"up": {"uv": [0, 16], "uv_size": [8, 8]},
								"down": {"uv": [16, 8], "uv_size": [8, -8]}
							}
						},
						{
							"origin": [-4.6, 39.39286, 1.61944],
							"size": [8, 8, 4],
							"inflate": -0.2,
							"pivot": [-0.6, 43.79286, 1.01944],
							"rotation": [-84.99526, -2.49048, -0.21803],
							"uv": {
								"north": {"uv": [8, 16], "uv_size": [8, 8]},
								"east": {"uv": [0, 48], "uv_size": [4, 8]},
								"south": {"uv": [16, 8], "uv_size": [8, 8]},
								"west": {"uv": [4, 48], "uv_size": [4, 8]},
								"up": {"uv": [8, 48], "uv_size": [8, 4]},
								"down": {"uv": [49, 4], "uv_size": [8, -4]}
							}
						},
						{
							"origin": [-4, 34.7, -3],
							"size": [8, 8, 8],
							"inflate": -0.1,
							"pivot": [0, 38.7, 1],
							"rotation": [4, 0, 0],
							"uv": {
								"north": {"uv": [16, 16], "uv_size": [8, 8]},
								"east": {"uv": [0, 24], "uv_size": [8, 8]},
								"south": {"uv": [24, 0], "uv_size": [8, 8]},
								"west": {"uv": [8, 24], "uv_size": [8, 8]},
								"up": {"uv": [24, 8], "uv_size": [8, 8]},
								"down": {"uv": [16, 32], "uv_size": [8, -8]}
							}
						},
						{
							"origin": [-3.82957, 34.34839, -3.03278],
							"size": [4, 7, 1],
							"pivot": [-2.82957, 36.34839, -2.53278],
							"rotation": [3.55386, 9.98116, 0.61674],
							"uv": {
								"north": {"uv": [12, 52], "uv_size": [4, 7]},
								"east": {"uv": [16, 48], "uv_size": [1, 7]},
								"south": {"uv": [54, 4], "uv_size": [4, 7]},
								"west": {"uv": [60, 68], "uv_size": [1, 7]},
								"up": {"uv": [70, 43], "uv_size": [4, 1]},
								"down": {"uv": [70, 45], "uv_size": [4, -1]}
							}
						},
						{
							"origin": [-0.06399, 34.34839, -3.38008],
							"size": [4, 7, 1],
							"pivot": [0.93601, 36.34839, -2.88008],
							"rotation": [3.55386, -9.98116, -0.61674],
							"uv": {
								"north": {"uv": [33, 54], "uv_size": [4, 7]},
								"east": {"uv": [38, 69], "uv_size": [1, 7]},
								"south": {"uv": [37, 54], "uv_size": [4, 7]},
								"west": {"uv": [20, 70], "uv_size": [1, 7]},
								"up": {"uv": [70, 45], "uv_size": [4, 1]},
								"down": {"uv": [70, 47], "uv_size": [4, -1]}
							}
						},
						{
							"origin": [-3.99639, 38.58016, -1.95957],
							"size": [8, 1, 7],
							"inflate": 0.05,
							"pivot": [-0.19639, 36.58016, 1.94043],
							"rotation": [2.5, 0, 0],
							"uv": {
								"north": {"uv": [43, 33], "uv_size": [8, 1]},
								"east": {"uv": [70, 19], "uv_size": [7, 1]},
								"south": {"uv": [70, 18], "uv_size": [8, 1]},
								"west": {"uv": [70, 20], "uv_size": [7, 1]},
								"up": {"uv": [24, 16], "uv_size": [8, 7]},
								"down": {"uv": [24, 30], "uv_size": [8, -7]}
							}
						}
					]
				},
				{
					"name": "armRT",
					"parent": "bodyT",
					"pivot": [-4.38026, 32.22752, 1.08086],
					"cubes": [
						{
							"origin": [-7.25, 24.7, -0.8],
							"size": [3.5, 8.5, 3.75],
							"pivot": [6.25, 32.2, 0.95],
							"rotation": [2.5, 0, 2.5],
							"uv": {
								"north": {"uv": [20, 32], "uv_size": [4, 9]},
								"east": {"uv": [29, 41], "uv_size": [4, 9]},
								"south": {"uv": [43, 39], "uv_size": [4, 9]},
								"west": {"uv": [45, 0], "uv_size": [4, 9]},
								"up": {"uv": [45, 64], "uv_size": [4, 4]},
								"down": {"uv": [49, 68], "uv_size": [4, -4]}
							}
						}
					]
				},
				{
					"name": "armRB",
					"parent": "armRT",
					"pivot": [-5.7612, 25.2775, 3.15],
					"cubes": [
						{
							"origin": [-7.23876, 18.72752, -0.4],
							"size": [2.75, 7, 3.5],
							"inflate": -0.2,
							"uv": {
								"north": {"uv": [30, 57], "uv_size": [3, 7]},
								"east": {"uv": [41, 54], "uv_size": [4, 7]},
								"south": {"uv": [9, 59], "uv_size": [3, 7]},
								"west": {"uv": [54, 51], "uv_size": [4, 7]},
								"up": {"uv": [20, 66], "uv_size": [3, 4]},
								"down": {"uv": [66, 25], "uv_size": [3, -4]}
							}
						},
						{
							"origin": [-7.48876, 18.72752, -0.65],
							"size": [3.25, 7, 4],
							"inflate": -0.2,
							"uv": {
								"north": {"uv": [12, 59], "uv_size": [3, 7]},
								"east": {"uv": [55, 11], "uv_size": [4, 7]},
								"south": {"uv": [59, 16], "uv_size": [3, 7]},
								"west": {"uv": [16, 55], "uv_size": [4, 7]},
								"up": {"uv": [23, 66], "uv_size": [3, 4]},
								"down": {"uv": [66, 29], "uv_size": [3, -4]}
							}
						}
					]
				},
				{
					"name": "handR",
					"parent": "armRB",
					"pivot": [-5.73876, 18.92752, 2.9],
					"cubes": [
						{
							"origin": [-6.98876, 15.42752, -0.6],
							"size": [2.5, 3.5, 3.5],
							"uv": {
								"north": {"uv": [66, 29], "uv_size": [3, 4]},
								"east": {"uv": [53, 64], "uv_size": [4, 4]},
								"south": {"uv": [66, 33], "uv_size": [3, 4]},
								"west": {"uv": [57, 64], "uv_size": [4, 4]},
								"up": {"uv": [66, 37], "uv_size": [3, 4]},
								"down": {"uv": [66, 54], "uv_size": [3, -4]}
							}
						}
					]
				},
				{
					"name": "armLT",
					"parent": "bodyT",
					"pivot": [4.38121, 32.1839, 1.08086],
					"cubes": [
						{
							"origin": [3.75, 25.2, -0.8],
							"size": [3.5, 8.5, 3.75],
							"pivot": [6.25, 32.2, 0.95],
							"rotation": [2.5, 0, -2.5],
							"uv": {
								"north": {"uv": [45, 9], "uv_size": [4, 9]},
								"east": {"uv": [33, 45], "uv_size": [4, 9]},
								"south": {"uv": [37, 45], "uv_size": [4, 9]},
								"west": {"uv": [17, 46], "uv_size": [4, 9]},
								"up": {"uv": [0, 65], "uv_size": [4, 4]},
								"down": {"uv": [4, 69], "uv_size": [4, -4]}
							}
						}
					]
				},
				{
					"name": "armLB",
					"parent": "armLT",
					"pivot": [5.76124, 25.27752, 3.15],
					"cubes": [
						{
							"origin": [4.51124, 18.72752, -0.4],
							"size": [2.75, 7, 3.5],
							"inflate": -0.2,
							"uv": {
								"north": {"uv": [59, 23], "uv_size": [3, 7]},
								"east": {"uv": [55, 18], "uv_size": [4, 7]},
								"south": {"uv": [59, 30], "uv_size": [3, 7]},
								"west": {"uv": [55, 25], "uv_size": [4, 7]},
								"up": {"uv": [67, 0], "uv_size": [3, 4]},
								"down": {"uv": [67, 8], "uv_size": [3, -4]}
							}
						},
						{
							"origin": [4.26124, 18.72752, -0.65],
							"size": [3.25, 7, 4],
							"inflate": -0.2,
							"uv": {
								"north": {"uv": [59, 37], "uv_size": [3, 7]},
								"east": {"uv": [55, 32], "uv_size": [4, 7]},
								"south": {"uv": [60, 44], "uv_size": [3, 7]},
								"west": {"uv": [55, 39], "uv_size": [4, 7]},
								"up": {"uv": [67, 10], "uv_size": [3, 4]},
								"down": {"uv": [67, 45], "uv_size": [3, -4]}
							}
						}
					]
				},
				{
					"name": "handL",
					"parent": "armLB",
					"pivot": [5.76124, 18.92752, 2.9],
					"cubes": [
						{
							"origin": [4.51124, 15.42752, -0.6],
							"size": [2.5, 3.5, 3.5],
							"uv": {
								"north": {"uv": [67, 65], "uv_size": [3, 4]},
								"east": {"uv": [31, 65], "uv_size": [4, 4]},
								"south": {"uv": [14, 68], "uv_size": [3, 4]},
								"west": {"uv": [35, 65], "uv_size": [4, 4]},
								"up": {"uv": [17, 68], "uv_size": [3, 4]},
								"down": {"uv": [26, 72], "uv_size": [3, -4]}
							}
						}
					]
				}
			]
		}
	]
}