{
	"format_version": "1.8.0",
	"animations": {
		"idle": {
			"loop": true,
			"animation_length": 4.2,
			"bones": {
				"head": {
					"rotation": {
						"0.0": [0, 0, 0],
						"0.56": [12.69, 0, 0],
						"0.68": [27.48, 0, 17.5],
						"0.76": [11.48, 0, 0],
						"1.36": [8.31, 0, 0],
						"1.44": [3.5, 0, -12.5],
						"1.56": [9.72, 0, -0.16],
						"2.08": [10, 0, 0],
						"2.88": [6.15, 0, 0],
						"2.96": [-4.43, 0, -20],
						"3.08": [3.51, 0, -0.5],
						"4.16": [0, 0, 0]
					}
				},
				"jaw": {
					"rotation": {
						"0.0": [0, 0, 0],
						"0.4": [15, 0, 0],
						"0.6": [14.2, 0, 0],
						"0.68": [-11.12, 0, -12.5],
						"0.8": [4.26, 0, 5.43],
						"1.2": [-11.25, 0, 4.78],
						"1.36": [-5.64, 0, 7.02],
						"1.48": [-17.9, 0, -0.78],
						"1.72": [-6.3, 0, 16.79],
						"2.16": [15, 0, 0],
						"2.48": [-4.9, 0, -5],
						"3.12": [6.97, 0, -3.1],
						"3.32": [-16.87, 0, -2.5],
						"3.64": [-15.44, 0, -1.55],
						"4.16": [0, 0, 0]
					}
				},
				"leftEye": {
					"position": {
						"0.0": [0, 0, 0],
						"0.92": [0, 0, 0],
						"0.96": [0, 0, 0],
						"1.36": [0, 0, 0],
						"1.4": [1, 0, 0],
						"2.08": [1, 1, 0],
						"2.12": [-0.02, -0.02, 0],
						"2.68": [-0.02, -0.02, 0],
						"4.16": [0, 0, 0]
					}
				},
				"rightEye": {
					"position": {
						"0.0": [0, 0, 0],
						"0.92": [0, 0, 0],
						"0.96": [-1, 0, 0],
						"1.36": [-1, 0, 0],
						"1.4": [0.01, 0, 0],
						"2.08": [0.01, 1, 0],
						"2.12": [0.01, -0.02, 0],
						"2.68": [0.01, -0.02, 0],
						"4.16": [0, 0, 0]
					}
				},
				"BodyUp": {
					"rotation": {
						"0.0": [0, 0, 0],
						"0.6": [2.88, 0, 0],
						"0.72": [-1.54, 0, 2.5],
						"0.84": [2.88, 0, 0],
						"1.36": [2.88, 0, 0],
						"1.48": [-1.54, 0, 2.5],
						"1.6": [2.88, 0, 0],
						"2.08": [10, 0, 0],
						"2.84": [2.88, 0, 0],
						"2.96": [-11.54, 0, 10],
						"3.08": [2.88, 0, 0],
						"4.16": [0, 0, 0]
					}
				},
				"LeftArmUp": {
					"rotation": {
						"0.0": [0, 0, 15],
						"2.08": [0, 0, 5],
						"4.16": [0, 0, 15]
					}
				},
				"LeftArmDown": {
					"rotation": {
						"0.0": [0, 0, 87.5],
						"2.08": [0, 12.5, 102.5],
						"4.16": [0, 0, 87.5]
					}
				},
				"rightArmUp": {
					"rotation": {
						"0.0": [0, 0, -15],
						"2.08": [0, 0, -5],
						"4.16": [0, 0, -15]
					}
				},
				"rightArmDown": {
					"rotation": {
						"0.0": [0, 0, -87.5],
						"2.08": [0, -10, -97.5],
						"4.16": [0, 0, -87.5]
					}
				},
				"RightLegUp": {
					"rotation": {
						"0.0": [32.5, 0, -20],
						"2.08": [32.5, -2.5, -25],
						"4.16": [32.5, 0, -20]
					}
				},
				"RightLegDown": {
					"rotation": {
						"0.0": [-5, 22.5, -90],
						"2.08": [-5, 30, -95],
						"4.16": [-5, 22.5, -90]
					}
				},
				"LeftLegUp": {
					"rotation": {
						"0.0": [55, 7.5, 20],
						"2.08": [60, 7.5, 20],
						"4.16": [55, 7.5, 20]
					}
				},
				"LeftLegDown": {
					"rotation": {
						"0.0": [-20, 10, 102.5],
						"2.08": [-20, 10, 105],
						"4.16": [-20, 10, 102.5]
					}
				},
				"BodyMiddle": {
					"rotation": {
						"0.0": [0, 0, 0],
						"4.16": [0, 0, 0]
					}
				},
				"BodyDown": {
					"position": {
						"0.0": [0, 2, 0],
						"2.08": [0, 1, 0],
						"4.16": [0, 2, 0]
					}
				},
				"neck": {
					"rotation": ["query.head_pitch", "query.head_yaw", 0]
				}
			}
		},
		"running": {
			"loop": true,
			"animation_length": 1.12,
			"bones": {
				"head": {
					"rotation": {
						"0.0": [7.5, 0, 0],
						"0.28": [-2.5, 0, 5],
						"0.64": [17.5, 0, 10],
						"0.92": [5, 0, 0],
						"1.12": [7.5, 0, 0]
					}
				},
				"jaw": {
					"rotation": {
						"0.0": [0, 0, 0],
						"0.2": [22.5, 0, 5],
						"0.44": [-8.37, 0, 3.7],
						"0.64": [-0.91, 0, 7.61],
						"0.88": [-10.46, 0, 3.81],
						"1.12": [0, 0, 0]
					}
				},
				"neck": {
					"rotation": ["query.head_pitch", "query.head_yaw", 0]
				},
				"leftEye": {
					"position": {
						"0.0": [0, 0, 0],
						"1.12": [0, 0, 0]
					}
				},
				"rightEye": {
					"position": {
						"0.0": [0, 0, 0],
						"1.12": [0, 0, 0]
					}
				},
				"BodyUp": {
					"rotation": {
						"0.0": [0, 0, 0],
						"0.24": [-7.5, 0, 2.5],
						"0.56": [0, 0, 0],
						"0.84": [-5, 0, -2.5],
						"1.12": [0, 0, 0]
					}
				},
				"LeftArmUp": {
					"rotation": {
						"0.0": [-15, 47.5, 40],
						"0.52": [-70, -25, 40],
						"0.84": [-90.67, 23.67, 15],
						"1.12": [-15, 47.5, 40]
					}
				},
				"LeftArmDown": {
					"rotation": {
						"0.0": [0, 0, 42.5],
						"0.52": [0, 0, 85],
						"0.84": [0, 0, 109.83],
						"1.12": [0, 0, 42.5]
					}
				},
				"rightArmUp": {
					"rotation": {
						"0.0": [-10, 0, -27.5],
						"0.28": [-83.27, -25.77, -17.88],
						"0.52": [-67.5, -52.5, -42.5],
						"1.12": [-10, 0, -27.5]
					}
				},
				"rightArmDown": {
					"rotation": {
						"0.0": [0, 0, -105],
						"0.28": [20.19, 1.54, -70.19],
						"0.52": [37.5, 40, -27.5],
						"1.12": [0, 0, -105]
					}
				},
				"RightLegUp": {
					"rotation": {
						"0.0": [5, -32.5, -35],
						"0.52": [5, 40, -35],
						"0.84": [-15, -3.67, -5],
						"1.12": [5, -32.5, -35]
					}
				},
				"RightLegDown": {
					"rotation": {
						"0.0": [-10, 115, 50],
						"0.32": [34.23, 118.08, 122.31],
						"0.52": [37.5, 152.5, 167.5],
						"0.84": [17.17, 100, 97.33],
						"1.12": [-10, 115, 50]
					}
				},
				"LeftLegUp": {
					"rotation": {
						"0.0": [55, -35, 27.5],
						"0.28": [62.5, 23.46, 5],
						"0.52": [55, 22.5, 27.5],
						"1.12": [55, -35, 27.5]
					}
				},
				"LeftLegDown": {
					"rotation": {
						"0.0": [0, 0, 42.5],
						"0.28": [-2.69, 0, 98.85],
						"0.52": [-5, 0, 110],
						"1.12": [0, 0, 42.5]
					}
				},
				"BodyMiddle": {
					"rotation": {
						"0.0": [0, 0, 0],
						"1.12": [0, 0, 0]
					}
				},
				"BodyDown": {
					"position": {
						"0.0": [0, 2, 0],
						"0.24": [0, 3, 0],
						"0.52": [0, 2, 0],
						"0.8": [0, 3, 0],
						"1.12": [0, 2, 0]
					}
				}
			}
		},
		"crouching": {
			"loop": true,
			"animation_length": 1.28,
			"bones": {
				"head": {
					"rotation": {
						"0.0": [7.5, 0, 0],
						"0.44": [-2.5, 0, 5],
						"0.8": [17.5, 0, 10],
						"1.08": [5, 0, 0],
						"1.28": [7.5, 0, 0]
					}
				},
				"jaw": {
					"rotation": {
						"0.0": [0, 0, 0],
						"0.36": [22.5, 0, 5],
						"0.6": [-8.37, 0, 3.7],
						"0.8": [-0.91, 0, 7.61],
						"1.04": [-10.46, 0, 3.81],
						"1.28": [0, 0, 0]
					}
				},
				"neck": {
					"rotation": {
						"0.0": ["query.head_pitch", "query.head_yaw", 0],
						"1.28": ["query.head_pitch", "query.head_yaw", 0]
					}
				},
				"leftEye": {
					"position": {
						"0.0": [0, 0, 0],
						"1.28": [0, 0, 0]
					}
				},
				"rightEye": {
					"position": {
						"0.0": [0, 0, 0],
						"1.28": [0, 0, 0]
					}
				},
				"BodyUp": {
					"rotation": {
						"0.0": [0, 0, 0],
						"0.4": [-7.5, 0, 2.5],
						"0.72": [0, 0, 0],
						"1.0": [-5, 0, -2.5],
						"1.28": [0, 0, 0]
					}
				},
				"LeftArmUp": {
					"rotation": {
						"0.0": [-50, 47.5, 40],
						"0.68": [-70, -25, 27.5],
						"1.0": [-90.67, 23.67, 15],
						"1.28": [-50, 47.5, 40]
					}
				},
				"LeftArmDown": {
					"rotation": {
						"0.0": [0, 0, 42.5],
						"0.68": [0, 0, 85],
						"1.0": [0, 0, 109.83],
						"1.28": [0, 0, 42.5]
					}
				},
				"rightArmUp": {
					"rotation": {
						"0.0": [-45, 0, -27.5],
						"0.44": [-83.27, -25.77, -17.88],
						"0.68": [-90, -52.5, -42.5],
						"1.28": [-45, 0, -27.5]
					}
				},
				"rightArmDown": {
					"rotation": {
						"0.0": [0, 0, -105],
						"0.44": [20.19, 1.54, -70.19],
						"0.68": [37.5, 40, -27.5],
						"1.28": [0, 0, -105]
					}
				},
				"RightLegUp": {
					"rotation": {
						"0.0": [32.5, -32.5, -35],
						"0.68": [7.5, 40, -17.5],
						"1.0": [-15, -3.67, -5],
						"1.28": [32.5, -32.5, -35]
					}
				},
				"RightLegDown": {
					"rotation": {
						"0.0": [-10, 115, 50],
						"0.48": [34.23, 118.08, 122.31],
						"0.68": [37.5, 152.5, 167.5],
						"1.0": [17.17, 100, 97.33],
						"1.28": [-10, 115, 50]
					}
				},
				"LeftLegUp": {
					"rotation": {
						"0.0": [77.5, -35, 27.5],
						"0.44": [62.5, 23.46, 5],
						"0.68": [80, 22.5, 27.5],
						"1.28": [77.5, -35, 27.5]
					}
				},
				"LeftLegDown": {
					"rotation": {
						"0.0": [0, 0, 42.5],
						"0.44": [-2.69, 0, 98.85],
						"0.68": [-5, 0, 110],
						"1.28": [0, 0, 42.5]
					}
				},
				"BodyMiddle": {
					"rotation": {
						"0.0": [0, 0, 0],
						"1.28": [0, 0, 0]
					}
				},
				"BodyDown": {
					"rotation": {
						"0.0": [0, 0, -2.5],
						"0.32": [0, 0, -2.5],
						"0.96": [0, 0, 2.5],
						"1.28": [0, 0, -2.5]
					},
					"position": {
						"0.0": [0, -1, 0],
						"0.32": [0, 0, 0],
						"0.68": [0, -1, 0],
						"0.96": [0, 0, 0],
						"1.28": [0, -1, 0]
					}
				}
			}
		},
		"sprinting": {
			"loop": true,
			"animation_length": 0.64,
			"bones": {
				"head": {
					"rotation": {
						"0.0": [-20, 0, 15],
						"0.12": [-7.5, 0, 2.55],
						"0.28": [-35, 0, -14.06],
						"0.44": [-7.5, 0, -1.14],
						"0.64": [-20, 0, 15]
					}
				},
				"jaw": {
					"rotation": {
						"0.0": [0, 0, 0],
						"0.2": [25, 0, 0],
						"0.32": [-11.82, 0, 0],
						"0.44": [10.11, 0, 0],
						"0.56": [-5.96, 0, 0],
						"0.64": [0, 0, 0]
					}
				},
				"neck": {
					"rotation": ["query.head_pitch", "query.head_yaw", 0]
				},
				"leftEye": {
					"position": {
						"0.0": [0, 0, 0],
						"0.64": [0, 0, 0]
					}
				},
				"rightEye": {
					"position": {
						"0.0": [0, 0, 0],
						"0.64": [0, 0, 0]
					}
				},
				"BodyUp": {
					"rotation": {
						"0.0": [17.5, 0, 0],
						"0.12": [10, 0, 0],
						"0.28": [17.5, 0, 0],
						"0.44": [10, 0, 0],
						"0.64": [17.5, 0, 0]
					}
				},
				"LeftArmUp": {
					"rotation": {
						"0.0": [-37.5, 55, 25],
						"0.16": [-27.5, 13.75, 11.25],
						"0.32": [-17.5, -27.5, 27.5],
						"0.48": [-27.5, 13.75, -6.25],
						"0.64": [-37.5, 55, 25]
					}
				},
				"LeftArmDown": {
					"rotation": {
						"0.0": [0, 0, 22.5],
						"0.16": [0, 0, 97.5],
						"0.32": [0, 0, 102.5],
						"0.48": [0, 37.5, 107.5],
						"0.64": [0, 0, 22.5]
					}
				},
				"rightArmUp": {
					"rotation": {
						"0.0": [12.5, 17.5, -35],
						"0.16": [-95, -8.75, 5],
						"0.32": [-82.5, -35, -35],
						"0.48": [-35, -8.75, -17.5],
						"0.64": [12.5, 17.5, -35]
					}
				},
				"rightArmDown": {
					"rotation": {
						"0.0": [-2.5, 12.5, -67.5],
						"0.16": [-2.5, 12.5, -115],
						"0.32": [-2.5, 12.5, -57.5],
						"0.48": [-2.5, 12.5, -100],
						"0.64": [-2.5, 12.5, -67.5]
					}
				},
				"RightLegUp": {
					"rotation": {
						"0.0": [5, -40, -27.5],
						"0.32": [-5, 52.5, -37.5],
						"0.48": [2.5, -21.25, 15],
						"0.64": [5, -40, -27.5]
					}
				},
				"RightLegDown": {
					"rotation": {
						"0.0": [-10, 115, 50],
						"0.32": [125, 167.5, 172.5],
						"0.48": [57.5, 113.75, 86.25],
						"0.64": [-10, 115, 50]
					}
				},
				"LeftLegUp": {
					"rotation": {
						"0.0": [55, -15, 30],
						"0.16": [62.5, 52.5, 12.5],
						"0.32": [55, 55, 30],
						"0.64": [55, -15, 30]
					}
				},
				"LeftLegDown": {
					"rotation": {
						"0.0": [0, -7.5, 42.5],
						"0.16": [0, -7.5, 123.75],
						"0.32": [0, -7.5, 105],
						"0.48": [0, -7.5, 103.75],
						"0.64": [0, -7.5, 42.5]
					}
				},
				"BodyMiddle": {
					"rotation": {
						"0.0": [0, 0, 0],
						"0.64": [0, 0, 0]
					}
				},
				"BodyDown": {
					"rotation": {
						"0.0": [0, 0, 0],
						"0.16": [0, 0, 5],
						"0.32": [0, 0, 0],
						"0.48": [0, 0, -5],
						"0.64": [0, 0, 0]
					},
					"position": {
						"0.0": [0, 2, 0],
						"0.16": [0, 4, 0],
						"0.32": [0, 2, 0],
						"0.48": [0, 4, 0],
						"0.64": [0, 2, 0]
					}
				}
			}
		},
		"hurt": {
			"animation_length": 0.2,
			"bones": {
				"head": {
					"rotation": {
						"0.0": [0, 0, 0],
						"0.12": [5, 0, -22.5]
					}
				},
				"jaw": {
					"rotation": {
						"0.0": [0, 0, 0],
						"0.12": [-18.5, 0, 0],
						"0.2": [27.5, 0, 0]
					}
				},
				"leftEye": {
					"position": [0, 0, 0]
				},
				"rightEye": {
					"position": [0, 0, 0]
				},
				"BodyUp": {
					"rotation": {
						"0.0": [0, 0, 0],
						"0.2": [25, 0, 0]
					}
				},
				"LeftArmUp": {
					"rotation": {
						"0.0": [0, 0, 15],
						"0.2": [0, 0, -2.5]
					}
				},
				"LeftArmDown": {
					"rotation": {
						"0.0": [0, 0, 87.5],
						"0.2": [0, 27.5, 100]
					}
				},
				"rightArmUp": {
					"rotation": {
						"0.0": [0, 0, -15],
						"0.2": [0, 0, 17.5]
					}
				},
				"rightArmDown": {
					"rotation": {
						"0.0": [0, 0, -87.5],
						"0.2": [0, -45, -87.5]
					}
				},
				"RightLegUp": {
					"rotation": [32.5, 0, -20]
				},
				"RightLegDown": {
					"rotation": [-5, 22.5, -90]
				},
				"LeftLegUp": {
					"rotation": [55, 7.5, 20]
				},
				"LeftLegDown": {
					"rotation": [-20, 10, 102.5]
				},
				"BodyMiddle": {
					"rotation": [0, 0, 0]
				},
				"BodyDown": {
					"rotation": [0, 0, 0],
					"position": [0, 2, 0]
				}
			}
		},
		"jump": {
			"animation_length": 0.16,
			"bones": {
				"head": {
					"rotation": {
						"0.0": ["query.head_pitch", "query.head_yaw", 0],
						"0.12": ["-12.5+query.head_pitch", "query.head_yaw", 0]
					}
				},
				"jaw": {
					"rotation": {
						"0.0": [0, 0, 0],
						"0.12": [55, 0, 0]
					}
				},
				"leftEye": {
					"position": [0, 0, 0]
				},
				"rightEye": {
					"position": [0, 0, 0]
				},
				"BodyUp": {
					"rotation": {
						"0.0": [0, 0, 0],
						"0.16": [-20, 0, 0]
					}
				},
				"LeftArmUp": {
					"rotation": {
						"0.0": [0, 0, 15],
						"0.16": [0, 0, -17.5]
					}
				},
				"LeftArmDown": {
					"rotation": {
						"0.0": [0, 0, 87.5],
						"0.12": [-12.5, 100, 87.5]
					}
				},
				"rightArmUp": {
					"rotation": {
						"0.0": [0, 0, -15],
						"0.16": [0, 0, 47.5]
					}
				},
				"rightArmDown": {
					"rotation": {
						"0.0": [0, 0, -87.5],
						"0.16": [0, -55, -87.5]
					}
				},
				"RightLegUp": {
					"rotation": [32.5, 0, -20]
				},
				"RightLegDown": {
					"rotation": [-5, 22.5, -90]
				},
				"LeftLegUp": {
					"rotation": [55, 7.5, 20]
				},
				"LeftLegDown": {
					"rotation": [-20, 10, 102.5]
				},
				"BodyMiddle": {
					"rotation": [0, 0, 0]
				},
				"BodyDown": {
					"rotation": [-15, 0, 0],
					"position": {
						"0.0": [0, 2, 0],
						"0.16": [0, 5, 0]
					}
				}
			}
		},
		"swipe": {
			"animation_length": 0.2,
			"bones": {
				"head": {
					"rotation": {
						"0.0": ["query.head_pitch", "query.head_yaw", 0],
						"0.2": ["-30+query.head_pitch", "query.head_yaw", -2.5]
					}
				},
				"jaw": {
					"rotation": {
						"0.0": [32.5, 0, 0],
						"0.12": [-22.5, 0, 0]
					}
				},
				"leftEye": {
					"position": [0, 0, 0]
				},
				"rightEye": {
					"position": [0, 0, 0]
				},
				"BodyUp": {
					"rotation": {
						"0.0": [0, 0, 0],
						"0.12": [17.5, 0, 0]
					}
				},
				"LeftArmUp": {
					"rotation": {
						"0.0": [0, 0, 15],
						"0.12": [12.5, 0, 35]
					}
				},
				"LeftArmDown": {
					"rotation": {
						"0.0": [0, 0, 87.5],
						"0.12": [0, 0, 110]
					}
				},
				"rightArmUp": {
					"rotation": {
						"0.0": [0, 0, -15],
						"0.12": [0, 0, -25]
					}
				},
				"rightArmDown": {
					"rotation": {
						"0.0": [0, 0, -87.5],
						"0.12": [0, 20, -87.5]
					}
				},
				"RightLegUp": {
					"rotation": {
						"0.0": [32.5, 0, -20],
						"0.12": [32.5, 27.5, -20]
					}
				},
				"RightLegDown": {
					"rotation": [-5, 22.5, -90]
				},
				"LeftLegUp": {
					"rotation": {
						"0.0": [55, 7.5, 20],
						"0.12": [55, -27.5, 20]
					}
				},
				"LeftLegDown": {
					"rotation": [-20, 10, 102.5]
				},
				"BodyMiddle": {
					"rotation": [0, 0, 0]
				},
				"BodyDown": {
					"position": {
						"0.0": [0, 2, 0],
						"0.12": [0, 2, -3]
					}
				}
			}
		},
		"crouching_idle": {
			"loop": true,
			"animation_length": 5.08,
			"bones": {
				"head": {
					"rotation": {
						"0.0": ["15+query.head_pitch", "query.head_yaw", 0],
						"0.52": [17.11, 0, 0],
						"0.68": [12.76, 0, 12.5],
						"0.8": [20.12, 0, -4.69],
						"1.0": [19.06, 0, 0],
						"1.32": [7.71, 0, 0],
						"1.92": [6.4, 0, 0],
						"2.04": [-4.78, 0, -12.5],
						"2.2": [8.82, 0, 0.83],
						"2.64": [-0.67, 0, 0],
						"2.96": [9.07, 0, 5],
						"3.08": [3.62, 0, -6.33],
						"3.24": [12.48, 0, 1.73],
						"3.4": [16.78, 0, 0],
						"4.28": [10.85, 0, 0],
						"5.08": ["15+query.head_pitch", "query.head_yaw", 0]
					}
				},
				"jaw": {
					"rotation": {
						"0.0": [-15, 0, 0],
						"0.52": [-15, 0, 0],
						"0.64": [-20, 0, 12.5],
						"0.76": [-14.86, 0, 0],
						"1.96": [-7.4, 0, 0],
						"2.04": [-17.59, 0, -10],
						"2.12": [-12.52, 0, 0],
						"3.04": [-10.79, 0, 0],
						"3.12": [1.54, 0, -12.5],
						"3.2": [-16.64, 7.5, -1.99],
						"5.08": [-15, 0, 0]
					}
				},
				"leftEye": {
					"position": {
						"0.0": [0, 0, 0],
						"5.08": [0, 0, 0]
					}
				},
				"rightEye": {
					"position": {
						"0.0": [0, 0, 0],
						"5.08": [0, 0, 0]
					}
				},
				"BodyUp": {
					"rotation": {
						"0.0": [0, 0, 0],
						"5.08": [0, 0, 0]
					}
				},
				"LeftArmUp": {
					"rotation": {
						"0.0": [0, 0, -2.5],
						"2.52": [0, 0, -10],
						"5.08": [0, 0, -2.5]
					}
				},
				"LeftArmDown": {
					"rotation": {
						"0.0": [0, 0, 122.5],
						"2.52": [0, 0, 130],
						"5.08": [0, 0, 122.5]
					}
				},
				"rightArmUp": {
					"rotation": {
						"0.0": [0, 0, 7.5],
						"2.52": [0, 0, 12.5],
						"5.08": [0, 0, 7.5]
					}
				},
				"rightArmDown": {
					"rotation": {
						"0.0": [0, 0, -122.5],
						"2.52": [0, 0, -130],
						"5.08": [0, 0, -122.5]
					}
				},
				"RightLegUp": {
					"rotation": {
						"0.0": [32.5, 0, 2.5],
						"2.52": [32.5, 0, 12.5],
						"5.08": [32.5, 0, 2.5]
					}
				},
				"RightLegDown": {
					"rotation": {
						"0.0": [-5, 22.5, -125],
						"5.08": [-5, 22.5, -125]
					}
				},
				"LeftLegUp": {
					"rotation": {
						"0.0": [55, 7.5, 0],
						"2.52": [55, 7.5, -22.5],
						"5.08": [55, 7.5, 0]
					}
				},
				"LeftLegDown": {
					"rotation": {
						"0.0": [-20, 10, 147.5],
						"5.08": [-20, 10, 147.5]
					}
				},
				"BodyMiddle": {
					"rotation": {
						"0.0": [0, 0, 0],
						"5.08": [0, 0, 0]
					}
				},
				"BodyDown": {
					"position": {
						"0.0": [0, -2, 0],
						"2.52": [0, -3, 0],
						"5.08": [0, -2, 0]
					}
				}
			}
		},
		"dying": {
			"animation_length": 0.72,
			"bones": {
				"head": {
					"rotation": {
						"0.0": [7.5, 0, 0],
						"0.28": [10, 0, -87.5]
					}
				},
				"jaw": {
					"rotation": {
						"0.0": [0, 0, 0],
						"0.28": [-27.5, 0, 0]
					}
				},
				"neck": {
					"rotation": ["query.head_pitch", "query.head_yaw", 0]
				},
				"leftEye": {
					"position": [0, 0, 0]
				},
				"rightEye": {
					"position": [0, 0, 0]
				},
				"BodyUp": {
					"rotation": {
						"0.0": [0, 0, 0],
						"0.28": [-15, 0, 0]
					}
				},
				"LeftArmUp": {
					"rotation": {
						"0.0": [-50, 47.5, 40],
						"0.28": [-77.5, 47.5, 17.5]
					}
				},
				"LeftArmDown": {
					"rotation": [0, 0, 42.5]
				},
				"rightArmUp": {
					"rotation": {
						"0.0": [-45, 0, -27.5],
						"0.28": [-87.5, 0, -10]
					}
				},
				"rightArmDown": {
					"rotation": [0, 0, -105]
				},
				"RightLegUp": {
					"rotation": {
						"0.0": [32.5, -32.5, -35],
						"0.28": [32.5, -32.5, 10]
					}
				},
				"RightLegDown": {
					"rotation": {
						"0.0": [-10, 115, 50],
						"0.28": [-35, 132.5, 85]
					}
				},
				"LeftLegUp": {
					"rotation": {
						"0.0": [77.5, -35, 27.5],
						"0.28": [75, -35, 15]
					}
				},
				"LeftLegDown": {
					"rotation": [0, 0, 42.5]
				},
				"BodyMiddle": {
					"rotation": [0, 0, 0]
				},
				"BodyDown": {
					"rotation": {
						"0.0": [0, 0, -2.5],
						"0.16": [12.5, 0, -2.5]
					},
					"position": {
						"0.0": [0, -1, 0],
						"0.28": [0, -9, 0],
						"0.72": [0, -9, 0]
					}
				}
			}
		}
	},
	"geckolib_format_version": 2
}