{
	"format_version": "1.8.0",
	"animations": {
		"crouching_idle": {
			"loop": true,
			"animation_length": 1,
			"bones": {
				"bone19": {
					"rotation": [5, 0, 0],
					"position": [0, -10, 0]
				},
				"bone8": {
					"rotation": [65, 0, 0],
					"position": [0, -2, 0]
				},
				"bone10": {
					"rotation": {
						"0.0": [0, 0, 0],
						"0.5": [2.5, 0, -2.5],
						"1.0": [0, 0, 0]
					}
				},
				"bone14": {
					"rotation": [90, 0, 0]
				},
				"bone9": {
					"rotation": {
						"0.0": [0, 0, 0],
						"0.5": [0, 0, -2.5],
						"1.0": [0, 0, 0]
					},
					"position": [0, 0, 0]
				},
				"bone12": {
					"rotation": {
						"0.0": [-10, 0, 0],
						"0.4167": [2.49762, 0.10901, -2.49762],
						"1.0": [-10, 0, 0]
					}
				},
				"bone13": {
					"rotation": [90, 0, 0]
				},
				"bone2": {
					"rotation": {
						"0.0": [55, 0, 0],
						"0.5": [57.5, 0, 0],
						"1.0": [55, 0, 0]
					},
					"position": [0, -4, 0]
				},
				"bone": {
					"rotation": {
						"0.0": [-32.5, 0, 0],
						"0.5": [-27.5, 0, 0],
						"1.0": [-32.5, 0, 0]
					},
					"position": [0, 0, -2]
				},
				"bone3": {
					"rotation": {
						"0.0": [-12.5, 0, 0],
						"0.5": [-5, 0, 0],
						"1.0": [-12.5, 0, 0]
					}
				},
				"bone4": {
					"rotation": {
						"0.0": [-12.48107, -0.43523, -4.98107],
						"0.5": [-7.48848, 0.54094, 2.44081],
						"1.0": [-12.48107, -0.43523, -4.98107]
					}
				},
				"bone5": {
					"rotation": {
						"0.0": [-9.96271, 0.86717, 4.92442],
						"0.5": [0, 0, -5],
						"1.0": [-9.96271, 0.86717, 4.92442]
					}
				},
				"bone6": {
					"rotation": {
						"0.0": [-15, 0, 0],
						"0.5": [-37.5, 0, 0],
						"1.0": [-15, 0, 0]
					}
				},
				"bone7": {
					"rotation": {
						"0.0": [-5, 0, 0],
						"0.5": [-15, 0, 0],
						"1.0": [-5, 0, 0]
					}
				},
				"bone18": {
					"rotation": {
						"0.0": [-82.5, 0, 0],
						"0.5": [-85, 0, 0],
						"1.0": [-82.5, 0, 0]
					}
				},
				"bone17": {
					"rotation": {
						"0.0": [15.07734, -4.61854, -1.91757],
						"0.5": [17.28338, -3.73165, 3.61511],
						"1.0": [15.07734, -4.61854, -1.91757]
					}
				},
				"bone15": {
					"rotation": [-82.5, 0, 0]
				},
				"bone16": {
					"rotation": {
						"0.0": [15.37146, 4.09106, 3.45606],
						"0.5": [6.10433, 10.48575, -12.94734],
						"1.0": [15.37146, 4.09106, 3.45606]
					}
				},
				"bone11": {
					"rotation": [-10, 0, 0],
					"position": [0, 0, 0]
				}
			}
		},
		"crouching": {
			"loop": true,
			"animation_length": 0.83333,
			"bones": {
				"bone19": {
					"rotation": [2.5, 0, 0],
					"position": [0, -9, 0]
				},
				"bone8": {
					"rotation": {
						"0.0": [49.97313, 1.91486, -1.60757],
						"0.4583": [49.97313, -1.91486, 1.60757],
						"0.8333": [49.97313, 1.91486, -1.60757]
					},
					"position": [0, -2, 0]
				},
				"bone10": {
					"rotation": {
						"0.0": [-2.5, 0, 0],
						"0.4167": [-51.5, 0, 0],
						"0.8333": [-2.5, 0, 0]
					},
					"position": [0, 1.9, 3.1]
				},
				"bone14": {
					"rotation": {
						"0.0": [95, 0, 0],
						"0.4167": [97.49527, -0.21782, 2.4905],
						"0.8333": [95, 0, 0]
					}
				},
				"bone9": {
					"rotation": {
						"0.0": [-51.5, 0, 0],
						"0.4167": [-2.5, 0, 0],
						"0.8333": [-51.5, 0, 0]
					},
					"position": [0, 1.9, 3.1]
				},
				"bone12": {
					"rotation": {
						"0.0": [57.5, 0, 0],
						"0.4167": [7.5, 0, 0],
						"0.8333": [57.5, 0, 0]
					}
				},
				"bone13": {
					"rotation": {
						"0.0": [95, 0, 0],
						"0.4167": [97.49527, -0.21782, 2.4905],
						"0.8333": [95, 0, 0]
					}
				},
				"bone2": {
					"rotation": {
						"0.0": [54.97436, -2.04767, 1.43455],
						"0.4167": [54.97436, 2.04767, -1.43455],
						"0.8333": [54.97436, -2.04767, 1.43455]
					},
					"position": [0, -4, 0]
				},
				"bone": {
					"rotation": {
						"0.0": [-32.5, 0, 0],
						"0.4167": [-27.5, 0, 0],
						"0.8333": [-32.5, 0, 0]
					},
					"position": [0, 0, -2]
				},
				"bone3": {
					"rotation": {
						"0.0": [-17.5, 0, 0],
						"0.4167": [-2.5, 0, 0],
						"0.8333": [-17.5, 0, 0]
					}
				},
				"bone4": {
					"rotation": {
						"0.0": [-7.48107, -0.43523, -4.98107],
						"0.4167": [-21.98107, -0.43523, -4.98107],
						"0.8333": [-7.48107, -0.43523, -4.98107]
					}
				},
				"bone5": {
					"rotation": {
						"0.0": [-14.96271, 0.86717, 4.92442],
						"0.4167": [10.03729, 0.86717, 4.92442],
						"0.8333": [-14.96271, 0.86717, 4.92442]
					}
				},
				"bone6": {
					"rotation": {
						"0.0": [-7.5, 0, 0],
						"0.4167": [-32.5, 0, 0],
						"0.8333": [-7.5, 0, 0]
					}
				},
				"bone7": {
					"rotation": {
						"0.0": [0, 0, 0],
						"0.4167": [-22.5, 0, 0],
						"0.8333": [0, 0, 0]
					}
				},
				"bone18": {
					"rotation": {
						"0.0": [-105, 0, 0],
						"0.4167": [-57.5, 0, 0],
						"0.8333": [-105, 0, 0]
					},
					"position": {
						"0.0": [0, 0, 0],
						"0.4167": [0, 0.5, -0.5],
						"0.8333": [0, 0, 0]
					}
				},
				"bone17": {
					"rotation": {
						"0.0": [52.83808, 1.68027, 2.79328],
						"0.4167": [-17.16192, 1.68027, 2.79328],
						"0.8333": [52.83808, 1.68027, 2.79328]
					}
				},
				"bone15": {
					"rotation": {
						"0.0": [-57.5, 0, 0],
						"0.4167": [-105, 0, 0],
						"0.8333": [-57.5, 0, 0]
					},
					"position": {
						"0.0": [0, 0, 0],
						"0.4167": [0, 0.5, -0.5],
						"0.8333": [0, 0, 0]
					}
				},
				"bone16": {
					"rotation": {
						"0.0": [-17.16192, 1.68027, 2.79328],
						"0.4167": [52.83808, 1.68027, 2.79328],
						"0.8333": [-17.16192, 1.68027, 2.79328]
					}
				},
				"bone11": {
					"rotation": {
						"0.0": [7.5, 0, 0],
						"0.4167": [57.5, 0, 0],
						"0.8333": [7.5, 0, 0]
					}
				}
			}
		},
		"swipe": {
			"loop": true,
			"animation_length": 0.5,
			"bones": {
				"bone19": {
					"rotation": [5, 0, 0],
					"position": [0, -9, 0]
				},
				"bone8": {
					"rotation": [65, 0, 0],
					"position": [0, -2, 0]
				},
				"bone10": {
					"rotation": [0, 0, 0]
				},
				"bone14": {
					"rotation": [90, 0, 0]
				},
				"bone9": {
					"rotation": [0, 0, 0],
					"position": [0, 0, 0]
				},
				"bone12": {
					"rotation": [-10, 0, 0]
				},
				"bone13": {
					"rotation": [90, 0, 0]
				},
				"bone2": {
					"rotation": [55, 0, 0],
					"position": [0, -4, 0]
				},
				"bone": {
					"rotation": {
						"0.0": [-32.5, 0, 0],
						"0.25": [-42.49063, -3.99495, -2.3967],
						"0.5": [-32.5, 0, 0]
					},
					"position": {
						"0.0": [0, 0, -2],
						"0.25": [0, 1, -3],
						"0.5": [0, 0, -2]
					}
				},
				"bone3": {
					"rotation": {
						"0.0": [-12.5, 0, 0],
						"0.25": [-5, 0, 0],
						"0.5": [-12.5, 0, 0]
					}
				},
				"bone4": {
					"rotation": {
						"0.0": [-12.48107, -0.43523, -4.98107],
						"0.25": [-7.48848, 0.54094, 2.44081],
						"0.5": [-12.48107, -0.43523, -4.98107]
					}
				},
				"bone5": {
					"rotation": {
						"0.0": [-9.96271, 0.86717, 4.92442],
						"0.25": [0, 0, -5],
						"0.5": [-9.96271, 0.86717, 4.92442]
					}
				},
				"bone6": {
					"rotation": {
						"0.0": [-15, 0, 0],
						"0.25": [-37.5, 0, 0],
						"0.5": [-15, 0, 0]
					}
				},
				"bone7": {
					"rotation": {
						"0.0": [-5, 0, 0],
						"0.25": [-15, 0, 0],
						"0.5": [-5, 0, 0]
					}
				},
				"bone18": {
					"rotation": {
						"0.0": [-82.5, 0, 0],
						"0.25": [-110, 0, 0],
						"0.5": [-82.5, 0, 0]
					}
				},
				"bone17": {
					"rotation": {
						"0.0": [15.04337, 2.62456, 0.0302],
						"0.25": [22.52929, 0.23608, -0.72439],
						"0.5": [15.04337, 2.62456, 0.0302]
					}
				},
				"bone15": {
					"rotation": {
						"0.0": [-82.5, 0, 0],
						"0.25": [-115, 0, 0],
						"0.5": [-82.5, 0, 0]
					}
				},
				"bone16": {
					"rotation": {
						"0.0": [15.3326, -0.73075, 2.13214],
						"0.25": [37.89926, 3.21745, 5.20133],
						"0.5": [15.3326, -0.73075, 2.13214]
					}
				},
				"bone11": {
					"rotation": [-10, 0, 0]
				}
			}
		},
		"jump": {
			"loop": true,
			"animation_length": 0.5,
			"bones": {
				"bone19": {
					"position": {
						"0.0": [0, -2.7, -4],
						"0.4167": [0, 0.3, -4]
					}
				},
				"bone10": {
					"rotation": {
						"0.0": [-20, 0, 0],
						"0.25": [12.5, 0, 0]
					}
				},
				"bone11": {
					"rotation": {
						"0.0": [30, 0, 0],
						"0.25": [-2.5, 0, 0]
					}
				},
				"bone14": {
					"rotation": {
						"0.0": [-12.5, 0, 0],
						"0.25": [2.5, 0, 0]
					}
				},
				"bone9": {
					"rotation": {
						"0.0": [-20, 0, 0],
						"0.25": [12.5, 0, 0]
					}
				},
				"bone12": {
					"rotation": [30, 0, 0]
				},
				"bone13": {
					"rotation": {
						"0.0": [-12.5, 0, 0],
						"0.25": [2.5, 0, 0]
					}
				},
				"bone2": {
					"rotation": {
						"0.0": [15, 0, 0],
						"0.25": [-10, 0, 0]
					}
				},
				"bone": {
					"rotation": {
						"0.0": [-35, 0, 0],
						"0.25": [-30, 0, 0]
					}
				},
				"bone3": {
					"rotation": {
						"0.0": [2.5, 0, 0],
						"0.25": [2.5, 0, 0]
					}
				},
				"bone4": {
					"rotation": {
						"0.0": [15, 0, 0],
						"0.25": [2.5, 0, 0]
					}
				},
				"bone5": {
					"rotation": {
						"0.0": [25, 0, 0],
						"0.25": [2.5, 0, 0]
					}
				},
				"bone6": {
					"rotation": {
						"0.0": [12.5, 0, 0],
						"0.25": [-5, 0, 0]
					}
				},
				"bone7": {
					"rotation": {
						"0.0": [20, 0, 0],
						"0.25": [0, 0, 0]
					}
				},
				"bone18": {
					"rotation": {
						"0.0": [-17.5, 0, 0],
						"0.25": [-117.5, 0, 0]
					}
				},
				"bone17": {
					"rotation": {
						"0.0": [-22.5, 0, 0],
						"0.25": [25, 0, 0]
					}
				},
				"bone15": {
					"rotation": {
						"0.0": [-17.5, 0, 0],
						"0.25": [-117.5, 0, 0]
					}
				},
				"bone16": {
					"rotation": {
						"0.0": [-22.5, 0, 0],
						"0.25": [25, 0, 0]
					}
				}
			}
		}
	},
	"geckolib_format_version": 2
}