{
	"format_version": "1.12.0",
	"minecraft:geometry": [
		{
			"description": {
				"identifier": "geometry.unknown",
				"texture_width": 64,
				"texture_height": 64,
				"visible_bounds_width": 3,
				"visible_bounds_height": 3.5,
				"visible_bounds_offset": [0, 1.25, 0]
			},
			"bones": [
				{
					"name": "bone30",
					"pivot": [0, 0, 0]
				},
				{
					"name": "bodi",
					"parent": "bone30",
					"pivot": [0, 18, 5.375],
					"cubes": [
						{
							"origin": [-3.5, 16, 3],
							"size": [7, 2, 4.5],
							"pivot": [1.2, 18, 5],
							"rotation": [15, 0, 0],
							"uv": {
								"north": {"uv": [13, 19], "uv_size": [1, 3]},
								"east": {"uv": [10, 9], "uv_size": [4.5, 2]},
								"south": {"uv": [11, 20], "uv_size": [7, 2]},
								"west": {"uv": [10, 9], "uv_size": [4.5, 2]},
								"up": {"uv": [20, 25], "uv_size": [-7, -5]},
								"down": {"uv": [17, 13.5], "uv_size": [-7, -4.5]}
							}
						},
						{
							"origin": [-3.5, 14, 7.5],
							"size": [1, 2, 0],
							"pivot": [1.2, 18, 5],
							"rotation": [15, 0, 0],
							"uv": {
								"north": {"uv": [10, 9], "uv_size": [1, 2]},
								"east": {"uv": [10, 9], "uv_size": [0, 2]},
								"south": {"uv": [14, 20], "uv_size": [1, 1]},
								"west": {"uv": [10, 9], "uv_size": [0, 2]},
								"up": {"uv": [11, 9], "uv_size": [-1, 0]},
								"down": {"uv": [11, 9], "uv_size": [-1, 0]}
							}
						},
						{
							"origin": [-2.5, 15, 7.5],
							"size": [1, 1, 0],
							"pivot": [2.2, 18, 5],
							"rotation": [15, 0, 0],
							"uv": {
								"north": {"uv": [10, 9], "uv_size": [1, 1]},
								"east": {"uv": [10, 9], "uv_size": [0, 1]},
								"south": {"uv": [14, 20], "uv_size": [1, 1]},
								"west": {"uv": [10, 9], "uv_size": [0, 1]},
								"up": {"uv": [11, 9], "uv_size": [-1, 0]},
								"down": {"uv": [11, 9], "uv_size": [-1, 0]}
							}
						},
						{
							"origin": [-1.5, 14, 7.5],
							"size": [1, 2, 0],
							"pivot": [3.2, 18, 5],
							"rotation": [15, 0, 0],
							"uv": {
								"north": {"uv": [10, 9], "uv_size": [1, 2]},
								"east": {"uv": [10, 9], "uv_size": [0, 2]},
								"south": {"uv": [14, 20], "uv_size": [1, 1]},
								"west": {"uv": [10, 9], "uv_size": [0, 2]},
								"up": {"uv": [11, 9], "uv_size": [-1, 0]},
								"down": {"uv": [11, 9], "uv_size": [-1, 0]}
							}
						},
						{
							"origin": [-1.5, 13, 3],
							"size": [1, 3, 0],
							"pivot": [3.2, 18, 5],
							"rotation": [15, 0, 0],
							"uv": {
								"north": {"uv": [13, 19], "uv_size": [1, 3]},
								"east": {"uv": [10, 9], "uv_size": [0, 3]},
								"south": {"uv": [10, 9], "uv_size": [1, 3]},
								"west": {"uv": [10, 9], "uv_size": [0, 3]},
								"up": {"uv": [11, 9], "uv_size": [-1, 0]},
								"down": {"uv": [11, 9], "uv_size": [-1, 0]}
							}
						},
						{
							"origin": [-0.5, 14, 3],
							"size": [1, 2, 0],
							"pivot": [4.2, 18, 5],
							"rotation": [15, 0, 0],
							"uv": {
								"north": {"uv": [13, 19], "uv_size": [1, 3]},
								"east": {"uv": [10, 9], "uv_size": [0, 2]},
								"south": {"uv": [10, 9], "uv_size": [1, 2]},
								"west": {"uv": [10, 9], "uv_size": [0, 2]},
								"up": {"uv": [11, 9], "uv_size": [-1, 0]},
								"down": {"uv": [11, 9], "uv_size": [-1, 0]}
							}
						},
						{
							"origin": [0.5, 13, 3],
							"size": [1, 3, 0],
							"pivot": [5.2, 18, 5],
							"rotation": [15, 0, 0],
							"uv": {
								"north": {"uv": [13, 19], "uv_size": [1, 3]},
								"east": {"uv": [10, 9], "uv_size": [0, 3]},
								"south": {"uv": [10, 9], "uv_size": [1, 3]},
								"west": {"uv": [10, 9], "uv_size": [0, 3]},
								"up": {"uv": [11, 9], "uv_size": [-1, 0]},
								"down": {"uv": [11, 9], "uv_size": [-1, 0]}
							}
						},
						{
							"origin": [-0.5, 13, 7.5],
							"size": [1, 3, 0],
							"pivot": [4.2, 18, 5],
							"rotation": [15, 0, 0],
							"uv": {
								"north": {"uv": [10, 9], "uv_size": [1, 3]},
								"east": {"uv": [10, 9], "uv_size": [0, 3]},
								"south": {"uv": [14, 20], "uv_size": [1, 1]},
								"west": {"uv": [10, 9], "uv_size": [0, 3]},
								"up": {"uv": [11, 9], "uv_size": [-1, 0]},
								"down": {"uv": [11, 9], "uv_size": [-1, 0]}
							}
						},
						{
							"origin": [0.5, 15, 7.5],
							"size": [1, 1, 0],
							"pivot": [5.2, 18, 5],
							"rotation": [15, 0, 0],
							"uv": {
								"north": {"uv": [10, 9], "uv_size": [1, 1]},
								"east": {"uv": [10, 9], "uv_size": [0, 1]},
								"south": {"uv": [11, 14], "uv_size": [1, 1]},
								"west": {"uv": [10, 9], "uv_size": [0, 1]},
								"up": {"uv": [11, 9], "uv_size": [-1, 0]},
								"down": {"uv": [11, 9], "uv_size": [-1, 0]}
							}
						},
						{
							"origin": [1.5, 14, 7.5],
							"size": [1, 2, 0],
							"pivot": [6.2, 18, 5],
							"rotation": [15, 0, 0],
							"uv": {
								"north": {"uv": [10, 9], "uv_size": [1, 2]},
								"east": {"uv": [10, 9], "uv_size": [0, 2]},
								"south": {"uv": [14, 20], "uv_size": [1, 1]},
								"west": {"uv": [10, 9], "uv_size": [0, 2]},
								"up": {"uv": [11, 9], "uv_size": [-1, 0]},
								"down": {"uv": [11, 9], "uv_size": [-1, 0]}
							}
						},
						{
							"origin": [2.5, 15, 7.5],
							"size": [1, 1, 0],
							"pivot": [7.2, 18, 5],
							"rotation": [15, 0, 0],
							"uv": {
								"north": {"uv": [10, 9], "uv_size": [1, 1]},
								"east": {"uv": [10, 9], "uv_size": [0, 1]},
								"south": {"uv": [14, 20], "uv_size": [1, 1]},
								"west": {"uv": [10, 9], "uv_size": [0, 1]},
								"up": {"uv": [11, 9], "uv_size": [-1, 0]},
								"down": {"uv": [11, 9], "uv_size": [-1, 0]}
							}
						},
						{
							"origin": [-2.5, 18, 4],
							"size": [5, 6, 4],
							"pivot": [1.5, 18, 5],
							"rotation": [15, 0, 0],
							"uv": {
								"north": {"uv": [11, 17], "uv_size": [5, 6]},
								"east": {"uv": [11, 17], "uv_size": [4, 6]},
								"south": {"uv": [11, 17], "uv_size": [5, 6]},
								"west": {"uv": [11, 17], "uv_size": [4, 6]},
								"up": {"uv": [16, 21], "uv_size": [-5, -4]},
								"down": {"uv": [16, 21], "uv_size": [-5, -4]}
							}
						},
						{
							"origin": [-3, 23, 4],
							"size": [0.5, 1, 4],
							"pivot": [1.5, 18, 5],
							"rotation": [15, 0, 0],
							"uv": {
								"north": {"uv": [10, 9], "uv_size": [0.5, 1]},
								"east": {"uv": [10, 9], "uv_size": [4, 1]},
								"south": {"uv": [10, 9], "uv_size": [0.5, 1]},
								"west": {"uv": [10, 9], "uv_size": [4, 1]},
								"up": {"uv": [10.5, 13], "uv_size": [-0.5, -4]},
								"down": {"uv": [10.5, 13], "uv_size": [-0.5, -4]}
							}
						},
						{
							"origin": [2.5, 23, 4],
							"size": [0.5, 1, 4],
							"pivot": [-1.5, 18, 5],
							"rotation": [15, 0, 0],
							"uv": {
								"north": {"uv": [10, 9], "uv_size": [0.5, 1]},
								"east": {"uv": [10, 9], "uv_size": [4, 1]},
								"south": {"uv": [10, 9], "uv_size": [0.5, 1]},
								"west": {"uv": [10, 9], "uv_size": [4, 1]},
								"up": {"uv": [10.5, 13], "uv_size": [-0.5, -4]},
								"down": {"uv": [10.5, 13], "uv_size": [-0.5, -4]}
							}
						},
						{
							"origin": [-0.5, 19, 8],
							"size": [1, 3, 1],
							"pivot": [1.2, 18, 5],
							"rotation": [15, 0, 0],
							"uv": {
								"north": {"uv": [10, 9], "uv_size": [1, 3]},
								"east": {"uv": [10, 9], "uv_size": [1, 3]},
								"south": {"uv": [10, 9], "uv_size": [1, 3]},
								"west": {"uv": [10, 9], "uv_size": [1, 3]},
								"up": {"uv": [11, 10], "uv_size": [-1, -1]},
								"down": {"uv": [11, 10], "uv_size": [-1, -1]}
							}
						},
						{
							"origin": [2.5, 18, 3],
							"size": [1, 3, 4],
							"pivot": [-0.5, 18, 5],
							"rotation": [15, 0, 0],
							"uv": {
								"north": {"uv": [10, 9], "uv_size": [1, 3]},
								"east": {"uv": [10, 9], "uv_size": [4, 3]},
								"south": {"uv": [10, 9], "uv_size": [1, 3]},
								"west": {"uv": [10, 9], "uv_size": [4, 3]},
								"up": {"uv": [11, 13], "uv_size": [-1, -4]},
								"down": {"uv": [11, 13], "uv_size": [-1, -4]}
							}
						},
						{
							"origin": [-3.5, 18, 3],
							"size": [1, 3, 4],
							"pivot": [0.5, 18, 5],
							"rotation": [15, 0, 0],
							"uv": {
								"north": {"uv": [10, 9], "uv_size": [1, 3]},
								"east": {"uv": [10, 9], "uv_size": [4, 3]},
								"south": {"uv": [10, 9], "uv_size": [1, 3]},
								"west": {"uv": [10, 9], "uv_size": [4, 3]},
								"up": {"uv": [11, 13], "uv_size": [-1, -4]},
								"down": {"uv": [11, 13], "uv_size": [-1, -4]}
							}
						}
					]
				},
				{
					"name": "bodi2",
					"parent": "bodi",
					"pivot": [0, 25.25, 6],
					"cubes": [
						{
							"origin": [-3.5, 24.55661, 2.11534],
							"size": [7, 5, 3.25],
							"pivot": [1.15, 24.48653, 6.29659],
							"rotation": [22.5, 0, 0],
							"uv": {
								"north": {"uv": [11, 17], "uv_size": [7, 5]},
								"east": {"uv": [11, 17], "uv_size": [3.25, 5]},
								"south": {"uv": [11, 17], "uv_size": [7, 5]},
								"west": {"uv": [11, 17], "uv_size": [3.25, 5]},
								"up": {"uv": [18, 20.25], "uv_size": [-7, -3.25]},
								"down": {"uv": [18, 20.25], "uv_size": [-7, -3.25]}
							}
						},
						{
							"origin": [-2.5, 24.55661, 5.36534],
							"size": [5, 6, 1],
							"pivot": [1.15, 24.48653, 6.29659],
							"rotation": [22.5, 0, 0],
							"uv": {
								"north": {"uv": [12, 14], "uv_size": [5, 6]},
								"east": {"uv": [12, 14], "uv_size": [1, 6]},
								"south": {"uv": [12, 14], "uv_size": [5, 6]},
								"west": {"uv": [12, 14], "uv_size": [1, 6]},
								"up": {"uv": [17, 15], "uv_size": [-5, -1]},
								"down": {"uv": [17, 15], "uv_size": [-5, -1]}
							}
						},
						{
							"origin": [0, 24.55661, 6.36534],
							"size": [0, 6, 5],
							"pivot": [-1.35, 24.48653, 6.29659],
							"rotation": [22.5, 0, 0],
							"uv": {
								"north": {"uv": [14, 58], "uv_size": [-6, 6]},
								"east": {"uv": [14, 58], "uv_size": [-6, 6]},
								"south": {"uv": [14, 58], "uv_size": [-6, 6]},
								"west": {"uv": [6, 55], "uv_size": [-6, 6]},
								"up": {"uv": [8, 64], "uv_size": [6, -6]},
								"down": {"uv": [8, 64], "uv_size": [6, -6]}
							}
						},
						{
							"origin": [-2, 24.55661, 5.36534],
							"size": [0, 6, 6],
							"pivot": [-3.35, 24.48653, 6.29659],
							"rotation": [30, -20, 0],
							"uv": {
								"north": {"uv": [14, 58], "uv_size": [-6, 6]},
								"east": {"uv": [14, 58], "uv_size": [-6, 6]},
								"south": {"uv": [14, 58], "uv_size": [-6, 6]},
								"west": {"uv": [6, 55], "uv_size": [-6, 6]},
								"up": {"uv": [8, 64], "uv_size": [6, -6]},
								"down": {"uv": [8, 64], "uv_size": [6, -6]}
							}
						},
						{
							"origin": [2, 24.55661, 5.36534],
							"size": [0, 6, 6],
							"pivot": [3.35, 24.48653, 6.29659],
							"rotation": [30, 20, 0],
							"uv": {
								"north": {"uv": [14, 58], "uv_size": [-6, 6]},
								"east": {"uv": [14, 58], "uv_size": [-6, 6]},
								"south": {"uv": [14, 58], "uv_size": [-6, 6]},
								"west": {"uv": [6, 55], "uv_size": [-6, 6]},
								"up": {"uv": [8, 64], "uv_size": [6, -6]},
								"down": {"uv": [8, 64], "uv_size": [6, -6]}
							}
						},
						{
							"origin": [-3.5, 25.55661, 1.61534],
							"size": [3, 3, 0.5],
							"pivot": [1.15, 24.48653, 6.29659],
							"rotation": [22.5, 0, 0],
							"uv": {
								"north": {"uv": [6, 18], "uv_size": [3, 3]},
								"east": {"uv": [6, 18], "uv_size": [0.5, 3]},
								"south": {"uv": [6, 18], "uv_size": [3, 3]},
								"west": {"uv": [6, 18], "uv_size": [0.5, 3]},
								"up": {"uv": [9, 21], "uv_size": [-3, -3]},
								"down": {"uv": [9, 18.5], "uv_size": [-3, -0.5]}
							}
						},
						{
							"origin": [0.5, 25.55661, 1.61534],
							"size": [3, 3, 0.5],
							"pivot": [-1.15, 24.48653, 6.29659],
							"rotation": [22.5, 0, 0],
							"uv": {
								"north": {"uv": [21, 19], "uv_size": [3, 3]},
								"east": {"uv": [21, 19], "uv_size": [0.5, 3]},
								"south": {"uv": [21, 19], "uv_size": [3, 3]},
								"west": {"uv": [21, 19], "uv_size": [0.5, 3]},
								"up": {"uv": [24, 19.5], "uv_size": [-3, -0.5]},
								"down": {"uv": [24, 19.5], "uv_size": [-3, -0.5]}
							}
						},
						{
							"origin": [0.5, 24.55661, 1.61534],
							"size": [2, 1, 0.5],
							"pivot": [-1.15, 24.48653, 6.29659],
							"rotation": [22.5, 0, 0],
							"uv": {
								"north": {"uv": [10, 9], "uv_size": [2, 1]},
								"east": {"uv": [10, 9], "uv_size": [0.5, 1]},
								"south": {"uv": [10, 9], "uv_size": [2, 1]},
								"west": {"uv": [10, 9], "uv_size": [0.5, 1]},
								"up": {"uv": [12, 9.5], "uv_size": [-2, -0.5]},
								"down": {"uv": [12, 9.5], "uv_size": [-2, -0.5]}
							}
						},
						{
							"origin": [-2.5, 24.55661, 1.61534],
							"size": [2, 1, 0.5],
							"pivot": [1.15, 24.48653, 6.29659],
							"rotation": [22.5, 0, 0],
							"uv": {
								"north": {"uv": [10, 9], "uv_size": [2, 1]},
								"east": {"uv": [10, 9], "uv_size": [0.5, 1]},
								"south": {"uv": [10, 9], "uv_size": [2, 1]},
								"west": {"uv": [10, 9], "uv_size": [0.5, 1]},
								"up": {"uv": [12, 9.5], "uv_size": [-2, -0.5]},
								"down": {"uv": [12, 9.5], "uv_size": [-2, -0.5]}
							}
						},
						{
							"origin": [-3, 25.55661, 3.36534],
							"size": [6, 5, 1.6],
							"pivot": [0.9, 25.48653, 6.29659],
							"rotation": [22.5, 0, 0],
							"uv": {
								"north": {"uv": [10, 9], "uv_size": [6, 5]},
								"east": {"uv": [10, 9], "uv_size": [1.6, 5]},
								"south": {"uv": [10, 9], "uv_size": [6, 5]},
								"west": {"uv": [10, 9], "uv_size": [1.6, 5]},
								"up": {"uv": [16, 10.6], "uv_size": [-6, -1.6]},
								"down": {"uv": [16, 10.6], "uv_size": [-6, -1.6]}
							}
						},
						{
							"origin": [-4, 28.55661, 3.36534],
							"size": [3, 2, 2],
							"pivot": [-1.1, 25.48653, 6.29659],
							"rotation": [22.5, 0, -20],
							"uv": {
								"north": {"uv": [10, 9], "uv_size": [3, 2]},
								"east": {"uv": [10, 9], "uv_size": [2, 2]},
								"south": {"uv": [10, 9], "uv_size": [3, 2]},
								"west": {"uv": [10, 9], "uv_size": [2, 2]},
								"up": {"uv": [13, 11], "uv_size": [-3, -2]},
								"down": {"uv": [13, 11], "uv_size": [-3, -2]}
							}
						},
						{
							"origin": [1, 28.55661, 3.36534],
							"size": [3, 2, 2],
							"pivot": [1.1, 25.48653, 6.29659],
							"rotation": [22.5, 0, 20],
							"uv": {
								"north": {"uv": [10, 9], "uv_size": [3, 2]},
								"east": {"uv": [10, 9], "uv_size": [2, 2]},
								"south": {"uv": [10, 9], "uv_size": [3, 2]},
								"west": {"uv": [10, 9], "uv_size": [2, 2]},
								"up": {"uv": [13, 11], "uv_size": [-3, -2]},
								"down": {"uv": [13, 11], "uv_size": [-3, -2]}
							}
						},
						{
							"origin": [-1.5, 29.55661, 2.36534],
							"size": [3, 1, 3],
							"pivot": [1.15, 24.48653, 6.29659],
							"rotation": [22.5, 0, 0],
							"uv": {
								"north": {"uv": [10, 9], "uv_size": [3, 1]},
								"east": {"uv": [10, 9], "uv_size": [3, 1]},
								"south": {"uv": [10, 9], "uv_size": [3, 1]},
								"west": {"uv": [10, 9], "uv_size": [3, 1]},
								"up": {"uv": [13, 12], "uv_size": [-3, -3]},
								"down": {"uv": [13, 12], "uv_size": [-3, -3]}
							}
						},
						{
							"origin": [-0.5, 24.55661, 6.36534],
							"size": [1, 3, 1],
							"pivot": [-0.15, 24.48653, 6.29659],
							"rotation": [22.5, 0, 0],
							"uv": {
								"north": {"uv": [10, 9], "uv_size": [1, 3]},
								"east": {"uv": [10, 9], "uv_size": [1, 3]},
								"south": {"uv": [10, 9], "uv_size": [1, 3]},
								"west": {"uv": [10, 9], "uv_size": [1, 3]},
								"up": {"uv": [11, 10], "uv_size": [-1, -1]},
								"down": {"uv": [11, 10], "uv_size": [-1, -1]}
							}
						}
					]
				},
				{
					"name": "bone9",
					"parent": "bodi2",
					"pivot": [4.375, 27.19653, 2.84196],
					"cubes": [
						{
							"origin": [3.375, 27.69653, -1.65804],
							"size": [2, 2, 4.5],
							"pivot": [3.875, 28.69653, 2.84196],
							"rotation": [90, 0, 0],
							"uv": {
								"north": {"uv": [10, 9], "uv_size": [2, 2]},
								"east": {"uv": [10, 9], "uv_size": [4.5, 2]},
								"south": {"uv": [10, 9], "uv_size": [2, 2]},
								"west": {"uv": [10, 9], "uv_size": [4.5, 2]},
								"up": {"uv": [12, 13.5], "uv_size": [-2, -4.5]},
								"down": {"uv": [12, 13.5], "uv_size": [-2, -4.5]}
							}
						}
					]
				},
				{
					"name": "bone10",
					"parent": "bone9",
					"pivot": [4.5, 24.94885, 2.75884],
					"cubes": [
						{
							"origin": [3.475, 20.04885, 2.10884],
							"size": [2, 1.5, 7.5],
							"pivot": [3.925, 19.54885, 4.10884],
							"rotation": [90, 0, 0],
							"uv": {
								"north": {"uv": [10, 9], "uv_size": [2, 1.5]},
								"east": {"uv": [10, 9], "uv_size": [7.5, 1.5]},
								"south": {"uv": [10, 9], "uv_size": [2, 1.5]},
								"west": {"uv": [10, 9], "uv_size": [7.5, 1.5]},
								"up": {"uv": [12, 16.5], "uv_size": [-2, -7.5]},
								"down": {"uv": [12, 16.5], "uv_size": [-2, -7.5]}
							}
						}
					]
				},
				{
					"name": "golen3",
					"parent": "bone10",
					"pivot": [4.5, 18.39466, 2.74859],
					"cubes": [
						{
							"origin": [3.625, 15.24466, -1.40141],
							"size": [1.75, 1.5, 5.5],
							"pivot": [4.5, 15.99466, 1.34859],
							"rotation": [57.5, 0, 0],
							"uv": {
								"north": {"uv": [10, 9], "uv_size": [1.75, 1.5]},
								"east": {"uv": [10, 9], "uv_size": [5.5, 1.5]},
								"south": {"uv": [10, 9], "uv_size": [1.75, 1.5]},
								"west": {"uv": [10, 9], "uv_size": [5.5, 1.5]},
								"up": {"uv": [11.75, 14.5], "uv_size": [-1.75, -5.5]},
								"down": {"uv": [11.75, 14.5], "uv_size": [-1.75, -5.5]}
							}
						}
					]
				},
				{
					"name": "stopa3",
					"parent": "golen3",
					"pivot": [4.5, 13.94912, 0.06464],
					"rotation": [90, 0, 0],
					"cubes": [
						{
							"origin": [3.25, 13.12735, -1.44619],
							"size": [2.5, 1.5, 1.5],
							"uv": {
								"north": {"uv": [13, 11], "uv_size": [2.5, 1.5]},
								"east": {"uv": [13, 11], "uv_size": [1.5, 1.5]},
								"south": {"uv": [13, 11], "uv_size": [2.5, 1.5]},
								"west": {"uv": [13, 11], "uv_size": [1.5, 1.5]},
								"up": {"uv": [15.5, 12.5], "uv_size": [-2.5, -1.5]},
								"down": {"uv": [15.5, 12.5], "uv_size": [-2.5, -1.5]}
							}
						}
					]
				},
				{
					"name": "bone14",
					"parent": "stopa3",
					"pivot": [4.45, 13.80649, -1.43087],
					"cubes": [
						{
							"origin": [4, 13.05649, -2.73087],
							"size": [0.9, 1.5, 1.5],
							"uv": {
								"north": {"uv": [13, 11], "uv_size": [0.9, 1.5]},
								"east": {"uv": [13, 11], "uv_size": [1.5, 1.5]},
								"south": {"uv": [13, 11], "uv_size": [0.9, 1.5]},
								"west": {"uv": [13, 11], "uv_size": [1.5, 1.5]},
								"up": {"uv": [13.9, 12.5], "uv_size": [-0.9, -1.5]},
								"down": {"uv": [13.9, 12.5], "uv_size": [-0.9, -1.5]}
							}
						}
					]
				},
				{
					"name": "bone15",
					"parent": "bone14",
					"pivot": [4.48333, 13.78319, -2.70714],
					"cubes": [
						{
							"origin": [4, 13.13853, -4.72496],
							"size": [0.9, 1.25, 2],
							"uv": {
								"north": {"uv": [13, 11], "uv_size": [0.9, 1.25]},
								"east": {"uv": [13, 11], "uv_size": [2, 1.25]},
								"south": {"uv": [13, 11], "uv_size": [0.9, 1.25]},
								"west": {"uv": [13, 11], "uv_size": [2, 1.25]},
								"up": {"uv": [13.9, 13], "uv_size": [-0.9, -2]},
								"down": {"uv": [13.9, 13], "uv_size": [-0.9, -2]}
							}
						},
						{
							"origin": [4.25, 13.79302, -5.44823],
							"size": [0.5, 0.5, 0.75],
							"uv": {
								"north": {"uv": [52, 18], "uv_size": [0.5, 0.5]},
								"east": {"uv": [52, 18], "uv_size": [0.75, 0.5]},
								"south": {"uv": [52, 18], "uv_size": [0.5, 0.5]},
								"west": {"uv": [52, 18], "uv_size": [0.75, 0.5]},
								"up": {"uv": [52.5, 18.75], "uv_size": [-0.5, -0.75]},
								"down": {"uv": [52.5, 18.75], "uv_size": [-0.5, -0.75]}
							}
						},
						{
							"origin": [4.25, 13.29302, -5.94823],
							"size": [0.5, 0.5, 1.25],
							"uv": {
								"north": {"uv": [52, 18], "uv_size": [0.5, 0.5]},
								"east": {"uv": [52, 18], "uv_size": [1.25, 0.5]},
								"south": {"uv": [52, 18], "uv_size": [0.5, 0.5]},
								"west": {"uv": [52, 18], "uv_size": [1.25, 0.5]},
								"up": {"uv": [52.5, 19.25], "uv_size": [-0.5, -1.25]},
								"down": {"uv": [52.5, 19.25], "uv_size": [-0.5, -1.25]}
							}
						}
					]
				},
				{
					"name": "bone16",
					"parent": "stopa3",
					"pivot": [3.45, 13.80649, -1.43087],
					"cubes": [
						{
							"origin": [3, 13.05649, -2.73087],
							"size": [0.9, 1.5, 1.5],
							"uv": {
								"north": {"uv": [13, 11], "uv_size": [0.9, 1.5]},
								"east": {"uv": [13, 11], "uv_size": [1.5, 1.5]},
								"south": {"uv": [13, 11], "uv_size": [0.9, 1.5]},
								"west": {"uv": [13, 11], "uv_size": [1.5, 1.5]},
								"up": {"uv": [13.9, 12.5], "uv_size": [-0.9, -1.5]},
								"down": {"uv": [13.9, 12.5], "uv_size": [-0.9, -1.5]}
							}
						}
					]
				},
				{
					"name": "bone17",
					"parent": "bone16",
					"pivot": [3.48333, 13.78319, -2.70714],
					"cubes": [
						{
							"origin": [3, 13.13853, -4.72496],
							"size": [0.9, 1.25, 2],
							"uv": {
								"north": {"uv": [13, 11], "uv_size": [0.9, 1.25]},
								"east": {"uv": [13, 11], "uv_size": [2, 1.25]},
								"south": {"uv": [13, 11], "uv_size": [0.9, 1.25]},
								"west": {"uv": [13, 11], "uv_size": [2, 1.25]},
								"up": {"uv": [13.9, 13], "uv_size": [-0.9, -2]},
								"down": {"uv": [13.9, 13], "uv_size": [-0.9, -2]}
							}
						},
						{
							"origin": [3.25, 13.79302, -5.44823],
							"size": [0.5, 0.5, 0.75],
							"uv": {
								"north": {"uv": [52, 18], "uv_size": [0.5, 0.5]},
								"east": {"uv": [52, 18], "uv_size": [0.75, 0.5]},
								"south": {"uv": [52, 18], "uv_size": [0.5, 0.5]},
								"west": {"uv": [52, 18], "uv_size": [0.75, 0.5]},
								"up": {"uv": [52.5, 18.75], "uv_size": [-0.5, -0.75]},
								"down": {"uv": [52.5, 18.75], "uv_size": [-0.5, -0.75]}
							}
						},
						{
							"origin": [3.25, 13.29302, -5.94823],
							"size": [0.5, 0.5, 1.25],
							"uv": {
								"north": {"uv": [52, 18], "uv_size": [0.5, 0.5]},
								"east": {"uv": [52, 18], "uv_size": [1.25, 0.5]},
								"south": {"uv": [52, 18], "uv_size": [0.5, 0.5]},
								"west": {"uv": [52, 18], "uv_size": [1.25, 0.5]},
								"up": {"uv": [52.5, 19.25], "uv_size": [-0.5, -1.25]},
								"down": {"uv": [52.5, 19.25], "uv_size": [-0.5, -1.25]}
							}
						}
					]
				},
				{
					"name": "bone20",
					"parent": "stopa3",
					"pivot": [3.05, 13.80649, -0.43087],
					"rotation": [0, 90, 0]
				},
				{
					"name": "bone21",
					"parent": "bone20",
					"pivot": [3.08333, 13.78319, -1.70714]
				},
				{
					"name": "bone18",
					"parent": "stopa3",
					"pivot": [5.45, 13.80649, -1.43087],
					"cubes": [
						{
							"origin": [5, 13.05649, -2.73087],
							"size": [0.9, 1.5, 1.5],
							"uv": {
								"north": {"uv": [13, 11], "uv_size": [0.9, 1.5]},
								"east": {"uv": [13, 11], "uv_size": [1.5, 1.5]},
								"south": {"uv": [13, 11], "uv_size": [0.9, 1.5]},
								"west": {"uv": [13, 11], "uv_size": [1.5, 1.5]},
								"up": {"uv": [13.9, 12.5], "uv_size": [-0.9, -1.5]},
								"down": {"uv": [13.9, 12.5], "uv_size": [-0.9, -1.5]}
							}
						}
					]
				},
				{
					"name": "bone19",
					"parent": "bone18",
					"pivot": [5.48333, 13.78319, -2.70714],
					"cubes": [
						{
							"origin": [5, 13.13853, -4.72496],
							"size": [0.9, 1.25, 2],
							"uv": {
								"north": {"uv": [13, 11], "uv_size": [0.9, 1.25]},
								"east": {"uv": [13, 11], "uv_size": [2, 1.25]},
								"south": {"uv": [13, 11], "uv_size": [0.9, 1.25]},
								"west": {"uv": [13, 11], "uv_size": [2, 1.25]},
								"up": {"uv": [13.9, 13], "uv_size": [-0.9, -2]},
								"down": {"uv": [13.9, 13], "uv_size": [-0.9, -2]}
							}
						},
						{
							"origin": [5.25, 13.79302, -5.44823],
							"size": [0.5, 0.5, 0.75],
							"uv": {
								"north": {"uv": [51, 17], "uv_size": [0.5, 0.5]},
								"east": {"uv": [51, 17], "uv_size": [0.75, 0.5]},
								"south": {"uv": [51, 17], "uv_size": [0.5, 0.5]},
								"west": {"uv": [51, 17], "uv_size": [0.75, 0.5]},
								"up": {"uv": [51.5, 17.75], "uv_size": [-0.5, -0.75]},
								"down": {"uv": [51.5, 17.75], "uv_size": [-0.5, -0.75]}
							}
						},
						{
							"origin": [5.25, 13.29302, -5.94823],
							"size": [0.5, 0.5, 1.25],
							"uv": {
								"north": {"uv": [51, 17], "uv_size": [0.5, 0.5]},
								"east": {"uv": [51, 17], "uv_size": [1.25, 0.5]},
								"south": {"uv": [51, 17], "uv_size": [0.5, 0.5]},
								"west": {"uv": [51, 17], "uv_size": [1.25, 0.5]},
								"up": {"uv": [51.5, 18.25], "uv_size": [-0.5, -1.25]},
								"down": {"uv": [51.5, 18.25], "uv_size": [-0.5, -1.25]}
							}
						}
					]
				},
				{
					"name": "bone11",
					"parent": "bodi2",
					"pivot": [-4.375, 27.19653, 2.84196],
					"cubes": [
						{
							"origin": [-5.375, 27.69653, -1.65804],
							"size": [2, 2, 4.5],
							"pivot": [-3.875, 28.69653, 2.84196],
							"rotation": [90, 0, 0],
							"uv": {
								"north": {"uv": [10, 9], "uv_size": [2, 2]},
								"east": {"uv": [10, 9], "uv_size": [4.5, 2]},
								"south": {"uv": [10, 9], "uv_size": [2, 2]},
								"west": {"uv": [10, 9], "uv_size": [4.5, 2]},
								"up": {"uv": [12, 13.5], "uv_size": [-2, -4.5]},
								"down": {"uv": [12, 13.5], "uv_size": [-2, -4.5]}
							}
						}
					]
				},
				{
					"name": "bone12",
					"parent": "bone11",
					"pivot": [-4.5, 24.94885, 2.75884],
					"cubes": [
						{
							"origin": [-5.475, 20.04885, 2.10884],
							"size": [2, 1.5, 7.5],
							"pivot": [-3.925, 19.54885, 4.10884],
							"rotation": [90, 0, 0],
							"uv": {
								"north": {"uv": [10, 9], "uv_size": [2, 1.5]},
								"east": {"uv": [10, 9], "uv_size": [7.5, 1.5]},
								"south": {"uv": [10, 9], "uv_size": [2, 1.5]},
								"west": {"uv": [10, 9], "uv_size": [7.5, 1.5]},
								"up": {"uv": [12, 16.5], "uv_size": [-2, -7.5]},
								"down": {"uv": [12, 16.5], "uv_size": [-2, -7.5]}
							}
						}
					]
				},
				{
					"name": "golen4",
					"parent": "bone12",
					"pivot": [-4.5, 18.39466, 2.74859],
					"cubes": [
						{
							"origin": [-5.375, 15.24466, -1.40141],
							"size": [1.75, 1.5, 5.5],
							"pivot": [-4.5, 15.99466, 1.34859],
							"rotation": [57.5, 0, 0],
							"uv": {
								"north": {"uv": [10, 9], "uv_size": [1.75, 1.5]},
								"east": {"uv": [10, 9], "uv_size": [5.5, 1.5]},
								"south": {"uv": [10, 9], "uv_size": [1.75, 1.5]},
								"west": {"uv": [10, 9], "uv_size": [5.5, 1.5]},
								"up": {"uv": [11.75, 14.5], "uv_size": [-1.75, -5.5]},
								"down": {"uv": [11.75, 14.5], "uv_size": [-1.75, -5.5]}
							}
						}
					]
				},
				{
					"name": "stopa4",
					"parent": "golen4",
					"pivot": [-4.5, 13.94912, 0.06464],
					"rotation": [90, 0, 0],
					"cubes": [
						{
							"origin": [-5.75, 13.12735, -1.44619],
							"size": [2.5, 1.5, 1.5],
							"uv": {
								"north": {"uv": [13, 11], "uv_size": [2.5, 1.5]},
								"east": {"uv": [13, 11], "uv_size": [1.5, 1.5]},
								"south": {"uv": [13, 11], "uv_size": [2.5, 1.5]},
								"west": {"uv": [13, 11], "uv_size": [1.5, 1.5]},
								"up": {"uv": [15.5, 12.5], "uv_size": [-2.5, -1.5]},
								"down": {"uv": [15.5, 12.5], "uv_size": [-2.5, -1.5]}
							}
						}
					]
				},
				{
					"name": "bone22",
					"parent": "stopa4",
					"pivot": [-4.45, 13.80649, -1.43087],
					"cubes": [
						{
							"origin": [-4.9, 13.05649, -2.73087],
							"size": [0.9, 1.5, 1.5],
							"uv": {
								"north": {"uv": [13, 11], "uv_size": [0.9, 1.5]},
								"east": {"uv": [13, 11], "uv_size": [1.5, 1.5]},
								"south": {"uv": [13, 11], "uv_size": [0.9, 1.5]},
								"west": {"uv": [13, 11], "uv_size": [1.5, 1.5]},
								"up": {"uv": [13.9, 12.5], "uv_size": [-0.9, -1.5]},
								"down": {"uv": [13.9, 12.5], "uv_size": [-0.9, -1.5]}
							}
						}
					]
				},
				{
					"name": "bone23",
					"parent": "bone22",
					"pivot": [-4.48333, 13.78319, -2.70714],
					"cubes": [
						{
							"origin": [-4.9, 13.13853, -4.72496],
							"size": [0.9, 1.25, 2],
							"uv": {
								"north": {"uv": [13, 11], "uv_size": [0.9, 1.25]},
								"east": {"uv": [13, 11], "uv_size": [2, 1.25]},
								"south": {"uv": [13, 11], "uv_size": [0.9, 1.25]},
								"west": {"uv": [13, 11], "uv_size": [2, 1.25]},
								"up": {"uv": [13.9, 13], "uv_size": [-0.9, -2]},
								"down": {"uv": [13.9, 13], "uv_size": [-0.9, -2]}
							}
						},
						{
							"origin": [-4.75, 13.79302, -5.44823],
							"size": [0.5, 0.5, 0.75],
							"uv": {
								"north": {"uv": [52, 18], "uv_size": [0.5, 0.5]},
								"east": {"uv": [52, 18], "uv_size": [0.75, 0.5]},
								"south": {"uv": [52, 18], "uv_size": [0.5, 0.5]},
								"west": {"uv": [52, 18], "uv_size": [0.75, 0.5]},
								"up": {"uv": [52.5, 18.75], "uv_size": [-0.5, -0.75]},
								"down": {"uv": [52.5, 18.75], "uv_size": [-0.5, -0.75]}
							}
						},
						{
							"origin": [-4.75, 13.29302, -5.94823],
							"size": [0.5, 0.5, 1.25],
							"uv": {
								"north": {"uv": [52, 18], "uv_size": [0.5, 0.5]},
								"east": {"uv": [52, 18], "uv_size": [1.25, 0.5]},
								"south": {"uv": [52, 18], "uv_size": [0.5, 0.5]},
								"west": {"uv": [52, 18], "uv_size": [1.25, 0.5]},
								"up": {"uv": [52.5, 19.25], "uv_size": [-0.5, -1.25]},
								"down": {"uv": [52.5, 19.25], "uv_size": [-0.5, -1.25]}
							}
						}
					]
				},
				{
					"name": "bone24",
					"parent": "stopa4",
					"pivot": [-3.45, 13.80649, -1.43087],
					"cubes": [
						{
							"origin": [-3.9, 13.05649, -2.73087],
							"size": [0.9, 1.5, 1.5],
							"uv": {
								"north": {"uv": [13, 11], "uv_size": [0.9, 1.5]},
								"east": {"uv": [13, 11], "uv_size": [1.5, 1.5]},
								"south": {"uv": [13, 11], "uv_size": [0.9, 1.5]},
								"west": {"uv": [13, 11], "uv_size": [1.5, 1.5]},
								"up": {"uv": [13.9, 12.5], "uv_size": [-0.9, -1.5]},
								"down": {"uv": [13.9, 12.5], "uv_size": [-0.9, -1.5]}
							}
						}
					]
				},
				{
					"name": "bone25",
					"parent": "bone24",
					"pivot": [-3.48333, 13.78319, -2.70714],
					"cubes": [
						{
							"origin": [-3.9, 13.13853, -4.72496],
							"size": [0.9, 1.25, 2],
							"uv": {
								"north": {"uv": [13, 11], "uv_size": [0.9, 1.25]},
								"east": {"uv": [13, 11], "uv_size": [2, 1.25]},
								"south": {"uv": [13, 11], "uv_size": [0.9, 1.25]},
								"west": {"uv": [13, 11], "uv_size": [2, 1.25]},
								"up": {"uv": [13.9, 13], "uv_size": [-0.9, -2]},
								"down": {"uv": [13.9, 13], "uv_size": [-0.9, -2]}
							}
						},
						{
							"origin": [-3.75, 13.79302, -5.44823],
							"size": [0.5, 0.5, 0.75],
							"uv": {
								"north": {"uv": [52, 18], "uv_size": [0.5, 0.5]},
								"east": {"uv": [52, 18], "uv_size": [0.75, 0.5]},
								"south": {"uv": [52, 18], "uv_size": [0.5, 0.5]},
								"west": {"uv": [52, 18], "uv_size": [0.75, 0.5]},
								"up": {"uv": [52.5, 18.75], "uv_size": [-0.5, -0.75]},
								"down": {"uv": [52.5, 18.75], "uv_size": [-0.5, -0.75]}
							}
						},
						{
							"origin": [-3.75, 13.29302, -5.94823],
							"size": [0.5, 0.5, 1.25],
							"uv": {
								"north": {"uv": [52, 18], "uv_size": [0.5, 0.5]},
								"east": {"uv": [52, 18], "uv_size": [1.25, 0.5]},
								"south": {"uv": [52, 18], "uv_size": [0.5, 0.5]},
								"west": {"uv": [52, 18], "uv_size": [1.25, 0.5]},
								"up": {"uv": [52.5, 19.25], "uv_size": [-0.5, -1.25]},
								"down": {"uv": [52.5, 19.25], "uv_size": [-0.5, -1.25]}
							}
						}
					]
				},
				{
					"name": "bone26",
					"parent": "stopa4",
					"pivot": [-3.05, 13.80649, -0.43087],
					"rotation": [0, -90, 0]
				},
				{
					"name": "bone27",
					"parent": "bone26",
					"pivot": [-3.08333, 13.78319, -1.70714]
				},
				{
					"name": "bone28",
					"parent": "stopa4",
					"pivot": [-5.45, 13.80649, -1.43087],
					"cubes": [
						{
							"origin": [-5.9, 13.05649, -2.73087],
							"size": [0.9, 1.5, 1.5],
							"uv": {
								"north": {"uv": [13, 11], "uv_size": [0.9, 1.5]},
								"east": {"uv": [13, 11], "uv_size": [1.5, 1.5]},
								"south": {"uv": [13, 11], "uv_size": [0.9, 1.5]},
								"west": {"uv": [13, 11], "uv_size": [1.5, 1.5]},
								"up": {"uv": [13.9, 12.5], "uv_size": [-0.9, -1.5]},
								"down": {"uv": [13.9, 12.5], "uv_size": [-0.9, -1.5]}
							}
						}
					]
				},
				{
					"name": "bone29",
					"parent": "bone28",
					"pivot": [-5.48333, 13.78319, -2.70714],
					"cubes": [
						{
							"origin": [-5.9, 13.13853, -4.72496],
							"size": [0.9, 1.25, 2],
							"uv": {
								"north": {"uv": [13, 11], "uv_size": [0.9, 1.25]},
								"east": {"uv": [13, 11], "uv_size": [2, 1.25]},
								"south": {"uv": [13, 11], "uv_size": [0.9, 1.25]},
								"west": {"uv": [13, 11], "uv_size": [2, 1.25]},
								"up": {"uv": [13.9, 13], "uv_size": [-0.9, -2]},
								"down": {"uv": [13.9, 13], "uv_size": [-0.9, -2]}
							}
						},
						{
							"origin": [-5.75, 13.79302, -5.44823],
							"size": [0.5, 0.5, 0.75],
							"uv": {
								"north": {"uv": [52, 18], "uv_size": [0.5, 0.5]},
								"east": {"uv": [52, 18], "uv_size": [0.75, 0.5]},
								"south": {"uv": [52, 18], "uv_size": [0.5, 0.5]},
								"west": {"uv": [52, 18], "uv_size": [0.75, 0.5]},
								"up": {"uv": [52.5, 18.75], "uv_size": [-0.5, -0.75]},
								"down": {"uv": [52.5, 18.75], "uv_size": [-0.5, -0.75]}
							}
						},
						{
							"origin": [-5.75, 13.29302, -5.94823],
							"size": [0.5, 0.5, 1.25],
							"uv": {
								"north": {"uv": [52, 18], "uv_size": [0.5, 0.5]},
								"east": {"uv": [52, 18], "uv_size": [1.25, 0.5]},
								"south": {"uv": [52, 18], "uv_size": [0.5, 0.5]},
								"west": {"uv": [52, 18], "uv_size": [1.25, 0.5]},
								"up": {"uv": [52.5, 19.25], "uv_size": [-0.5, -1.25]},
								"down": {"uv": [52.5, 19.25], "uv_size": [-0.5, -1.25]}
							}
						}
					]
				},
				{
					"name": "bone13",
					"parent": "bodi2",
					"pivot": [0.5, 30, -0.5],
					"cubes": [
						{
							"origin": [-2, 30, -1.5],
							"size": [0.5, 1, 4],
							"uv": {
								"north": {"uv": [10, 9], "uv_size": [0.5, 1]},
								"east": {"uv": [10, 9], "uv_size": [4, 1]},
								"south": {"uv": [10, 9], "uv_size": [0.5, 1]},
								"west": {"uv": [10, 9], "uv_size": [4, 1]},
								"up": {"uv": [10.5, 13], "uv_size": [-0.5, -4]},
								"down": {"uv": [10.5, 13], "uv_size": [-0.5, -4]}
							}
						},
						{
							"origin": [-1.5, 29, 0.5],
							"size": [3, 2, 3],
							"uv": {
								"north": {"uv": [52, 1], "uv_size": [3, 2]},
								"east": {"uv": [10, 9], "uv_size": [3, 2]},
								"south": {"uv": [10, 9], "uv_size": [3, 2]},
								"west": {"uv": [10, 9], "uv_size": [3, 2]},
								"up": {"uv": [13, 12], "uv_size": [-3, -3]},
								"down": {"uv": [13, 12], "uv_size": [-3, -3]}
							}
						},
						{
							"origin": [-1, 32, -1.5],
							"size": [2, 0.25, 3],
							"uv": {
								"north": {"uv": [10, 9], "uv_size": [2, 0.25]},
								"east": {"uv": [10, 9], "uv_size": [3, 0.25]},
								"south": {"uv": [10, 9], "uv_size": [2, 0.25]},
								"west": {"uv": [10, 9], "uv_size": [3, 0.25]},
								"up": {"uv": [12, 12], "uv_size": [-2, -3]},
								"down": {"uv": [12, 12], "uv_size": [-2, -3]}
							}
						},
						{
							"origin": [-1.5, 31.75, -1.5],
							"size": [3, 0.25, 1],
							"uv": {
								"north": {"uv": [10, 9], "uv_size": [3, 0.25]},
								"east": {"uv": [10, 9], "uv_size": [1, 0.25]},
								"south": {"uv": [10, 9], "uv_size": [3, 0.25]},
								"west": {"uv": [10, 9], "uv_size": [1, 0.25]},
								"up": {"uv": [13, 10], "uv_size": [-3, -1]},
								"down": {"uv": [13, 10], "uv_size": [-3, -1]}
							}
						},
						{
							"origin": [-1, 31.75, -2.5],
							"size": [2, 0.25, 1],
							"uv": {
								"north": {"uv": [10, 9], "uv_size": [2, 0.25]},
								"east": {"uv": [10, 9], "uv_size": [1, 0.25]},
								"south": {"uv": [10, 9], "uv_size": [2, 0.25]},
								"west": {"uv": [10, 9], "uv_size": [1, 0.25]},
								"up": {"uv": [12, 10], "uv_size": [-2, -1]},
								"down": {"uv": [12, 10], "uv_size": [-2, -1]}
							}
						},
						{
							"origin": [-1, 31, -1.5],
							"size": [2, 1, 4],
							"uv": {
								"north": {"uv": [51, 2], "uv_size": [2, 1]},
								"east": {"uv": [51, 2], "uv_size": [4, 1]},
								"south": {"uv": [20, 9], "uv_size": [2, 1]},
								"west": {"uv": [51, 2], "uv_size": [4, 1]},
								"up": {"uv": [19, 16], "uv_size": [-2, -4]},
								"down": {"uv": [53, 6], "uv_size": [-2, -4]}
							}
						},
						{
							"origin": [-1.5, 31, -0.5],
							"size": [0.5, 1, 3],
							"uv": {
								"north": {"uv": [10, 9], "uv_size": [0.5, 1]},
								"east": {"uv": [10, 9], "uv_size": [3, 1]},
								"south": {"uv": [10, 9], "uv_size": [0.5, 1]},
								"west": {"uv": [10, 9], "uv_size": [3, 1]},
								"up": {"uv": [10.5, 12], "uv_size": [-0.5, -3]},
								"down": {"uv": [10.5, 12], "uv_size": [-0.5, -3]}
							}
						},
						{
							"origin": [1, 31, -0.5],
							"size": [0.5, 1, 3],
							"uv": {
								"north": {"uv": [10, 9], "uv_size": [0.5, 1]},
								"east": {"uv": [10, 9], "uv_size": [3, 1]},
								"south": {"uv": [10, 9], "uv_size": [0.5, 1]},
								"west": {"uv": [10, 9], "uv_size": [3, 1]},
								"up": {"uv": [10.5, 12], "uv_size": [-0.5, -3]},
								"down": {"uv": [10.5, 12], "uv_size": [-0.5, -3]}
							}
						},
						{
							"origin": [1, 32, -1.5],
							"size": [0, 3, 4],
							"pivot": [-0.5, 32, -0.5],
							"rotation": [0, 0, 25],
							"uv": {
								"north": {"uv": [8, 60], "uv_size": [4, 3]},
								"east": {"uv": [8, 60], "uv_size": [4, 3]},
								"south": {"uv": [8, 60], "uv_size": [4, 3]},
								"west": {"uv": [0, 61], "uv_size": [4, 3]},
								"up": {"uv": [12, 63], "uv_size": [-4, -3]},
								"down": {"uv": [12, 63], "uv_size": [-4, -3]}
							}
						},
						{
							"origin": [-1, 32, -1.5],
							"size": [0, 3, 4],
							"pivot": [0.5, 32, -0.5],
							"rotation": [0, 0, -25],
							"uv": {
								"north": {"uv": [8, 60], "uv_size": [4, 3]},
								"east": {"uv": [4, 61], "uv_size": [-4, 3]},
								"south": {"uv": [8, 60], "uv_size": [4, 3]},
								"west": {"uv": [8, 60], "uv_size": [4, 3]},
								"up": {"uv": [12, 63], "uv_size": [-4, -3]},
								"down": {"uv": [12, 63], "uv_size": [-4, -3]}
							}
						},
						{
							"origin": [-1.5, 30, -3.5],
							"size": [3, 1, 4],
							"uv": {
								"north": {"uv": [52, 9], "uv_size": [3, 1]},
								"east": {"uv": [52, 9], "uv_size": [4, 1]},
								"south": {"uv": [52, 9], "uv_size": [3, 1]},
								"west": {"uv": [52, 9], "uv_size": [4, 1]},
								"up": {"uv": [55, 13], "uv_size": [-3, -4]},
								"down": {"uv": [59, 7], "uv_size": [-3, -4]}
							}
						},
						{
							"origin": [-1.25, 29.5, -3.5],
							"size": [0.25, 0.5, 0.25],
							"uv": {
								"north": {"uv": [57, 18], "uv_size": [0.25, 0.5]},
								"east": {"uv": [57, 18], "uv_size": [0.25, 0.5]},
								"south": {"uv": [57, 18], "uv_size": [0.25, 0.5]},
								"west": {"uv": [57, 18], "uv_size": [0.25, 0.5]},
								"up": {"uv": [57.25, 18.25], "uv_size": [-0.25, -0.25]},
								"down": {"uv": [57.25, 18.25], "uv_size": [-0.25, -0.25]}
							}
						},
						{
							"origin": [1, 29.5, -3.5],
							"size": [0.25, 0.5, 0.25],
							"uv": {
								"north": {"uv": [57, 18], "uv_size": [0.25, 0.5]},
								"east": {"uv": [57, 18], "uv_size": [0.25, 0.5]},
								"south": {"uv": [57, 18], "uv_size": [0.25, 0.5]},
								"west": {"uv": [57, 18], "uv_size": [0.25, 0.5]},
								"up": {"uv": [57.25, 18.25], "uv_size": [-0.25, -0.25]},
								"down": {"uv": [57.25, 18.25], "uv_size": [-0.25, -0.25]}
							}
						},
						{
							"origin": [-1.25, 29.5, -2.75],
							"size": [0.25, 0.5, 0.25],
							"uv": {
								"north": {"uv": [57, 18], "uv_size": [0.25, 0.5]},
								"east": {"uv": [57, 18], "uv_size": [0.25, 0.5]},
								"south": {"uv": [57, 18], "uv_size": [0.25, 0.5]},
								"west": {"uv": [57, 18], "uv_size": [0.25, 0.5]},
								"up": {"uv": [57.25, 18.25], "uv_size": [-0.25, -0.25]},
								"down": {"uv": [57.25, 18.25], "uv_size": [-0.25, -0.25]}
							}
						},
						{
							"origin": [1, 29.5, -2.75],
							"size": [0.25, 0.5, 0.25],
							"uv": {
								"north": {"uv": [57, 18], "uv_size": [0.25, 0.5]},
								"east": {"uv": [57, 18], "uv_size": [0.25, 0.5]},
								"south": {"uv": [57, 18], "uv_size": [0.25, 0.5]},
								"west": {"uv": [57, 18], "uv_size": [0.25, 0.5]},
								"up": {"uv": [57.25, 18.25], "uv_size": [-0.25, -0.25]},
								"down": {"uv": [57.25, 18.25], "uv_size": [-0.25, -0.25]}
							}
						},
						{
							"origin": [-1.25, 29.5, -1.75],
							"size": [0.25, 0.5, 0.25],
							"uv": {
								"north": {"uv": [57, 18], "uv_size": [0.25, 0.5]},
								"east": {"uv": [57, 18], "uv_size": [0.25, 0.5]},
								"south": {"uv": [57, 18], "uv_size": [0.25, 0.5]},
								"west": {"uv": [57, 18], "uv_size": [0.25, 0.5]},
								"up": {"uv": [57.25, 18.25], "uv_size": [-0.25, -0.25]},
								"down": {"uv": [57.25, 18.25], "uv_size": [-0.25, -0.25]}
							}
						},
						{
							"origin": [1, 29.5, -1.75],
							"size": [0.25, 0.5, 0.25],
							"uv": {
								"north": {"uv": [57, 18], "uv_size": [0.25, 0.5]},
								"east": {"uv": [57, 18], "uv_size": [0.25, 0.5]},
								"south": {"uv": [57, 18], "uv_size": [0.25, 0.5]},
								"west": {"uv": [57, 18], "uv_size": [0.25, 0.5]},
								"up": {"uv": [57.25, 18.25], "uv_size": [-0.25, -0.25]},
								"down": {"uv": [57.25, 18.25], "uv_size": [-0.25, -0.25]}
							}
						},
						{
							"origin": [-1.25, 29.5, -1],
							"size": [0.25, 0.5, 0.25],
							"uv": {
								"north": {"uv": [57, 18], "uv_size": [0.25, 0.5]},
								"east": {"uv": [57, 18], "uv_size": [0.25, 0.5]},
								"south": {"uv": [57, 18], "uv_size": [0.25, 0.5]},
								"west": {"uv": [57, 18], "uv_size": [0.25, 0.5]},
								"up": {"uv": [57.25, 18.25], "uv_size": [-0.25, -0.25]},
								"down": {"uv": [57.25, 18.25], "uv_size": [-0.25, -0.25]}
							}
						},
						{
							"origin": [1, 29.5, -1],
							"size": [0.25, 0.5, 0.25],
							"uv": {
								"north": {"uv": [57, 18], "uv_size": [0.25, 0.5]},
								"east": {"uv": [57, 18], "uv_size": [0.25, 0.5]},
								"south": {"uv": [57, 18], "uv_size": [0.25, 0.5]},
								"west": {"uv": [57, 18], "uv_size": [0.25, 0.5]},
								"up": {"uv": [57.25, 18.25], "uv_size": [-0.25, -0.25]},
								"down": {"uv": [57.25, 18.25], "uv_size": [-0.25, -0.25]}
							}
						},
						{
							"origin": [-1, 29.5, -4],
							"size": [0.25, 0.5, 0.25],
							"uv": {
								"north": {"uv": [57, 18], "uv_size": [0.25, 0.5]},
								"east": {"uv": [57, 18], "uv_size": [0.25, 0.5]},
								"south": {"uv": [57, 18], "uv_size": [0.25, 0.5]},
								"west": {"uv": [57, 18], "uv_size": [0.25, 0.5]},
								"up": {"uv": [57.25, 18.25], "uv_size": [-0.25, -0.25]},
								"down": {"uv": [57.25, 18.25], "uv_size": [-0.25, -0.25]}
							}
						},
						{
							"origin": [0.75, 29.5, -4],
							"size": [0.25, 0.5, 0.25],
							"uv": {
								"north": {"uv": [57, 18], "uv_size": [0.25, 0.5]},
								"east": {"uv": [57, 18], "uv_size": [0.25, 0.5]},
								"south": {"uv": [57, 18], "uv_size": [0.25, 0.5]},
								"west": {"uv": [57, 18], "uv_size": [0.25, 0.5]},
								"up": {"uv": [57.25, 18.25], "uv_size": [-0.25, -0.25]},
								"down": {"uv": [57.25, 18.25], "uv_size": [-0.25, -0.25]}
							}
						},
						{
							"origin": [-0.5, 29.5, -4],
							"size": [0.25, 0.5, 0.25],
							"uv": {
								"north": {"uv": [57, 18], "uv_size": [0.25, 0.5]},
								"east": {"uv": [57, 18], "uv_size": [0.25, 0.5]},
								"south": {"uv": [57, 18], "uv_size": [0.25, 0.5]},
								"west": {"uv": [57, 18], "uv_size": [0.25, 0.5]},
								"up": {"uv": [57.25, 18.25], "uv_size": [-0.25, -0.25]},
								"down": {"uv": [57.25, 18.25], "uv_size": [-0.25, -0.25]}
							}
						},
						{
							"origin": [0.25, 29.5, -4],
							"size": [0.25, 0.5, 0.25],
							"uv": {
								"north": {"uv": [57, 18], "uv_size": [0.25, 0.5]},
								"east": {"uv": [57, 18], "uv_size": [0.25, 0.5]},
								"south": {"uv": [57, 18], "uv_size": [0.25, 0.5]},
								"west": {"uv": [57, 18], "uv_size": [0.25, 0.5]},
								"up": {"uv": [57.25, 18.25], "uv_size": [-0.25, -0.25]},
								"down": {"uv": [57.25, 18.25], "uv_size": [-0.25, -0.25]}
							}
						},
						{
							"origin": [-1.25, 30, -4.5],
							"size": [2.5, 1, 1],
							"uv": {
								"north": {"uv": [52, 9], "uv_size": [2.5, 1]},
								"east": {"uv": [52, 9], "uv_size": [1, 1]},
								"south": {"uv": [52, 9], "uv_size": [2.5, 1]},
								"west": {"uv": [52, 9], "uv_size": [1, 1]},
								"up": {"uv": [54.5, 10], "uv_size": [-2.5, -1]},
								"down": {"uv": [54.5, 10], "uv_size": [-2.5, -1]}
							}
						},
						{
							"origin": [-1.125, 31, -4],
							"size": [2.25, 0.25, 3.5],
							"uv": {
								"north": {"uv": [52, 9], "uv_size": [2.25, 0.25]},
								"east": {"uv": [52, 9], "uv_size": [3.5, 0.25]},
								"south": {"uv": [52, 9], "uv_size": [2.25, 0.25]},
								"west": {"uv": [52, 9], "uv_size": [3.5, 0.25]},
								"up": {"uv": [54.25, 12.5], "uv_size": [-2.25, -3.5]},
								"down": {"uv": [54.25, 12.5], "uv_size": [-2.25, -3.5]}
							}
						},
						{
							"origin": [1.5, 30, -1.5],
							"size": [0.5, 1, 4],
							"uv": {
								"north": {"uv": [10, 9], "uv_size": [0.5, 1]},
								"east": {"uv": [10, 9], "uv_size": [4, 1]},
								"south": {"uv": [10, 9], "uv_size": [0.5, 1]},
								"west": {"uv": [10, 9], "uv_size": [4, 1]},
								"up": {"uv": [10.5, 13], "uv_size": [-0.5, -4]},
								"down": {"uv": [10.5, 13], "uv_size": [-0.5, -4]}
							}
						},
						{
							"origin": [-0.5, 31, -2.5],
							"size": [1, 0.75, 1],
							"uv": {
								"north": {"uv": [10, 9], "uv_size": [1, 0.75]},
								"east": {"uv": [10, 9], "uv_size": [1, 0.75]},
								"south": {"uv": [10, 9], "uv_size": [1, 0.75]},
								"west": {"uv": [10, 9], "uv_size": [1, 0.75]},
								"up": {"uv": [11, 10], "uv_size": [-1, -1]},
								"down": {"uv": [11, 10], "uv_size": [-1, -1]}
							}
						}
					]
				},
				{
					"name": "bone",
					"parent": "bone13",
					"pivot": [0, 30, 0.5],
					"rotation": [30, 2.5, 0],
					"cubes": [
						{
							"origin": [-1.5, 29, -3.5],
							"size": [1.5, 0.5, 4],
							"uv": {
								"north": {"uv": [53, 11], "uv_size": [1.5, 0.5]},
								"east": {"uv": [53, 11], "uv_size": [4, 0.5]},
								"south": {"uv": [53, 11], "uv_size": [1.5, 0.5]},
								"west": {"uv": [53, 11], "uv_size": [4, 0.5]},
								"up": {"uv": [54, 5], "uv_size": [-2, -4]},
								"down": {"uv": [54.5, 15], "uv_size": [-1.5, -4]}
							}
						},
						{
							"origin": [-1.5, 29.5, -3.5],
							"size": [0.5, 0.5, 4],
							"uv": {
								"north": {"uv": [53, 11], "uv_size": [0.5, 0.5]},
								"east": {"uv": [53, 11], "uv_size": [4, 0.5]},
								"south": {"uv": [53, 11], "uv_size": [0.5, 0.5]},
								"west": {"uv": [53, 11], "uv_size": [4, 0.5]},
								"up": {"uv": [53.5, 15], "uv_size": [-0.5, -4]},
								"down": {"uv": [53.5, 15], "uv_size": [-0.5, -4]}
							}
						},
						{
							"origin": [-1.25, 29, -4.5],
							"size": [1.25, 0.5, 1],
							"uv": {
								"north": {"uv": [53, 11], "uv_size": [1.25, 0.5]},
								"east": {"uv": [53, 11], "uv_size": [1, 0.5]},
								"south": {"uv": [53, 11], "uv_size": [1.25, 0.5]},
								"west": {"uv": [53, 11], "uv_size": [1, 0.5]},
								"up": {"uv": [54.25, 12], "uv_size": [-1.25, -1]},
								"down": {"uv": [54.25, 12], "uv_size": [-1.25, -1]}
							}
						},
						{
							"origin": [-0.75, 29.5, -4.5],
							"size": [0.75, 0.5, 0.5],
							"uv": {
								"north": {"uv": [53, 11], "uv_size": [0.75, 0.5]},
								"east": {"uv": [53, 11], "uv_size": [0.5, 0.5]},
								"south": {"uv": [53, 11], "uv_size": [0.75, 0.5]},
								"west": {"uv": [53, 11], "uv_size": [0.5, 0.5]},
								"up": {"uv": [53.75, 11.5], "uv_size": [-0.75, -0.5]},
								"down": {"uv": [53.75, 11.5], "uv_size": [-0.75, -0.5]}
							}
						},
						{
							"origin": [-0.5, 30, -4.4],
							"size": [0.25, 0.5, 0.3],
							"uv": {
								"north": {"uv": [53, 17], "uv_size": [0.25, 0.5]},
								"east": {"uv": [53, 17], "uv_size": [0.3, 0.5]},
								"south": {"uv": [53, 17], "uv_size": [0.25, 0.5]},
								"west": {"uv": [53, 17], "uv_size": [0.3, 0.5]},
								"up": {"uv": [53.25, 17.3], "uv_size": [-0.25, -0.3]},
								"down": {"uv": [53.25, 17.3], "uv_size": [-0.25, -0.3]}
							}
						},
						{
							"origin": [-1, 30, -3.9],
							"size": [0.25, 0.5, 0.3],
							"uv": {
								"north": {"uv": [53, 17], "uv_size": [0.25, 0.5]},
								"east": {"uv": [53, 17], "uv_size": [0.3, 0.5]},
								"south": {"uv": [53, 17], "uv_size": [0.25, 0.5]},
								"west": {"uv": [53, 17], "uv_size": [0.3, 0.5]},
								"up": {"uv": [53.25, 17.3], "uv_size": [-0.25, -0.3]},
								"down": {"uv": [53.25, 17.3], "uv_size": [-0.25, -0.3]}
							}
						},
						{
							"origin": [-1.25, 30, -2.4],
							"size": [0.25, 0.5, 0.3],
							"uv": {
								"north": {"uv": [53, 17], "uv_size": [0.25, 0.5]},
								"east": {"uv": [53, 17], "uv_size": [0.3, 0.5]},
								"south": {"uv": [53, 17], "uv_size": [0.25, 0.5]},
								"west": {"uv": [53, 17], "uv_size": [0.3, 0.5]},
								"up": {"uv": [53.25, 17.3], "uv_size": [-0.25, -0.3]},
								"down": {"uv": [53.25, 17.3], "uv_size": [-0.25, -0.3]}
							}
						},
						{
							"origin": [-1.25, 30, -3.15],
							"size": [0.25, 0.5, 0.3],
							"uv": {
								"north": {"uv": [53, 17], "uv_size": [0.25, 0.5]},
								"east": {"uv": [53, 17], "uv_size": [0.3, 0.5]},
								"south": {"uv": [53, 17], "uv_size": [0.25, 0.5]},
								"west": {"uv": [53, 17], "uv_size": [0.3, 0.5]},
								"up": {"uv": [53.25, 17.3], "uv_size": [-0.25, -0.3]},
								"down": {"uv": [53.25, 17.3], "uv_size": [-0.25, -0.3]}
							}
						},
						{
							"origin": [-1.25, 30, -1.4],
							"size": [0.25, 0.5, 0.3],
							"uv": {
								"north": {"uv": [53, 17], "uv_size": [0.25, 0.5]},
								"east": {"uv": [53, 17], "uv_size": [0.3, 0.5]},
								"south": {"uv": [53, 17], "uv_size": [0.25, 0.5]},
								"west": {"uv": [53, 17], "uv_size": [0.3, 0.5]},
								"up": {"uv": [53.25, 17.3], "uv_size": [-0.25, -0.3]},
								"down": {"uv": [53.25, 17.3], "uv_size": [-0.25, -0.3]}
							}
						},
						{
							"origin": [-1.25, 29.5, -4.5],
							"size": [0.5, 0.5, 1],
							"uv": {
								"north": {"uv": [53, 11], "uv_size": [0.5, 0.5]},
								"east": {"uv": [53, 11], "uv_size": [1, 0.5]},
								"south": {"uv": [53, 11], "uv_size": [0.5, 0.5]},
								"west": {"uv": [53, 11], "uv_size": [1, 0.5]},
								"up": {"uv": [53.5, 12], "uv_size": [-0.5, -1]},
								"down": {"uv": [53.5, 12], "uv_size": [-0.5, -1]}
							}
						},
						{
							"origin": [-1, 28.5, -2.5],
							"size": [1, 0.5, 4],
							"uv": {
								"north": {"uv": [54, 10], "uv_size": [1, 0.5]},
								"east": {"uv": [54, 10], "uv_size": [4, 0.5]},
								"south": {"uv": [54, 10], "uv_size": [1, 0.5]},
								"west": {"uv": [54, 10], "uv_size": [4, 0.5]},
								"up": {"uv": [55, 14], "uv_size": [-1, -4]},
								"down": {"uv": [55, 14], "uv_size": [-1, -4]}
							}
						}
					]
				},
				{
					"name": "bone8",
					"parent": "bone13",
					"pivot": [0, 30, 0.5],
					"rotation": [30, -2.5, 0],
					"cubes": [
						{
							"origin": [0, 29, -3.5],
							"size": [1.5, 0.5, 4],
							"uv": {
								"north": {"uv": [53, 11], "uv_size": [1.5, 0.5]},
								"east": {"uv": [53, 11], "uv_size": [4, 0.5]},
								"south": {"uv": [53, 11], "uv_size": [1.5, 0.5]},
								"west": {"uv": [53, 11], "uv_size": [4, 0.5]},
								"up": {"uv": [58, 4], "uv_size": [-2, -4]},
								"down": {"uv": [54.5, 15], "uv_size": [-1.5, -4]}
							}
						},
						{
							"origin": [1, 29.5, -3.5],
							"size": [0.5, 0.5, 4],
							"uv": {
								"north": {"uv": [53, 11], "uv_size": [0.5, 0.5]},
								"east": {"uv": [53, 11], "uv_size": [4, 0.5]},
								"south": {"uv": [53, 11], "uv_size": [0.5, 0.5]},
								"west": {"uv": [53, 11], "uv_size": [4, 0.5]},
								"up": {"uv": [53.5, 15], "uv_size": [-0.5, -4]},
								"down": {"uv": [53.5, 15], "uv_size": [-0.5, -4]}
							}
						},
						{
							"origin": [0, 29, -4.5],
							"size": [1.25, 0.5, 1],
							"uv": {
								"north": {"uv": [53, 11], "uv_size": [1.25, 0.5]},
								"east": {"uv": [53, 11], "uv_size": [1, 0.5]},
								"south": {"uv": [53, 11], "uv_size": [1.25, 0.5]},
								"west": {"uv": [53, 11], "uv_size": [1, 0.5]},
								"up": {"uv": [54.25, 12], "uv_size": [-1.25, -1]},
								"down": {"uv": [54.25, 12], "uv_size": [-1.25, -1]}
							}
						},
						{
							"origin": [0, 29.5, -4.5],
							"size": [0.75, 0.5, 0.5],
							"uv": {
								"north": {"uv": [53, 11], "uv_size": [0.75, 0.5]},
								"east": {"uv": [53, 11], "uv_size": [0.5, 0.5]},
								"south": {"uv": [53, 11], "uv_size": [0.75, 0.5]},
								"west": {"uv": [53, 11], "uv_size": [0.5, 0.5]},
								"up": {"uv": [53.75, 11.5], "uv_size": [-0.75, -0.5]},
								"down": {"uv": [53.75, 11.5], "uv_size": [-0.75, -0.5]}
							}
						},
						{
							"origin": [0.25, 30, -4.4],
							"size": [0.25, 0.5, 0.3],
							"uv": {
								"north": {"uv": [53, 17], "uv_size": [0.25, 0.5]},
								"east": {"uv": [53, 17], "uv_size": [0.3, 0.5]},
								"south": {"uv": [53, 17], "uv_size": [0.25, 0.5]},
								"west": {"uv": [53, 17], "uv_size": [0.3, 0.5]},
								"up": {"uv": [53.25, 17.3], "uv_size": [-0.25, -0.3]},
								"down": {"uv": [53.25, 17.3], "uv_size": [-0.25, -0.3]}
							}
						},
						{
							"origin": [0.75, 30, -3.9],
							"size": [0.25, 0.5, 0.3],
							"uv": {
								"north": {"uv": [53, 17], "uv_size": [0.25, 0.5]},
								"east": {"uv": [53, 17], "uv_size": [0.3, 0.5]},
								"south": {"uv": [53, 17], "uv_size": [0.25, 0.5]},
								"west": {"uv": [53, 17], "uv_size": [0.3, 0.5]},
								"up": {"uv": [53.25, 17.3], "uv_size": [-0.25, -0.3]},
								"down": {"uv": [53.25, 17.3], "uv_size": [-0.25, -0.3]}
							}
						},
						{
							"origin": [1, 30, -2.4],
							"size": [0.25, 0.5, 0.3],
							"uv": {
								"north": {"uv": [53, 17], "uv_size": [0.25, 0.5]},
								"east": {"uv": [53, 17], "uv_size": [0.3, 0.5]},
								"south": {"uv": [53, 17], "uv_size": [0.25, 0.5]},
								"west": {"uv": [53, 17], "uv_size": [0.3, 0.5]},
								"up": {"uv": [53.25, 17.3], "uv_size": [-0.25, -0.3]},
								"down": {"uv": [53.25, 17.3], "uv_size": [-0.25, -0.3]}
							}
						},
						{
							"origin": [1, 30, -3.15],
							"size": [0.25, 0.5, 0.3],
							"uv": {
								"north": {"uv": [53, 17], "uv_size": [0.25, 0.5]},
								"east": {"uv": [53, 17], "uv_size": [0.3, 0.5]},
								"south": {"uv": [53, 17], "uv_size": [0.25, 0.5]},
								"west": {"uv": [53, 17], "uv_size": [0.3, 0.5]},
								"up": {"uv": [53.25, 17.3], "uv_size": [-0.25, -0.3]},
								"down": {"uv": [53.25, 17.3], "uv_size": [-0.25, -0.3]}
							}
						},
						{
							"origin": [1, 30, -1.4],
							"size": [0.25, 0.5, 0.3],
							"uv": {
								"north": {"uv": [53, 17], "uv_size": [0.25, 0.5]},
								"east": {"uv": [53, 17], "uv_size": [0.3, 0.5]},
								"south": {"uv": [53, 17], "uv_size": [0.25, 0.5]},
								"west": {"uv": [53, 17], "uv_size": [0.3, 0.5]},
								"up": {"uv": [53.25, 17.3], "uv_size": [-0.25, -0.3]},
								"down": {"uv": [53.25, 17.3], "uv_size": [-0.25, -0.3]}
							}
						},
						{
							"origin": [0.75, 29.5, -4.5],
							"size": [0.5, 0.5, 1],
							"uv": {
								"north": {"uv": [53, 11], "uv_size": [0.5, 0.5]},
								"east": {"uv": [53, 11], "uv_size": [1, 0.5]},
								"south": {"uv": [53, 11], "uv_size": [0.5, 0.5]},
								"west": {"uv": [53, 11], "uv_size": [1, 0.5]},
								"up": {"uv": [53.5, 12], "uv_size": [-0.5, -1]},
								"down": {"uv": [53.5, 12], "uv_size": [-0.5, -1]}
							}
						},
						{
							"origin": [0, 28.5, -2.5],
							"size": [1, 0.5, 4],
							"uv": {
								"north": {"uv": [54, 10], "uv_size": [1, 0.5]},
								"east": {"uv": [54, 10], "uv_size": [4, 0.5]},
								"south": {"uv": [54, 10], "uv_size": [1, 0.5]},
								"west": {"uv": [54, 10], "uv_size": [4, 0.5]},
								"up": {"uv": [55, 14], "uv_size": [-1, -4]},
								"down": {"uv": [55, 14], "uv_size": [-1, -4]}
							}
						}
					]
				},
				{
					"name": "bone2",
					"parent": "bone30",
					"pivot": [2.875, 17.19653, 5.34196],
					"cubes": [
						{
							"origin": [1.875, 16.69653, 0.84196],
							"size": [2, 4, 4.5],
							"pivot": [2.375, 18.69653, 5.34196],
							"rotation": [90, 0, 0],
							"uv": {
								"north": {"uv": [10, 9], "uv_size": [2, 4]},
								"east": {"uv": [10, 9], "uv_size": [4.5, 4]},
								"south": {"uv": [10, 9], "uv_size": [2, 4]},
								"west": {"uv": [10, 9], "uv_size": [4.5, 4]},
								"up": {"uv": [12, 13.5], "uv_size": [-2, -4.5]},
								"down": {"uv": [10, 23], "uv_size": [-2, -5]}
							}
						}
					]
				},
				{
					"name": "bone6",
					"parent": "bone2",
					"pivot": [3, 14.94885, 5.25884],
					"rotation": [12.5, 0, 0],
					"cubes": [
						{
							"origin": [1.575, 9.04885, 1.85884],
							"size": [2.85, 3.5, 7.5],
							"pivot": [2.425, 9.54885, 3.85884],
							"rotation": [62.5, 0, 0],
							"uv": {
								"north": {"uv": [10, 9], "uv_size": [2.85, 3.5]},
								"east": {"uv": [10, 9], "uv_size": [7.5, 3.5]},
								"south": {"uv": [10, 9], "uv_size": [2.85, 3.5]},
								"west": {"uv": [10, 9], "uv_size": [7.5, 3.5]},
								"up": {"uv": [12.85, 16.5], "uv_size": [-2.85, -7.5]},
								"down": {"uv": [13, 24], "uv_size": [-3, -8]}
							}
						}
					]
				},
				{
					"name": "bone7",
					"parent": "bone6",
					"pivot": [3.075, 9.1217, 0.29011],
					"cubes": [
						{
							"origin": [1.675, 6.6217, 1.29011],
							"size": [2.65, 1.5, 5.5],
							"pivot": [2.325, 7.1217, 3.29011],
							"rotation": [130, 0, 0],
							"uv": {
								"north": {"uv": [10, 9], "uv_size": [2.65, 1.5]},
								"east": {"uv": [10, 9], "uv_size": [5.5, 1.5]},
								"south": {"uv": [10, 9], "uv_size": [2.65, 1.5]},
								"west": {"uv": [10, 9], "uv_size": [5.5, 1.5]},
								"up": {"uv": [15, 22], "uv_size": [-3, -6]},
								"down": {"uv": [12.65, 14.5], "uv_size": [-2.65, -5.5]}
							}
						}
					]
				},
				{
					"name": "golen2",
					"parent": "bone7",
					"pivot": [3, 5.89466, 4.94859],
					"cubes": [
						{
							"origin": [1.625, 3.24466, 0.09859],
							"size": [2.75, 1.5, 5.5],
							"pivot": [3, 3.99466, 2.84859],
							"rotation": [57.5, 0, 0],
							"uv": {
								"north": {"uv": [13, 22], "uv_size": [2.75, 1.5]},
								"east": {"uv": [13, 22], "uv_size": [5.5, 1.5]},
								"south": {"uv": [13, 22], "uv_size": [2.75, 1.5]},
								"west": {"uv": [13, 22], "uv_size": [5.5, 1.5]},
								"up": {"uv": [15.75, 27.5], "uv_size": [-2.75, -5.5]},
								"down": {"uv": [15.75, 27.5], "uv_size": [-2.75, -5.5]}
							}
						}
					]
				},
				{
					"name": "stopa2",
					"parent": "golen2",
					"pivot": [3, 1.94912, 1.56464],
					"rotation": [-15, 0, 0],
					"cubes": [
						{
							"origin": [1.5, 1.12735, 0.05381],
							"size": [3, 1.5, 1.5],
							"pivot": [3, 1.97137, 1.52994],
							"rotation": [32.5, 0, 0],
							"uv": {
								"north": {"uv": [14, 25], "uv_size": [3, 1.5]},
								"east": {"uv": [14, 25], "uv_size": [1.5, 1.5]},
								"south": {"uv": [14, 25], "uv_size": [3, 1.5]},
								"west": {"uv": [14, 25], "uv_size": [1.5, 1.5]},
								"up": {"uv": [17, 26.5], "uv_size": [-3, -1.5]},
								"down": {"uv": [17, 26.5], "uv_size": [-3, -1.5]}
							}
						},
						{
							"origin": [3.30596, 0.25, -1.158],
							"size": [1, 1.5, 1.5],
							"pivot": [3, 1.97137, 1.52994],
							"rotation": [0, -10, 0],
							"uv": {
								"north": {"uv": [14, 25], "uv_size": [1, 1.5]},
								"east": {"uv": [14, 25], "uv_size": [1.5, 1.5]},
								"south": {"uv": [14, 25], "uv_size": [1, 1.5]},
								"west": {"uv": [14, 25], "uv_size": [1.5, 1.5]},
								"up": {"uv": [15, 26.5], "uv_size": [-1, -1.5]},
								"down": {"uv": [15, 26.5], "uv_size": [-1, -1.5]}
							}
						},
						{
							"origin": [2.5, 0.25, -1],
							"size": [1, 1.5, 1.5],
							"uv": {
								"north": {"uv": [14, 25], "uv_size": [1, 1.5]},
								"east": {"uv": [14, 25], "uv_size": [1.5, 1.5]},
								"south": {"uv": [14, 25], "uv_size": [1, 1.5]},
								"west": {"uv": [14, 25], "uv_size": [1.5, 1.5]},
								"up": {"uv": [15, 26.5], "uv_size": [-1, -1.5]},
								"down": {"uv": [15, 26.5], "uv_size": [-1, -1.5]}
							}
						},
						{
							"origin": [1.69404, 0.25, -1.158],
							"size": [1, 1.5, 1.5],
							"pivot": [3, 1.97137, 1.52994],
							"rotation": [0, 10, 0],
							"uv": {
								"north": {"uv": [14, 25], "uv_size": [1, 1.5]},
								"east": {"uv": [14, 25], "uv_size": [1.5, 1.5]},
								"south": {"uv": [14, 25], "uv_size": [1, 1.5]},
								"west": {"uv": [14, 25], "uv_size": [1.5, 1.5]},
								"up": {"uv": [15, 26.5], "uv_size": [-1, -1.5]},
								"down": {"uv": [15, 26.5], "uv_size": [-1, -1.5]}
							}
						},
						{
							"origin": [1.94404, 1.61519, -1.85815],
							"size": [0.5, 0.5, 0.75],
							"pivot": [3, 1.97137, 1.52994],
							"rotation": [12.5, 10, 0],
							"uv": {
								"north": {"uv": [52, 17], "uv_size": [0.5, 0.5]},
								"east": {"uv": [52, 17], "uv_size": [0.75, 0.5]},
								"south": {"uv": [52, 17], "uv_size": [0.5, 0.5]},
								"west": {"uv": [52, 17], "uv_size": [0.75, 0.5]},
								"up": {"uv": [52.5, 17.75], "uv_size": [-0.5, -0.75]},
								"down": {"uv": [52.5, 17.75], "uv_size": [-0.5, -0.75]}
							}
						},
						{
							"origin": [1.94404, 1.11519, -2.35815],
							"size": [0.5, 0.5, 1.5],
							"pivot": [3, 1.97137, 1.52994],
							"rotation": [12.5, 10, 0],
							"uv": {
								"north": {"uv": [52, 17], "uv_size": [0.5, 0.5]},
								"east": {"uv": [52, 17], "uv_size": [1.5, 0.5]},
								"south": {"uv": [52, 17], "uv_size": [0.5, 0.5]},
								"west": {"uv": [52, 17], "uv_size": [1.5, 0.5]},
								"up": {"uv": [52.5, 18.5], "uv_size": [-0.5, -1.5]},
								"down": {"uv": [52.5, 18.5], "uv_size": [-0.5, -1.5]}
							}
						},
						{
							"origin": [2.75, 1.07653, -2.20438],
							"size": [0.5, 0.5, 1.25],
							"pivot": [3, 1.97137, 1.52994],
							"rotation": [12.5, 0, 0],
							"uv": {
								"north": {"uv": [52, 17], "uv_size": [0.5, 0.5]},
								"east": {"uv": [52, 17], "uv_size": [1.25, 0.5]},
								"south": {"uv": [52, 17], "uv_size": [0.5, 0.5]},
								"west": {"uv": [52, 17], "uv_size": [1.25, 0.5]},
								"up": {"uv": [52.5, 18.25], "uv_size": [-0.5, -1.25]},
								"down": {"uv": [52.5, 18.25], "uv_size": [-0.5, -1.25]}
							}
						},
						{
							"origin": [2.75, 1.57653, -1.70438],
							"size": [0.5, 0.5, 0.75],
							"pivot": [3, 1.97137, 1.52994],
							"rotation": [12.5, 0, 0],
							"uv": {
								"north": {"uv": [52, 17], "uv_size": [0.5, 0.5]},
								"east": {"uv": [52, 17], "uv_size": [0.75, 0.5]},
								"south": {"uv": [52, 17], "uv_size": [0.5, 0.5]},
								"west": {"uv": [52, 17], "uv_size": [0.75, 0.5]},
								"up": {"uv": [52.5, 17.75], "uv_size": [-0.5, -0.75]},
								"down": {"uv": [52.5, 17.75], "uv_size": [-0.5, -0.75]}
							}
						},
						{
							"origin": [3.55596, 1.11519, -2.35815],
							"size": [0.5, 0.5, 1.5],
							"pivot": [3, 1.97137, 1.52994],
							"rotation": [12.5, -10, 0],
							"uv": {
								"north": {"uv": [52, 17], "uv_size": [0.5, 0.5]},
								"east": {"uv": [52, 17], "uv_size": [1.5, 0.5]},
								"south": {"uv": [52, 17], "uv_size": [0.5, 0.5]},
								"west": {"uv": [52, 17], "uv_size": [1.5, 0.5]},
								"up": {"uv": [52.5, 18.5], "uv_size": [-0.5, -1.5]},
								"down": {"uv": [52.5, 18.5], "uv_size": [-0.5, -1.5]}
							}
						},
						{
							"origin": [3.55596, 1.61519, -1.85815],
							"size": [0.5, 0.5, 0.75],
							"pivot": [3, 1.97137, 1.52994],
							"rotation": [12.5, -10, 0],
							"uv": {
								"north": {"uv": [52, 17], "uv_size": [0.5, 0.5]},
								"east": {"uv": [52, 17], "uv_size": [0.75, 0.5]},
								"south": {"uv": [52, 17], "uv_size": [0.5, 0.5]},
								"west": {"uv": [52, 17], "uv_size": [0.75, 0.5]},
								"up": {"uv": [52.5, 17.75], "uv_size": [-0.5, -0.75]},
								"down": {"uv": [52.5, 17.75], "uv_size": [-0.5, -0.75]}
							}
						}
					]
				},
				{
					"name": "bone5",
					"parent": "bone30",
					"pivot": [-3.125, 17.19653, 5.34196],
					"cubes": [
						{
							"origin": [-3.875, 16.69653, 0.84196],
							"size": [2, 4, 4.5],
							"pivot": [-3.625, 18.69653, 5.34196],
							"rotation": [90, 0, 0],
							"uv": {
								"north": {"uv": [10, 9], "uv_size": [2, 4]},
								"east": {"uv": [10, 9], "uv_size": [4.5, 4]},
								"south": {"uv": [10, 9], "uv_size": [2, 4]},
								"west": {"uv": [10, 9], "uv_size": [4.5, 4]},
								"up": {"uv": [12, 13.5], "uv_size": [-2, -4.5]},
								"down": {"uv": [12, 13.5], "uv_size": [-2, -4.5]}
							}
						}
					]
				},
				{
					"name": "bone3",
					"parent": "bone5",
					"pivot": [-3, 14.94885, 5.25884],
					"rotation": [12.5, 0, 0],
					"cubes": [
						{
							"origin": [-4.425, 9.04885, 1.85884],
							"size": [2.85, 3.5, 7.5],
							"pivot": [-3.575, 9.54885, 3.85884],
							"rotation": [62.5, 0, 0],
							"uv": {
								"north": {"uv": [10, 9], "uv_size": [2.85, 3.5]},
								"east": {"uv": [10, 9], "uv_size": [7.5, 3.5]},
								"south": {"uv": [10, 9], "uv_size": [2.85, 3.5]},
								"west": {"uv": [10, 9], "uv_size": [7.5, 3.5]},
								"up": {"uv": [12.85, 16.5], "uv_size": [-2.85, -7.5]},
								"down": {"uv": [15, 22], "uv_size": [-3, -8]}
							}
						}
					]
				},
				{
					"name": "bone4",
					"parent": "bone3",
					"pivot": [-2.925, 9.1217, 0.29011],
					"cubes": [
						{
							"origin": [-4.325, 6.6217, 1.29011],
							"size": [2.65, 1.5, 5.5],
							"pivot": [-3.675, 7.1217, 3.29011],
							"rotation": [130, 0, 0],
							"uv": {
								"north": {"uv": [10, 9], "uv_size": [2.65, 1.5]},
								"east": {"uv": [10, 9], "uv_size": [5.5, 1.5]},
								"south": {"uv": [10, 9], "uv_size": [2.65, 1.5]},
								"west": {"uv": [10, 9], "uv_size": [5.5, 1.5]},
								"up": {"uv": [13, 25], "uv_size": [-3, -6]},
								"down": {"uv": [12.65, 14.5], "uv_size": [-2.65, -5.5]}
							}
						}
					]
				},
				{
					"name": "golen",
					"parent": "bone4",
					"pivot": [-3, 5.89466, 4.94859],
					"cubes": [
						{
							"origin": [-4.375, 3.24466, 0.09859],
							"size": [2.75, 1.5, 5.5],
							"pivot": [-3, 3.99466, 2.84859],
							"rotation": [57.5, 0, 0],
							"uv": {
								"north": {"uv": [13, 22], "uv_size": [2.75, 1.5]},
								"east": {"uv": [13, 22], "uv_size": [5.5, 1.5]},
								"south": {"uv": [13, 22], "uv_size": [2.75, 1.5]},
								"west": {"uv": [13, 22], "uv_size": [5.5, 1.5]},
								"up": {"uv": [15.75, 27.5], "uv_size": [-2.75, -5.5]},
								"down": {"uv": [15.75, 27.5], "uv_size": [-2.75, -5.5]}
							}
						}
					]
				},
				{
					"name": "stopa",
					"parent": "golen",
					"pivot": [-3, 1.94912, 1.56464],
					"rotation": [-15, 0, 0],
					"cubes": [
						{
							"origin": [-4.5, 1.12735, 0.05381],
							"size": [3, 1.5, 1.5],
							"pivot": [-3, 1.97137, 1.52994],
							"rotation": [32.5, 0, 0],
							"uv": {
								"north": {"uv": [14, 25], "uv_size": [3, 1.5]},
								"east": {"uv": [14, 25], "uv_size": [1.5, 1.5]},
								"south": {"uv": [14, 25], "uv_size": [3, 1.5]},
								"west": {"uv": [14, 25], "uv_size": [1.5, 1.5]},
								"up": {"uv": [17, 26.5], "uv_size": [-3, -1.5]},
								"down": {"uv": [17, 26.5], "uv_size": [-3, -1.5]}
							}
						},
						{
							"origin": [-2.69404, 0.25, -1.158],
							"size": [1, 1.5, 1.5],
							"pivot": [-3, 1.97137, 1.52994],
							"rotation": [0, -10, 0],
							"uv": {
								"north": {"uv": [14, 25], "uv_size": [1, 1.5]},
								"east": {"uv": [14, 25], "uv_size": [1.5, 1.5]},
								"south": {"uv": [14, 25], "uv_size": [1, 1.5]},
								"west": {"uv": [14, 25], "uv_size": [1.5, 1.5]},
								"up": {"uv": [15, 26.5], "uv_size": [-1, -1.5]},
								"down": {"uv": [15, 26.5], "uv_size": [-1, -1.5]}
							}
						},
						{
							"origin": [-3.5, 0.25, -1],
							"size": [1, 1.5, 1.5],
							"uv": {
								"north": {"uv": [14, 25], "uv_size": [1, 1.5]},
								"east": {"uv": [14, 25], "uv_size": [1.5, 1.5]},
								"south": {"uv": [14, 25], "uv_size": [1, 1.5]},
								"west": {"uv": [14, 25], "uv_size": [1.5, 1.5]},
								"up": {"uv": [15, 26.5], "uv_size": [-1, -1.5]},
								"down": {"uv": [15, 26.5], "uv_size": [-1, -1.5]}
							}
						},
						{
							"origin": [-4.30596, 0.25, -1.158],
							"size": [1, 1.5, 1.5],
							"pivot": [-3, 1.97137, 1.52994],
							"rotation": [0, 10, 0],
							"uv": {
								"north": {"uv": [14, 25], "uv_size": [1, 1.5]},
								"east": {"uv": [14, 25], "uv_size": [1.5, 1.5]},
								"south": {"uv": [14, 25], "uv_size": [1, 1.5]},
								"west": {"uv": [14, 25], "uv_size": [1.5, 1.5]},
								"up": {"uv": [15, 26.5], "uv_size": [-1, -1.5]},
								"down": {"uv": [15, 26.5], "uv_size": [-1, -1.5]}
							}
						},
						{
							"origin": [-4.05596, 1.61519, -1.85815],
							"size": [0.5, 0.5, 0.75],
							"pivot": [-3, 1.97137, 1.52994],
							"rotation": [12.5, 10, 0],
							"uv": {
								"north": {"uv": [52, 17], "uv_size": [0.5, 0.5]},
								"east": {"uv": [52, 17], "uv_size": [0.75, 0.5]},
								"south": {"uv": [52, 17], "uv_size": [0.5, 0.5]},
								"west": {"uv": [52, 17], "uv_size": [0.75, 0.5]},
								"up": {"uv": [52.5, 17.75], "uv_size": [-0.5, -0.75]},
								"down": {"uv": [52.5, 17.75], "uv_size": [-0.5, -0.75]}
							}
						},
						{
							"origin": [-4.05596, 1.11519, -2.35815],
							"size": [0.5, 0.5, 1.5],
							"pivot": [-3, 1.97137, 1.52994],
							"rotation": [12.5, 10, 0],
							"uv": {
								"north": {"uv": [52, 17], "uv_size": [0.5, 0.5]},
								"east": {"uv": [52, 17], "uv_size": [1.5, 0.5]},
								"south": {"uv": [52, 17], "uv_size": [0.5, 0.5]},
								"west": {"uv": [52, 17], "uv_size": [1.5, 0.5]},
								"up": {"uv": [52.5, 18.5], "uv_size": [-0.5, -1.5]},
								"down": {"uv": [52.5, 18.5], "uv_size": [-0.5, -1.5]}
							}
						},
						{
							"origin": [-3.25, 1.07653, -2.20438],
							"size": [0.5, 0.5, 1.25],
							"pivot": [-3, 1.97137, 1.52994],
							"rotation": [12.5, 0, 0],
							"uv": {
								"north": {"uv": [52, 17], "uv_size": [0.5, 0.5]},
								"east": {"uv": [52, 17], "uv_size": [1.25, 0.5]},
								"south": {"uv": [52, 17], "uv_size": [0.5, 0.5]},
								"west": {"uv": [52, 17], "uv_size": [1.25, 0.5]},
								"up": {"uv": [52.5, 18.25], "uv_size": [-0.5, -1.25]},
								"down": {"uv": [52.5, 18.25], "uv_size": [-0.5, -1.25]}
							}
						},
						{
							"origin": [-3.25, 1.57653, -1.70438],
							"size": [0.5, 0.5, 0.75],
							"pivot": [-3, 1.97137, 1.52994],
							"rotation": [12.5, 0, 0],
							"uv": {
								"north": {"uv": [52, 17], "uv_size": [0.5, 0.5]},
								"east": {"uv": [52, 17], "uv_size": [0.75, 0.5]},
								"south": {"uv": [52, 17], "uv_size": [0.5, 0.5]},
								"west": {"uv": [52, 17], "uv_size": [0.75, 0.5]},
								"up": {"uv": [52.5, 17.75], "uv_size": [-0.5, -0.75]},
								"down": {"uv": [52.5, 17.75], "uv_size": [-0.5, -0.75]}
							}
						},
						{
							"origin": [-2.44404, 1.11519, -2.35815],
							"size": [0.5, 0.5, 1.5],
							"pivot": [-3, 1.97137, 1.52994],
							"rotation": [12.5, -10, 0],
							"uv": {
								"north": {"uv": [52, 17], "uv_size": [0.5, 0.5]},
								"east": {"uv": [52, 17], "uv_size": [1.5, 0.5]},
								"south": {"uv": [52, 17], "uv_size": [0.5, 0.5]},
								"west": {"uv": [52, 17], "uv_size": [1.5, 0.5]},
								"up": {"uv": [52.5, 18.5], "uv_size": [-0.5, -1.5]},
								"down": {"uv": [52.5, 18.5], "uv_size": [-0.5, -1.5]}
							}
						},
						{
							"origin": [-2.44404, 1.61519, -1.85815],
							"size": [0.5, 0.5, 0.75],
							"pivot": [-3, 1.97137, 1.52994],
							"rotation": [12.5, -10, 0],
							"uv": {
								"north": {"uv": [52, 17], "uv_size": [0.5, 0.5]},
								"east": {"uv": [52, 17], "uv_size": [0.75, 0.5]},
								"south": {"uv": [52, 17], "uv_size": [0.5, 0.5]},
								"west": {"uv": [52, 17], "uv_size": [0.75, 0.5]},
								"up": {"uv": [52.5, 17.75], "uv_size": [-0.5, -0.75]},
								"down": {"uv": [52.5, 17.75], "uv_size": [-0.5, -0.75]}
							}
						}
					]
				}
			]
		}
	]
}