{
	"format_version": "1.12.0",
	"minecraft:geometry": [
		{
			"description": {
				"identifier": "geometry.unknown",
				"texture_width": 128,
				"texture_height": 128,
				"visible_bounds_width": 3,
				"visible_bounds_height": 4.5,
				"visible_bounds_offset": [0, 1.75, 0]
			},
			"bones": [
				{
					"name": "base",
					"pivot": [0, 0, 0]
				},
				{
					"name": "legRT",
					"parent": "base",
					"pivot": [-2.02583, 18.70065, 0.85],
					"cubes": [
						{
							"origin": [-3.6, 12.9, -0.6],
							"size": [3, 6, 3],
							"inflate": 0.2,
							"pivot": [-2.1, 17.9, 0.9],
							"rotation": [0, 0, -1],
							"uv": {
								"north": {"uv": [6, 51], "uv_size": [3, 6]},
								"east": {"uv": [9, 51], "uv_size": [3, 6]},
								"south": {"uv": [12, 51], "uv_size": [3, 6]},
								"west": {"uv": [25, 51], "uv_size": [3, 6]},
								"up": {"uv": [58, 52], "uv_size": [3, 3]},
								"down": {"uv": [53, 61], "uv_size": [3, -3]}
							}
						},
						{
							"origin": [-3.48626, 10.03566, -0.7],
							"size": [3, 3, 3],
							"pivot": [0, 11.50099, 0.8],
							"rotation": [4.99924, 0.08715, -0.9962],
							"uv": {
								"north": {"uv": [56, 10], "uv_size": [3, 3]},
								"east": {"uv": [10, 57], "uv_size": [3, 3]},
								"south": {"uv": [57, 13], "uv_size": [3, 3]},
								"west": {"uv": [57, 16], "uv_size": [3, 3]},
								"up": {"uv": [57, 19], "uv_size": [3, 3]},
								"down": {"uv": [57, 25], "uv_size": [3, -3]}
							}
						}
					]
				},
				{
					"name": "legRB",
					"parent": "legRT",
					"pivot": [-2, 10.2, -0.15],
					"cubes": [
						{
							"origin": [-3, 5, 0.1],
							"size": [2, 5, 2],
							"inflate": 0.2,
							"pivot": [0, 7.5, 1.1],
							"rotation": [2.5, 0, 0],
							"uv": {
								"north": {"uv": [56, 5], "uv_size": [2, 5]},
								"east": {"uv": [56, 53], "uv_size": [2, 5]},
								"south": {"uv": [6, 57], "uv_size": [2, 5]},
								"west": {"uv": [8, 57], "uv_size": [2, 5]},
								"up": {"uv": [62, 23], "uv_size": [2, 2]},
								"down": {"uv": [25, 64], "uv_size": [2, -2]}
							}
						},
						{
							"origin": [-3, 2, 0.2],
							"size": [2, 3, 2],
							"uv": {
								"north": {"uv": [10, 60], "uv_size": [2, 3]},
								"east": {"uv": [60, 13], "uv_size": [2, 3]},
								"south": {"uv": [15, 60], "uv_size": [2, 3]},
								"west": {"uv": [60, 16], "uv_size": [2, 3]},
								"up": {"uv": [8, 62], "uv_size": [2, 2]},
								"down": {"uv": [62, 15], "uv_size": [2, -2]}
							}
						}
					]
				},
				{
					"name": "feetRT",
					"parent": "legRB",
					"pivot": [0.5, 0, -0.5],
					"cubes": [
						{
							"origin": [-3.5, 1.82693, -0.40714],
							"size": [3, 2, 3],
							"pivot": [-2, 2.82693, 1.09286],
							"rotation": [-5, 0, 0],
							"uv": {
								"north": {"uv": [60, 35], "uv_size": [3, 2]},
								"east": {"uv": [36, 60], "uv_size": [3, 2]},
								"south": {"uv": [60, 37], "uv_size": [3, 2]},
								"west": {"uv": [39, 60], "uv_size": [3, 2]},
								"up": {"uv": [57, 46], "uv_size": [3, 3]},
								"down": {"uv": [58, 8], "uv_size": [3, -3]}
							}
						}
					]
				},
				{
					"name": "feetRB",
					"parent": "feetRT",
					"pivot": [-2, 2, -0.5],
					"cubes": [
						{
							"origin": [-3.5, 0, -2.5],
							"size": [3, 2, 5],
							"uv": {
								"north": {"uv": [49, 36], "uv_size": [3, 2]},
								"east": {"uv": [55, 3], "uv_size": [5, 2]},
								"south": {"uv": [60, 3], "uv_size": [3, 2]},
								"west": {"uv": [55, 34], "uv_size": [5, 2]},
								"up": {"uv": [52, 22], "uv_size": [3, 5]},
								"down": {"uv": [52, 32], "uv_size": [3, -5]}
							}
						}
					]
				},
				{
					"name": "legLT",
					"parent": "base",
					"pivot": [2.02583, 18.70065, 0.85],
					"cubes": [
						{
							"origin": [0.6, 12.9, -0.6],
							"size": [3, 6, 3],
							"inflate": 0.2,
							"pivot": [2.1, 17.9, 0.9],
							"rotation": [0, 0, 1],
							"uv": {
								"north": {"uv": [32, 51], "uv_size": [3, 6]},
								"east": {"uv": [35, 51], "uv_size": [3, 6]},
								"south": {"uv": [38, 51], "uv_size": [3, 6]},
								"west": {"uv": [52, 0], "uv_size": [3, 6]},
								"up": {"uv": [58, 55], "uv_size": [3, 3]},
								"down": {"uv": [56, 61], "uv_size": [3, -3]}
							}
						},
						{
							"origin": [0.48626, 10.03566, -0.7],
							"size": [3, 3, 3],
							"pivot": [0, 11.50099, 0.8],
							"rotation": [4.99924, -0.08715, 0.9962],
							"uv": {
								"north": {"uv": [25, 57], "uv_size": [3, 3]},
								"east": {"uv": [57, 25], "uv_size": [3, 3]},
								"south": {"uv": [57, 28], "uv_size": [3, 3]},
								"west": {"uv": [57, 31], "uv_size": [3, 3]},
								"up": {"uv": [32, 57], "uv_size": [3, 3]},
								"down": {"uv": [35, 60], "uv_size": [3, -3]}
							}
						}
					]
				},
				{
					"name": "legLB",
					"parent": "legLT",
					"pivot": [2, 10.1, -0.15],
					"cubes": [
						{
							"origin": [1, 5, 0.1],
							"size": [2, 5, 2],
							"inflate": 0.2,
							"pivot": [0, 7.5, 1.1],
							"rotation": [2.5, 0, 0],
							"uv": {
								"north": {"uv": [30, 55], "uv_size": [2, 5]},
								"east": {"uv": [55, 40], "uv_size": [2, 5]},
								"south": {"uv": [41, 55], "uv_size": [2, 5]},
								"west": {"uv": [55, 45], "uv_size": [2, 5]},
								"up": {"uv": [62, 19], "uv_size": [2, 2]},
								"down": {"uv": [62, 23], "uv_size": [2, -2]}
							}
						},
						{
							"origin": [1, 2, 0.2],
							"size": [2, 3, 2],
							"uv": {
								"north": {"uv": [17, 60], "uv_size": [2, 3]},
								"east": {"uv": [19, 60], "uv_size": [2, 3]},
								"south": {"uv": [60, 19], "uv_size": [2, 3]},
								"west": {"uv": [60, 22], "uv_size": [2, 3]},
								"up": {"uv": [62, 15], "uv_size": [2, 2]},
								"down": {"uv": [62, 19], "uv_size": [2, -2]}
							}
						}
					]
				},
				{
					"name": "feetLT",
					"parent": "legLB",
					"pivot": [4.5, 0, -0.5],
					"cubes": [
						{
							"origin": [0.5, 1.82693, -0.40714],
							"size": [3, 2, 3],
							"pivot": [2, 2.82693, 1.09286],
							"rotation": [-5, 0, 0],
							"uv": {
								"north": {"uv": [30, 60], "uv_size": [3, 2]},
								"east": {"uv": [60, 31], "uv_size": [3, 2]},
								"south": {"uv": [33, 60], "uv_size": [3, 2]},
								"west": {"uv": [60, 33], "uv_size": [3, 2]},
								"up": {"uv": [57, 43], "uv_size": [3, 3]},
								"down": {"uv": [44, 60], "uv_size": [3, -3]}
							}
						}
					]
				},
				{
					"name": "feetLB",
					"parent": "feetLT",
					"pivot": [2, 2, -0.5],
					"cubes": [
						{
							"origin": [0.5, 0, -2.5],
							"size": [3, 2, 5],
							"uv": {
								"north": {"uv": [25, 60], "uv_size": [3, 2]},
								"east": {"uv": [55, 36], "uv_size": [5, 2]},
								"south": {"uv": [60, 25], "uv_size": [3, 2]},
								"west": {"uv": [55, 38], "uv_size": [5, 2]},
								"up": {"uv": [52, 32], "uv_size": [3, 5]},
								"down": {"uv": [44, 57], "uv_size": [3, -5]}
							}
						}
					]
				},
				{
					"name": "bodyB",
					"parent": "base",
					"pivot": [0, 19, 0.9],
					"cubes": [
						{
							"origin": [-3.5, 21.7, -0.95],
							"size": [7, 5, 3],
							"inflate": -0.2,
							"pivot": [0.5, 21.8, 2.05],
							"rotation": [2, 0, 0],
							"uv": {
								"north": {"uv": [9, 19], "uv_size": [7, 5]},
								"east": {"uv": [21, 53], "uv_size": [3, 5]},
								"south": {"uv": [8, 39], "uv_size": [7, 5]},
								"west": {"uv": [47, 53], "uv_size": [3, 5]},
								"up": {"uv": [48, 38], "uv_size": [7, 3]},
								"down": {"uv": [48, 44], "uv_size": [7, -3]}
							}
						},
						{
							"origin": [-3.5, 18.8, -0.6],
							"size": [7, 3, 3],
							"inflate": 0.1,
							"pivot": [0.4, 20.3, 0.9],
							"rotation": [2.5, 0, 0],
							"uv": {
								"north": {"uv": [0, 48], "uv_size": [7, 3]},
								"east": {"uv": [38, 57], "uv_size": [3, 3]},
								"south": {"uv": [7, 48], "uv_size": [7, 3]},
								"west": {"uv": [57, 40], "uv_size": [3, 3]},
								"up": {"uv": [48, 16], "uv_size": [7, 3]},
								"down": {"uv": [48, 22], "uv_size": [7, -3]}
							}
						}
					]
				},
				{
					"name": "bodyT",
					"parent": "bodyB",
					"pivot": [0, 26.2, 1.5],
					"cubes": [
						{
							"origin": [-3.5, 26.3, -1.05],
							"size": [7, 5, 3],
							"pivot": [0.4, 27.8, 0.45],
							"rotation": [-2.5, 0, 0],
							"uv": {
								"north": {"uv": [15, 39], "uv_size": [7, 5]},
								"east": {"uv": [50, 53], "uv_size": [3, 5]},
								"south": {"uv": [22, 40], "uv_size": [7, 5]},
								"west": {"uv": [53, 53], "uv_size": [3, 5]},
								"up": {"uv": [48, 44], "uv_size": [7, 3]},
								"down": {"uv": [48, 50], "uv_size": [7, -3]}
							}
						},
						{
							"origin": [-2, 29.9, -0.9],
							"size": [4, 2, 3],
							"pivot": [0, 29.9, 0.1],
							"rotation": [5, 0, 0],
							"uv": {
								"north": {"uv": [59, 0], "uv_size": [4, 2]},
								"east": {"uv": [61, 57], "uv_size": [3, 2]},
								"south": {"uv": [59, 10], "uv_size": [4, 2]},
								"west": {"uv": [58, 61], "uv_size": [3, 2]},
								"up": {"uv": [54, 50], "uv_size": [4, 3]},
								"down": {"uv": [55, 3], "uv_size": [4, -3]}
							}
						},
						{
							"origin": [-3, 26.4, -2.25],
							"size": [6, 3, 2],
							"pivot": [0.9, 26.3, -0.85],
							"rotation": [-15, 0, 0],
							"uv": {
								"north": {"uv": [48, 50], "uv_size": [6, 3]},
								"east": {"uv": [50, 61], "uv_size": [2, 3]},
								"south": {"uv": [0, 51], "uv_size": [6, 3]},
								"west": {"uv": [61, 51], "uv_size": [2, 3]},
								"up": {"uv": [9, 24], "uv_size": [6, 2]},
								"down": {"uv": [49, 16], "uv_size": [6, -2]}
							}
						},
						{
							"origin": [0, 26, -1.5],
							"size": [1, 5, 0],
							"pivot": [0.5, 29.5, -1.5],
							"rotation": [-21.80633, -5.68422, -13.9042],
							"uv": {
								"north": {"uv": [12, 60], "uv_size": [1, 5]},
								"east": {"uv": [0, 0], "uv_size": [0, 5]},
								"south": {"uv": [42, 60], "uv_size": [1, 5]},
								"west": {"uv": [0, 0], "uv_size": [0, 5]},
								"up": {"uv": [0, 0], "uv_size": [1, 0]},
								"down": {"uv": [0, 0], "uv_size": [1, 0]}
							}
						},
						{
							"origin": [-1, 26, -1.5],
							"size": [1, 5, 0],
							"pivot": [-0.5, 29.5, -1.5],
							"rotation": [-22.32648, 2.86313, 6.93488],
							"uv": {
								"north": {"uv": [8, 27], "uv_size": [1, 5]},
								"east": {"uv": [0, 0], "uv_size": [0, 5]},
								"south": {"uv": [24, 34], "uv_size": [1, 5]},
								"west": {"uv": [0, 0], "uv_size": [0, 5]},
								"up": {"uv": [0, 0], "uv_size": [1, 0]},
								"down": {"uv": [0, 0], "uv_size": [1, 0]}
							}
						},
						{
							"origin": [-1.5, 31.2, -0.35],
							"size": [3, 2, 2],
							"uv": {
								"north": {"uv": [22, 39], "uv_size": [3, 1]},
								"east": {"uv": [27, 62], "uv_size": [2, 1]},
								"south": {"uv": [52, 37], "uv_size": [3, 1]},
								"west": {"uv": [29, 62], "uv_size": [2, 1]},
								"up": {"uv": [60, 27], "uv_size": [3, 2]},
								"down": {"uv": [60, 31], "uv_size": [3, -2]}
							}
						}
					]
				},
				{
					"name": "head",
					"parent": "bodyT",
					"pivot": [-0.02957, 32.34839, 1.46722],
					"cubes": [
						{
							"origin": [-4, 31.9, -3.35],
							"size": [8, 8, 8],
							"inflate": -0.3,
							"uv": {
								"north": {"uv": [25, 16], "uv_size": [8, 8]},
								"east": {"uv": [25, 24], "uv_size": [8, 8]},
								"south": {"uv": [9, 26], "uv_size": [8, 8]},
								"west": {"uv": [17, 26], "uv_size": [8, 8]},
								"up": {"uv": [0, 27], "uv_size": [8, 8]},
								"down": {"uv": [25, 40], "uv_size": [8, -8]}
							}
						}
					]
				},
				{
					"name": "hairF",
					"parent": "head",
					"pivot": [0, 40.5, -3.4],
					"cubes": [
						{
							"origin": [-4, 30.6, -3.4],
							"size": [8, 10, 1],
							"pivot": [0, 40.9, -3],
							"rotation": [-5, 0, 0],
							"uv": {
								"north": {"uv": [0, 0], "uv_size": [8, 10]},
								"east": {"uv": [24, 53], "uv_size": [1, 10]},
								"south": {"uv": [8, 0], "uv_size": [8, 10]},
								"west": {"uv": [43, 55], "uv_size": [1, 10]},
								"up": {"uv": [59, 2], "uv_size": [8, 1]},
								"down": {"uv": [59, 13], "uv_size": [8, -1]}
							}
						}
					]
				},
				{
					"name": "hairL1",
					"parent": "head",
					"pivot": [0, 40, -2.4],
					"cubes": [
						{
							"origin": [0, 31, -3.4],
							"size": [4, 9, 8],
							"pivot": [0, 40, -2.4],
							"rotation": [0, 0, -12.5],
							"uv": {
								"north": {"uv": [0, 35], "uv_size": [4, 9]},
								"east": {"uv": [0, 10], "uv_size": [8, 9]},
								"south": {"uv": [4, 35], "uv_size": [4, 9]},
								"west": {"uv": [8, 10], "uv_size": [8, 9]},
								"up": {"uv": [29, 40], "uv_size": [4, 8]},
								"down": {"uv": [41, 24], "uv_size": [4, -8]}
							}
						}
					]
				},
				{
					"name": "hairL2",
					"parent": "hairL1",
					"pivot": [5.25293, 35.00562, 0.6],
					"cubes": [
						{
							"origin": [6.50146, 28.05887, -3.4],
							"size": [0, 4, 8],
							"pivot": [2.50146, 32.05887, -2.4],
							"rotation": [0, 0, -47.5],
							"uv": {
								"north": {"uv": [0, 0], "uv_size": [0, 4]},
								"east": {"uv": [41, 24], "uv_size": [8, 4]},
								"south": {"uv": [0, 0], "uv_size": [0, 4]},
								"west": {"uv": [41, 28], "uv_size": [8, 4]},
								"up": {"uv": [0, 0], "uv_size": [0, 8]},
								"down": {"uv": [0, 8], "uv_size": [0, -8]}
							}
						}
					]
				},
				{
					"name": "hairL3",
					"parent": "hairL2",
					"pivot": [8.15293, 32.30562, 0.6],
					"cubes": [
						{
							"origin": [8.15293, 27.30562, -3.4],
							"size": [0, 5, 8],
							"pivot": [8.15293, 32.30562, 0.6],
							"rotation": [0, 0, -97.5],
							"uv": {
								"north": {"uv": [0, 0], "uv_size": [0, 5]},
								"east": {"uv": [8, 34], "uv_size": [8, 5]},
								"south": {"uv": [0, 0], "uv_size": [0, 5]},
								"west": {"uv": [16, 34], "uv_size": [8, 5]},
								"up": {"uv": [0, 0], "uv_size": [0, 8]},
								"down": {"uv": [0, 8], "uv_size": [0, -8]}
							}
						}
					]
				},
				{
					"name": "hairB1",
					"parent": "head",
					"pivot": [0, 40.76972, 4.21046],
					"cubes": [
						{
							"origin": [-4.5, 32.8, 4.5],
							"size": [9, 8, 1],
							"pivot": [0, 35.5, 4.5],
							"rotation": [10, 0, 0],
							"uv": {
								"north": {"uv": [16, 18], "uv_size": [9, 8]},
								"east": {"uv": [13, 57], "uv_size": [1, 8]},
								"south": {"uv": [0, 19], "uv_size": [9, 8]},
								"west": {"uv": [14, 57], "uv_size": [1, 8]},
								"up": {"uv": [58, 8], "uv_size": [9, 1]},
								"down": {"uv": [58, 10], "uv_size": [9, -1]}
							}
						}
					]
				},
				{
					"name": "hairB2",
					"parent": "hairB1",
					"pivot": [0, 32.96972, 5.91046],
					"cubes": [
						{
							"origin": [-4.5, 22.56972, 2.71046],
							"size": [9, 8, 0],
							"pivot": [0, 35.26972, 1.71046],
							"rotation": [50, 0, 0],
							"uv": {
								"north": {"uv": [24, 0], "uv_size": [9, 8]},
								"east": {"uv": [0, 0], "uv_size": [0, 8]},
								"south": {"uv": [24, 8], "uv_size": [9, 8]},
								"west": {"uv": [0, 0], "uv_size": [0, 8]},
								"up": {"uv": [0, 0], "uv_size": [9, 0]},
								"down": {"uv": [0, 0], "uv_size": [9, 0]}
							}
						}
					]
				},
				{
					"name": "hairR1",
					"parent": "head",
					"pivot": [-0.04405, 40.01118, 0.6],
					"cubes": [
						{
							"origin": [-4, 31, -3.4],
							"size": [4, 9, 8],
							"pivot": [0, 40, -2.4],
							"rotation": [0, 0, 12.5],
							"uv": {
								"north": {"uv": [33, 36], "uv_size": [4, 9]},
								"east": {"uv": [16, 0], "uv_size": [8, 9]},
								"south": {"uv": [37, 36], "uv_size": [4, 9]},
								"west": {"uv": [16, 9], "uv_size": [8, 9]},
								"up": {"uv": [41, 32], "uv_size": [4, 8]},
								"down": {"uv": [41, 48], "uv_size": [4, -8]}
							}
						}
					]
				},
				{
					"name": "hairR2",
					"parent": "hairR1",
					"pivot": [-5.21804, 34.99377, 0.6],
					"cubes": [
						{
							"origin": [-2.13275, 26.4222, -3.4],
							"size": [0, 4, 8],
							"pivot": [1.86725, 36.4222, -2.4],
							"rotation": [0, 0, 45],
							"uv": {
								"north": {"uv": [0, 0], "uv_size": [0, 4]},
								"east": {"uv": [0, 44], "uv_size": [8, 4]},
								"south": {"uv": [0, 0], "uv_size": [0, 4]},
								"west": {"uv": [8, 44], "uv_size": [8, 4]},
								"up": {"uv": [0, 0], "uv_size": [0, 8]},
								"down": {"uv": [0, 8], "uv_size": [0, -8]}
							}
						}
					]
				},
				{
					"name": "hairR3",
					"parent": "hairR2",
					"pivot": [-7.98755, 32.20022, 0.6],
					"cubes": [
						{
							"origin": [-6.81888, 15.19816, -3.4],
							"size": [0, 6, 8],
							"pivot": [-2.81888, 27.19816, -2.4],
							"rotation": [0, 0, 100],
							"uv": {
								"north": {"uv": [0, 0], "uv_size": [0, 6]},
								"east": {"uv": [33, 24], "uv_size": [8, 6]},
								"south": {"uv": [0, 0], "uv_size": [0, 6]},
								"west": {"uv": [33, 30], "uv_size": [8, 6]},
								"up": {"uv": [0, 0], "uv_size": [0, 8]},
								"down": {"uv": [0, 8], "uv_size": [0, -8]}
							}
						}
					]
				},
				{
					"name": "armRT",
					"parent": "bodyT",
					"pivot": [-4.63026, 30.02752, 0.83086],
					"cubes": [
						{
							"origin": [-5.5, 23, -0.8],
							"size": [2, 8, 3],
							"pivot": [-4, 30, 0.7],
							"rotation": [2.5, 0, 2.5],
							"uv": {
								"north": {"uv": [17, 52], "uv_size": [2, 8]},
								"east": {"uv": [45, 16], "uv_size": [3, 8]},
								"south": {"uv": [19, 52], "uv_size": [2, 8]},
								"west": {"uv": [22, 45], "uv_size": [3, 8]},
								"up": {"uv": [48, 61], "uv_size": [2, 3]},
								"down": {"uv": [61, 51], "uv_size": [2, -3]}
							}
						}
					]
				},
				{
					"name": "armRB",
					"parent": "armRT",
					"pivot": [-4.73876, 23.32752, 2.4],
					"cubes": [
						{
							"origin": [-5.73876, 16.52752, -0.4],
							"size": [2, 7, 3],
							"inflate": -0.2,
							"uv": {
								"north": {"uv": [4, 54], "uv_size": [2, 7]},
								"east": {"uv": [29, 48], "uv_size": [3, 7]},
								"south": {"uv": [54, 6], "uv_size": [2, 7]},
								"west": {"uv": [41, 48], "uv_size": [3, 7]},
								"up": {"uv": [52, 61], "uv_size": [2, 3]},
								"down": {"uv": [54, 64], "uv_size": [2, -3]}
							}
						},
						{
							"origin": [-5.73876, 16.52752, -0.4],
							"size": [2, 7, 3],
							"inflate": -0.1,
							"uv": {
								"north": {"uv": [0, 54], "uv_size": [2, 7]},
								"east": {"uv": [45, 38], "uv_size": [3, 7]},
								"south": {"uv": [2, 54], "uv_size": [2, 7]},
								"west": {"uv": [45, 45], "uv_size": [3, 7]},
								"up": {"uv": [14, 48], "uv_size": [2, 3]},
								"down": {"uv": [59, 61], "uv_size": [2, -3]}
							}
						}
					]
				},
				{
					"name": "handR",
					"parent": "armRB",
					"pivot": [-4.73876, 16.72752, 2.4],
					"cubes": [
						{
							"origin": [-5.73876, 13.72752, -0.6],
							"size": [2, 3, 3],
							"uv": {
								"north": {"uv": [4, 61], "uv_size": [2, 3]},
								"east": {"uv": [58, 49], "uv_size": [3, 3]},
								"south": {"uv": [61, 5], "uv_size": [2, 3]},
								"west": {"uv": [50, 58], "uv_size": [3, 3]},
								"up": {"uv": [21, 61], "uv_size": [2, 3]},
								"down": {"uv": [46, 64], "uv_size": [2, -3]}
							}
						}
					]
				},
				{
					"name": "armLT",
					"parent": "bodyT",
					"pivot": [4.63121, 29.9839, 0.83086],
					"cubes": [
						{
							"origin": [3.5, 23, -0.8],
							"size": [2, 8, 3],
							"pivot": [5, 30, 0.7],
							"rotation": [2.5, 0, -2.5],
							"uv": {
								"north": {"uv": [52, 6], "uv_size": [2, 8]},
								"east": {"uv": [16, 44], "uv_size": [3, 8]},
								"south": {"uv": [15, 52], "uv_size": [2, 8]},
								"west": {"uv": [19, 44], "uv_size": [3, 8]},
								"up": {"uv": [60, 39], "uv_size": [2, 3]},
								"down": {"uv": [60, 45], "uv_size": [2, -3]}
							}
						}
					]
				},
				{
					"name": "armLB",
					"parent": "armLT",
					"pivot": [4.76124, 23.32752, 2.4],
					"cubes": [
						{
							"origin": [3.76124, 16.52752, -0.4],
							"size": [2, 7, 3],
							"inflate": -0.1,
							"uv": {
								"north": {"uv": [55, 27], "uv_size": [2, 7]},
								"east": {"uv": [49, 22], "uv_size": [3, 7]},
								"south": {"uv": [28, 55], "uv_size": [2, 7]},
								"west": {"uv": [49, 29], "uv_size": [3, 7]},
								"up": {"uv": [61, 59], "uv_size": [2, 3]},
								"down": {"uv": [6, 65], "uv_size": [2, -3]}
							}
						},
						{
							"origin": [3.76124, 16.52752, -0.4],
							"size": [2, 7, 3],
							"inflate": -0.2,
							"uv": {
								"north": {"uv": [55, 13], "uv_size": [2, 7]},
								"east": {"uv": [49, 0], "uv_size": [3, 7]},
								"south": {"uv": [55, 20], "uv_size": [2, 7]},
								"west": {"uv": [49, 7], "uv_size": [3, 7]},
								"up": {"uv": [61, 54], "uv_size": [2, 3]},
								"down": {"uv": [56, 64], "uv_size": [2, -3]}
							}
						}
					]
				},
				{
					"name": "handL",
					"parent": "armLB",
					"pivot": [4.76124, 16.72752, 2.4],
					"cubes": [
						{
							"origin": [3.76124, 13.72752, -0.6],
							"size": [2, 3, 3],
							"uv": {
								"north": {"uv": [44, 60], "uv_size": [2, 3]},
								"east": {"uv": [21, 58], "uv_size": [3, 3]},
								"south": {"uv": [60, 45], "uv_size": [2, 3]},
								"west": {"uv": [47, 58], "uv_size": [3, 3]},
								"up": {"uv": [0, 61], "uv_size": [2, 3]},
								"down": {"uv": [2, 64], "uv_size": [2, -3]}
							}
						}
					]
				},
				{
					"name": "skirtF",
					"parent": "bodyB",
					"pivot": [0, 19.37803, -0.83908],
					"cubes": [
						{
							"origin": [-4, 13.37803, -1.23908],
							"size": [8, 6, 4],
							"inflate": 0.01,
							"pivot": [0, 16.37803, 0.76092],
							"rotation": [-7.5, 0, 0],
							"uv": {
								"north": {"uv": [33, 0], "uv_size": [8, 6]},
								"east": {"uv": [25, 45], "uv_size": [4, 6]},
								"south": {"uv": [33, 6], "uv_size": [8, 6]},
								"west": {"uv": [45, 32], "uv_size": [4, 6]},
								"up": {"uv": [41, 0], "uv_size": [8, 4]},
								"down": {"uv": [41, 8], "uv_size": [8, -4]}
							}
						}
					]
				},
				{
					"name": "skirtB",
					"parent": "bodyB",
					"pivot": [0, 19.57803, 2.66092],
					"cubes": [
						{
							"origin": [-4, 13.37803, -0.93908],
							"size": [8, 6, 4],
							"pivot": [0, 16.37803, 1.06092],
							"rotation": [7.5, 0, 0],
							"uv": {
								"north": {"uv": [33, 12], "uv_size": [8, 6]},
								"east": {"uv": [33, 45], "uv_size": [4, 6]},
								"south": {"uv": [33, 18], "uv_size": [8, 6]},
								"west": {"uv": [37, 45], "uv_size": [4, 6]},
								"up": {"uv": [41, 8], "uv_size": [8, 4]},
								"down": {"uv": [41, 16], "uv_size": [8, -4]}
							}
						}
					]
				}
			]
		}
	]
}