{
	"format_version": "1.12.0",
	"minecraft:geometry": [
		{
			"description": {
				"identifier": "geometry.unknown",
				"texture_width": 32,
				"texture_height": 32,
				"visible_bounds_width": 5,
				"visible_bounds_height": 3.5,
				"visible_bounds_offset": [0, 1.25, 0]
			},
			"bones": [
				{
					"name": "base",
					"pivot": [0, 0, 0]
				},
				{
					"name": "body",
					"parent": "base",
					"pivot": [0, 14.5, 1],
					"rotation": [0, 0, 0],
					"cubes": [
						{
							"origin": [-3.5, 12, -11],
							"size": [7, 5, 12],
							"uv": {
								"north": {"uv": [0, 16], "uv_size": [7, 5]},
								"east": {"uv": [9, 9], "uv_size": [12, 5]},
								"south": {"uv": [0, 16], "uv_size": [7, 5]},
								"west": {"uv": [10, 9], "uv_size": [12, 5]},
								"up": {"uv": [32, 25], "uv_size": [-7, -12]},
								"down": {"uv": [7, 25], "uv_size": [-7, -12]}
							}
						},
						{
							"origin": [-1.68678, 18.0746, -9],
							"size": [0, 5, 10],
							"pivot": [0, 17, -2.5],
							"rotation": [0, 0, -32.5],
							"uv": {
								"north": {"uv": [9, 0], "uv_size": [1, 1]},
								"east": {"uv": [10, 0], "uv_size": [-10, 5]},
								"south": {"uv": [9, 0], "uv_size": [1, 1]},
								"west": {"uv": [9, 0], "uv_size": [1, 1]},
								"up": {"uv": [10, 1], "uv_size": [-1, -1]},
								"down": {"uv": [10, 1], "uv_size": [-1, -1]}
							}
						},
						{
							"origin": [1.68678, 18.0746, -9],
							"size": [0, 5, 10],
							"pivot": [0, 17, -2.5],
							"rotation": [0, 0, 32.5],
							"uv": {
								"north": {"uv": [9, 0], "uv_size": [1, 1]},
								"east": {"uv": [10, 0], "uv_size": [-10, 5]},
								"south": {"uv": [9, 0], "uv_size": [1, 1]},
								"west": {"uv": [9, 0], "uv_size": [1, 1]},
								"up": {"uv": [10, 1], "uv_size": [-1, -1]},
								"down": {"uv": [10, 1], "uv_size": [-1, -1]}
							}
						},
						{
							"origin": [-4.5, 13, -11],
							"size": [1, 4, 5],
							"uv": {
								"north": {"uv": [3, 14], "uv_size": [1, 4]},
								"east": {"uv": [3, 9], "uv_size": [5, 4]},
								"south": {"uv": [3, 9], "uv_size": [1, 4]},
								"west": {"uv": [0, 0], "uv_size": [10, 8]},
								"up": {"uv": [10, 14], "uv_size": [-1, -5]},
								"down": {"uv": [3, 20], "uv_size": [-1, -5]}
							}
						},
						{
							"origin": [3.5, 13, -11],
							"size": [1, 4, 5],
							"uv": {
								"north": {"uv": [3, 14], "uv_size": [1, 4]},
								"east": {"uv": [10, 0], "uv_size": [10, 8]},
								"south": {"uv": [7, 9], "uv_size": [1, 4]},
								"west": {"uv": [3, 9], "uv_size": [5, 4]},
								"up": {"uv": [16, 21], "uv_size": [-1, -5]},
								"down": {"uv": [3, 20], "uv_size": [-1, -5]}
							}
						},
						{
							"origin": [-1.5, 11, -11],
							"size": [3, 1, 2],
							"pivot": [0, 11, -9],
							"rotation": [-30, 0, 0],
							"uv": {
								"north": {"uv": [1, 15], "uv_size": [3, 1]},
								"east": {"uv": [1, 15], "uv_size": [2, 1]},
								"south": {"uv": [1, 15], "uv_size": [3, 1]},
								"west": {"uv": [1, 15], "uv_size": [2, 1]},
								"up": {"uv": [4, 17], "uv_size": [-3, -2]},
								"down": {"uv": [4, 17], "uv_size": [-3, -2]}
							}
						},
						{
							"origin": [-2.5, 11, -9],
							"size": [5, 1, 5],
							"uv": {
								"north": {"uv": [0, 15], "uv_size": [5, 1]},
								"east": {"uv": [0, 15], "uv_size": [5, 1]},
								"south": {"uv": [0, 15], "uv_size": [5, 1]},
								"west": {"uv": [0, 15], "uv_size": [5, 1]},
								"up": {"uv": [5, 20], "uv_size": [-5, -5]},
								"down": {"uv": [5, 20], "uv_size": [-5, -5]}
							}
						}
					]
				},
				{
					"name": "rightleg",
					"parent": "body",
					"pivot": [-4, 15, -9],
					"rotation": [5, 0, 0],
					"cubes": [
						{
							"origin": [-5, 6, -10],
							"size": [2, 5, 2],
							"uv": {
								"north": {"uv": [12, 24], "uv_size": [2, 5]},
								"east": {"uv": [12, 24], "uv_size": [2, 5]},
								"south": {"uv": [12, 24], "uv_size": [2, 5]},
								"west": {"uv": [12, 24], "uv_size": [2, 5]},
								"up": {"uv": [14, 26], "uv_size": [-2, -2]},
								"down": {"uv": [14, 26], "uv_size": [-2, -2]}
							}
						},
						{
							"origin": [-5.5, 11, -10],
							"size": [2.5, 4, 3],
							"uv": {
								"north": {"uv": [7, 24], "uv_size": [2.5, 4]},
								"east": {"uv": [7, 24], "uv_size": [3, 4]},
								"south": {"uv": [7, 24], "uv_size": [2.5, 4]},
								"west": {"uv": [7, 24], "uv_size": [3, 4]},
								"up": {"uv": [9.5, 27], "uv_size": [-2.5, -3]},
								"down": {"uv": [9.5, 27], "uv_size": [-2.5, -3]}
							}
						}
					]
				},
				{
					"name": "rightleg_low",
					"parent": "rightleg",
					"pivot": [-4, 6, -9],
					"rotation": [-10, 0, 0],
					"cubes": [
						{
							"origin": [-5, -0.1, -10],
							"size": [2, 6.1, 2],
							"uv": {
								"north": {"uv": [12, 26], "uv_size": [2, 6]},
								"east": {"uv": [12, 26], "uv_size": [2, 6]},
								"south": {"uv": [12, 26], "uv_size": [2, 6]},
								"west": {"uv": [12, 26], "uv_size": [2, 6]},
								"up": {"uv": [14, 31], "uv_size": [-2, -2]},
								"down": {"uv": [14, 30], "uv_size": [-2, -2]}
							}
						}
					]
				},
				{
					"name": "claw2",
					"parent": "rightleg_low",
					"pivot": [-4.5, 0.5, -9],
					"cubes": [
						{
							"origin": [-3, 0, -11],
							"size": [1, 1, 2],
							"pivot": [-3.5, 0.5, -10],
							"rotation": [-22.5, -42.5, 0],
							"uv": {
								"north": {"uv": [2, 19], "uv_size": [1, 1]},
								"east": {"uv": [2, 19], "uv_size": [2, 1]},
								"south": {"uv": [2, 19], "uv_size": [1, 1]},
								"west": {"uv": [2, 19], "uv_size": [2, 1]},
								"up": {"uv": [3, 21], "uv_size": [-1, -2]},
								"down": {"uv": [3, 21], "uv_size": [-1, -2]}
							}
						},
						{
							"origin": [-2.9, 0.5, -12.25],
							"size": [0.8, 1, 2],
							"pivot": [-3.5, 0.5, -10],
							"rotation": [25, -42.5, 0],
							"uv": {
								"north": {"uv": [20, 23], "uv_size": [0.8, 1]},
								"east": {"uv": [20, 23], "uv_size": [2, 1]},
								"south": {"uv": [20, 23], "uv_size": [0.8, 1]},
								"west": {"uv": [20, 23], "uv_size": [2, 1]},
								"up": {"uv": [20.8, 25], "uv_size": [-0.8, -2]},
								"down": {"uv": [20.8, 25], "uv_size": [-0.8, -2]}
							}
						},
						{
							"origin": [-4, 0, -12],
							"size": [1, 1, 2],
							"pivot": [-3.5, 0.5, -10],
							"rotation": [-20, -15, 0],
							"uv": {
								"north": {"uv": [2, 19], "uv_size": [1, 1]},
								"east": {"uv": [2, 19], "uv_size": [2, 1]},
								"south": {"uv": [2, 19], "uv_size": [1, 1]},
								"west": {"uv": [2, 19], "uv_size": [2, 1]},
								"up": {"uv": [3, 21], "uv_size": [-1, -2]},
								"down": {"uv": [3, 21], "uv_size": [-1, -2]}
							}
						},
						{
							"origin": [-3.9, 1, -13],
							"size": [0.8, 1, 2],
							"pivot": [-3.5, 0.5, -10],
							"rotation": [25, -15, 0],
							"uv": {
								"north": {"uv": [20, 23], "uv_size": [0.8, 1]},
								"east": {"uv": [20, 23], "uv_size": [2, 1]},
								"south": {"uv": [20, 23], "uv_size": [0.8, 1]},
								"west": {"uv": [20, 23], "uv_size": [2, 1]},
								"up": {"uv": [20.8, 25], "uv_size": [-0.8, -2]},
								"down": {"uv": [20.8, 25], "uv_size": [-0.8, -2]}
							}
						},
						{
							"origin": [-5, 0, -12],
							"size": [1, 1, 2],
							"pivot": [-4.5, 0.5, -10],
							"rotation": [-20, 15, 0],
							"uv": {
								"north": {"uv": [2, 19], "uv_size": [1, 1]},
								"east": {"uv": [2, 19], "uv_size": [2, 1]},
								"south": {"uv": [2, 19], "uv_size": [1, 1]},
								"west": {"uv": [2, 19], "uv_size": [2, 1]},
								"up": {"uv": [3, 21], "uv_size": [-1, -2]},
								"down": {"uv": [3, 21], "uv_size": [-1, -2]}
							}
						},
						{
							"origin": [-4.9, 1, -13],
							"size": [0.8, 1, 2],
							"pivot": [-4.5, 0.5, -10],
							"rotation": [25, 15, 0],
							"uv": {
								"north": {"uv": [20, 23], "uv_size": [0.8, 1]},
								"east": {"uv": [20, 23], "uv_size": [2, 1]},
								"south": {"uv": [20, 23], "uv_size": [0.8, 1]},
								"west": {"uv": [20, 23], "uv_size": [2, 1]},
								"up": {"uv": [20.8, 25], "uv_size": [-0.8, -2]},
								"down": {"uv": [20.8, 25], "uv_size": [-0.8, -2]}
							}
						},
						{
							"origin": [-6, 0, -11],
							"size": [1, 1, 2],
							"pivot": [-4.5, 0.5, -10],
							"rotation": [-22.5, 42.5, 0],
							"uv": {
								"north": {"uv": [2, 19], "uv_size": [1, 1]},
								"east": {"uv": [2, 19], "uv_size": [2, 1]},
								"south": {"uv": [2, 19], "uv_size": [1, 1]},
								"west": {"uv": [2, 19], "uv_size": [2, 1]},
								"up": {"uv": [3, 21], "uv_size": [-1, -2]},
								"down": {"uv": [3, 21], "uv_size": [-1, -2]}
							}
						},
						{
							"origin": [-5.9, 0.5, -12.25],
							"size": [0.8, 1, 2],
							"pivot": [-4.5, 0.5, -10],
							"rotation": [25, 42.5, 0],
							"uv": {
								"north": {"uv": [20, 23], "uv_size": [0.8, 1]},
								"east": {"uv": [20, 23], "uv_size": [2, 1]},
								"south": {"uv": [20, 23], "uv_size": [0.8, 1]},
								"west": {"uv": [20, 23], "uv_size": [2, 1]},
								"up": {"uv": [20.8, 25], "uv_size": [-0.8, -2]},
								"down": {"uv": [20.8, 25], "uv_size": [-0.8, -2]}
							}
						}
					]
				},
				{
					"name": "leftleg",
					"parent": "body",
					"pivot": [4, 15, -9],
					"rotation": [5, 0, 0],
					"cubes": [
						{
							"origin": [3, 6, -10],
							"size": [2, 5, 2],
							"uv": {
								"north": {"uv": [12, 24], "uv_size": [2, 5]},
								"east": {"uv": [12, 24], "uv_size": [2, 5]},
								"south": {"uv": [12, 24], "uv_size": [2, 5]},
								"west": {"uv": [12, 24], "uv_size": [2, 5]},
								"up": {"uv": [14, 26], "uv_size": [-2, -2]},
								"down": {"uv": [14, 26], "uv_size": [-2, -2]}
							}
						},
						{
							"origin": [3, 11, -10],
							"size": [2.5, 4, 3],
							"uv": {
								"north": {"uv": [7, 24], "uv_size": [2.5, 4]},
								"east": {"uv": [7, 24], "uv_size": [3, 4]},
								"south": {"uv": [7, 24], "uv_size": [2.5, 4]},
								"west": {"uv": [7, 24], "uv_size": [3, 4]},
								"up": {"uv": [9.5, 27], "uv_size": [-2.5, -3]},
								"down": {"uv": [9.5, 27], "uv_size": [-2.5, -3]}
							}
						}
					]
				},
				{
					"name": "leftleg_low",
					"parent": "leftleg",
					"pivot": [4, 6, -9],
					"rotation": [-10, 0, 0],
					"cubes": [
						{
							"origin": [3, -0.1, -10],
							"size": [2, 6.1, 2],
							"uv": {
								"north": {"uv": [12, 26], "uv_size": [2, 6]},
								"east": {"uv": [12, 26], "uv_size": [2, 6]},
								"south": {"uv": [12, 26], "uv_size": [2, 6]},
								"west": {"uv": [12, 26], "uv_size": [2, 6]},
								"up": {"uv": [14, 31], "uv_size": [-2, -2]},
								"down": {"uv": [14, 30], "uv_size": [-2, -2]}
							}
						}
					]
				},
				{
					"name": "claw",
					"parent": "leftleg_low",
					"pivot": [3.5, 0.5, -9],
					"cubes": [
						{
							"origin": [5, 0, -11],
							"size": [1, 1, 2],
							"pivot": [4.5, 0.5, -10],
							"rotation": [-22.5, -42.5, 0],
							"uv": {
								"north": {"uv": [2, 19], "uv_size": [1, 1]},
								"east": {"uv": [2, 19], "uv_size": [2, 1]},
								"south": {"uv": [2, 19], "uv_size": [1, 1]},
								"west": {"uv": [2, 19], "uv_size": [2, 1]},
								"up": {"uv": [3, 21], "uv_size": [-1, -2]},
								"down": {"uv": [3, 21], "uv_size": [-1, -2]}
							}
						},
						{
							"origin": [5.1, 0.5, -12.25],
							"size": [0.8, 1, 2],
							"pivot": [4.5, 0.5, -10],
							"rotation": [25, -42.5, 0],
							"uv": {
								"north": {"uv": [20, 23], "uv_size": [0.8, 1]},
								"east": {"uv": [20, 23], "uv_size": [2, 1]},
								"south": {"uv": [20, 23], "uv_size": [0.8, 1]},
								"west": {"uv": [20, 23], "uv_size": [2, 1]},
								"up": {"uv": [20.8, 25], "uv_size": [-0.8, -2]},
								"down": {"uv": [20.8, 25], "uv_size": [-0.8, -2]}
							}
						},
						{
							"origin": [4, 0, -12],
							"size": [1, 1, 2],
							"pivot": [4.5, 0.5, -10],
							"rotation": [-20, -15, 0],
							"uv": {
								"north": {"uv": [2, 19], "uv_size": [1, 1]},
								"east": {"uv": [2, 19], "uv_size": [2, 1]},
								"south": {"uv": [2, 19], "uv_size": [1, 1]},
								"west": {"uv": [2, 19], "uv_size": [2, 1]},
								"up": {"uv": [3, 21], "uv_size": [-1, -2]},
								"down": {"uv": [3, 21], "uv_size": [-1, -2]}
							}
						},
						{
							"origin": [4.1, 1, -13],
							"size": [0.8, 1, 2],
							"pivot": [4.5, 0.5, -10],
							"rotation": [25, -15, 0],
							"uv": {
								"north": {"uv": [20, 23], "uv_size": [0.8, 1]},
								"east": {"uv": [20, 23], "uv_size": [2, 1]},
								"south": {"uv": [20, 23], "uv_size": [0.8, 1]},
								"west": {"uv": [20, 23], "uv_size": [2, 1]},
								"up": {"uv": [20.8, 25], "uv_size": [-0.8, -2]},
								"down": {"uv": [20.8, 25], "uv_size": [-0.8, -2]}
							}
						},
						{
							"origin": [3.1, 1, -13],
							"size": [0.8, 1, 2],
							"pivot": [3.5, 0.5, -10],
							"rotation": [25, 15, 0],
							"uv": {
								"north": {"uv": [20, 23], "uv_size": [0.8, 1]},
								"east": {"uv": [20, 23], "uv_size": [2, 1]},
								"south": {"uv": [20, 23], "uv_size": [0.8, 1]},
								"west": {"uv": [20, 23], "uv_size": [2, 1]},
								"up": {"uv": [20.8, 25], "uv_size": [-0.8, -2]},
								"down": {"uv": [20.8, 25], "uv_size": [-0.8, -2]}
							}
						},
						{
							"origin": [3, 0, -12],
							"size": [1, 1, 2],
							"pivot": [3.5, 0.5, -10],
							"rotation": [-20, 15, 0],
							"uv": {
								"north": {"uv": [2, 19], "uv_size": [1, 1]},
								"east": {"uv": [2, 19], "uv_size": [2, 1]},
								"south": {"uv": [2, 19], "uv_size": [1, 1]},
								"west": {"uv": [2, 19], "uv_size": [2, 1]},
								"up": {"uv": [3, 21], "uv_size": [-1, -2]},
								"down": {"uv": [3, 21], "uv_size": [-1, -2]}
							}
						},
						{
							"origin": [2, 0, -11],
							"size": [1, 1, 2],
							"pivot": [3.5, 0.5, -10],
							"rotation": [-22.5, 42.5, 0],
							"uv": {
								"north": {"uv": [2, 19], "uv_size": [1, 1]},
								"east": {"uv": [2, 19], "uv_size": [2, 1]},
								"south": {"uv": [2, 19], "uv_size": [1, 1]},
								"west": {"uv": [2, 19], "uv_size": [2, 1]},
								"up": {"uv": [3, 21], "uv_size": [-1, -2]},
								"down": {"uv": [3, 21], "uv_size": [-1, -2]}
							}
						},
						{
							"origin": [2.1, 0.5, -12.25],
							"size": [0.8, 1, 2],
							"pivot": [3.5, 0.5, -10],
							"rotation": [25, 42.5, 0],
							"uv": {
								"north": {"uv": [20, 23], "uv_size": [0.8, 1]},
								"east": {"uv": [20, 23], "uv_size": [2, 1]},
								"south": {"uv": [20, 23], "uv_size": [0.8, 1]},
								"west": {"uv": [20, 23], "uv_size": [2, 1]},
								"up": {"uv": [20.8, 25], "uv_size": [-0.8, -2]},
								"down": {"uv": [20.8, 25], "uv_size": [-0.8, -2]}
							}
						}
					]
				},
				{
					"name": "head",
					"parent": "body",
					"pivot": [0, 16, -10],
					"rotation": [-27.5, 0, 0],
					"cubes": [
						{
							"origin": [-2.5, 14, -14],
							"size": [5, 4, 6],
							"uv": {
								"north": {"uv": [0, 0], "uv_size": [10, 8]},
								"east": {"uv": [12, 10], "uv_size": [6, 4]},
								"south": {"uv": [0, 0], "uv_size": [10, 8]},
								"west": {"uv": [12, 10], "uv_size": [6, 4]},
								"up": {"uv": [24, 22], "uv_size": [-5, -6]},
								"down": {"uv": [6, 21], "uv_size": [-5, -6]}
							}
						},
						{
							"origin": [0, 18, -15],
							"size": [0, 4, 9],
							"uv": {
								"north": {"uv": [9, 0], "uv_size": [1, 1]},
								"east": {"uv": [10, 5], "uv_size": [9, 4]},
								"south": {"uv": [9, 0], "uv_size": [1, 1]},
								"west": {"uv": [9, 0], "uv_size": [1, 1]},
								"up": {"uv": [10, 1], "uv_size": [-1, -1]},
								"down": {"uv": [10, 1], "uv_size": [-1, -1]}
							}
						}
					]
				},
				{
					"name": "head_head",
					"parent": "head",
					"pivot": [0, 16.5, -13.5],
					"rotation": [27.5, 0, 0],
					"cubes": [
						{
							"origin": [-2.6, 14.5, -16.5],
							"size": [5.2, 4, 4],
							"uv": {
								"north": {"uv": [1, 14], "uv_size": [5.2, 4]},
								"east": {"uv": [2, 15], "uv_size": [4, 4]},
								"south": {"uv": [1, 17], "uv_size": [5.2, 4]},
								"west": {"uv": [1, 17], "uv_size": [4, 4]},
								"up": {"uv": [5.2, 19], "uv_size": [-5.2, -4]},
								"down": {"uv": [6.2, 20], "uv_size": [-5.2, -4]}
							}
						}
					]
				},
				{
					"name": "main_head",
					"parent": "head_head",
					"pivot": [0, 17.5, -16.05],
					"cubes": [
						{
							"origin": [-4.44903, 16.62213, -20.02854],
							"size": [1, 2, 4],
							"pivot": [-3.94903, 17.87213, -15.77854],
							"rotation": [14.03271, -26.79524, -6.42848],
							"uv": {
								"north": {"uv": [0, 0], "uv_size": [2, 4]},
								"east": {"uv": [19, 22], "uv_size": [4, 2]},
								"south": {"uv": [22, 22], "uv_size": [1, 2]},
								"west": {"uv": [19, 22], "uv_size": [4, 2]},
								"up": {"uv": [19, 25], "uv_size": [-1, -4]},
								"down": {"uv": [24, 26], "uv_size": [-1, -4]}
							}
						},
						{
							"origin": [-4.44903, 17.62213, -16.02854],
							"size": [1, 1, 5],
							"pivot": [-3.94903, 17.87213, -15.77854],
							"rotation": [14.03271, -26.79524, -6.42848],
							"uv": {
								"north": {"uv": [0, 0], "uv_size": [2, 2]},
								"east": {"uv": [18, 22], "uv_size": [5, 1]},
								"south": {"uv": [19, 22], "uv_size": [1, 1]},
								"west": {"uv": [18, 22], "uv_size": [5, 1]},
								"up": {"uv": [19, 26], "uv_size": [-1, -5]},
								"down": {"uv": [19, 26], "uv_size": [-1, -5]}
							}
						},
						{
							"origin": [-2.5, 17.5, -20],
							"size": [1, 2, 4],
							"pivot": [-2, 18.5, -18.05],
							"rotation": [35.68672, -22.91934, -15.62633],
							"uv": {
								"north": {"uv": [0, 0], "uv_size": [2, 4]},
								"east": {"uv": [19, 22], "uv_size": [4, 2]},
								"south": {"uv": [22, 22], "uv_size": [1, 2]},
								"west": {"uv": [19, 22], "uv_size": [4, 2]},
								"up": {"uv": [23, 26], "uv_size": [-1, -4]},
								"down": {"uv": [2, 8], "uv_size": [-2, -8]}
							}
						},
						{
							"origin": [-2.5, 15.5, -20.1],
							"size": [5, 4, 4.1],
							"uv": {
								"north": {"uv": [1, 24], "uv_size": [5, 4]},
								"east": {"uv": [1, 15], "uv_size": [4.1, 4]},
								"south": {"uv": [19, 22], "uv_size": [5, 4]},
								"west": {"uv": [2, 15], "uv_size": [4.1, 4]},
								"up": {"uv": [8, 13], "uv_size": [-5, -4]},
								"down": {"uv": [6, 18.1], "uv_size": [-5, -4.1]}
							}
						},
						{
							"origin": [-2.5, 18.5, -16],
							"size": [1, 1, 5],
							"pivot": [-2, 18.5, -18.05],
							"rotation": [35.68672, -22.91934, -15.62633],
							"uv": {
								"north": {"uv": [0, 0], "uv_size": [2, 2]},
								"east": {"uv": [18, 22], "uv_size": [5, 1]},
								"south": {"uv": [19, 22], "uv_size": [1, 1]},
								"west": {"uv": [18, 22], "uv_size": [5, 1]},
								"up": {"uv": [19, 26], "uv_size": [-1, -5]},
								"down": {"uv": [19, 26], "uv_size": [-1, -5]}
							}
						},
						{
							"origin": [1.5, 17.5, -20.1],
							"size": [1, 2, 4.1],
							"pivot": [2, 18.5, -18.05],
							"rotation": [35.68672, 22.91934, 15.62633],
							"uv": {
								"north": {"uv": [19, 22], "uv_size": [1, 2]},
								"east": {"uv": [21, 24], "uv_size": [4.1, 2]},
								"south": {"uv": [21, 22], "uv_size": [1, 2]},
								"west": {"uv": [19, 22], "uv_size": [4.1, 2]},
								"up": {"uv": [23, 26], "uv_size": [-1, -4]},
								"down": {"uv": [20, 26.1], "uv_size": [-1, -4.1]}
							}
						},
						{
							"origin": [1.5, 18.5, -16],
							"size": [1, 1, 5],
							"pivot": [2, 18.5, -18.05],
							"rotation": [35.68672, 22.91934, 15.62633],
							"uv": {
								"north": {"uv": [2, 0], "uv_size": [2, 2]},
								"east": {"uv": [19, 24], "uv_size": [5, 1]},
								"south": {"uv": [19, 22], "uv_size": [1, 1]},
								"west": {"uv": [19, 24], "uv_size": [5, 1]},
								"up": {"uv": [19, 26], "uv_size": [-1, -5]},
								"down": {"uv": [19, 26], "uv_size": [-1, -5]}
							}
						},
						{
							"origin": [3.44903, 16.62213, -20.02854],
							"size": [1, 2, 4],
							"pivot": [3.94903, 17.87213, -15.77854],
							"rotation": [14.03271, 26.79524, 6.42848],
							"uv": {
								"north": {"uv": [2, 0], "uv_size": [2, 4]},
								"east": {"uv": [20, 22], "uv_size": [4, 2]},
								"south": {"uv": [21, 22], "uv_size": [1, 2]},
								"west": {"uv": [20, 23], "uv_size": [4, 2]},
								"up": {"uv": [22, 26], "uv_size": [-1, -4]},
								"down": {"uv": [19, 25], "uv_size": [-1, -4]}
							}
						},
						{
							"origin": [3.44903, 17.62213, -16.02854],
							"size": [1, 1, 5],
							"pivot": [3.94903, 17.87213, -15.77854],
							"rotation": [14.03271, 26.79524, 6.42848],
							"uv": {
								"north": {"uv": [2, 0], "uv_size": [2, 2]},
								"east": {"uv": [19, 22], "uv_size": [5, 1]},
								"south": {"uv": [19, 22], "uv_size": [1, 1]},
								"west": {"uv": [19, 24], "uv_size": [5, 1]},
								"up": {"uv": [19, 26], "uv_size": [-1, -5]},
								"down": {"uv": [19, 26], "uv_size": [-1, -5]}
							}
						}
					]
				},
				{
					"name": "up_jaw",
					"parent": "main_head",
					"pivot": [0, 19.25, -20.15],
					"rotation": [10, 0, 0],
					"cubes": [
						{
							"origin": [-1.5, 17.75, -24.7],
							"size": [3, 1.5, 4.6],
							"uv": {
								"north": {"uv": [7, 22], "uv_size": [3, 1.5]},
								"east": {"uv": [10, 22], "uv_size": [4.6, 1.5]},
								"south": {"uv": [0, 0], "uv_size": [6, 3]},
								"west": {"uv": [10, 22], "uv_size": [4.6, 1.5]},
								"up": {"uv": [12, 21.6], "uv_size": [-3, -4.6]},
								"down": {"uv": [15, 21.6], "uv_size": [-3, -4.6]}
							}
						},
						{
							"origin": [-1.5, 17.25, -24.7],
							"size": [3, 0.5, 4.6],
							"uv": {
								"north": {"uv": [21, 5], "uv_size": [3, 0.5]},
								"east": {"uv": [20, 5], "uv_size": [4.6, 0.5]},
								"south": {"uv": [9, 0], "uv_size": [1, 1]},
								"west": {"uv": [20, 5], "uv_size": [4.6, 0.5]},
								"up": {"uv": [10, 1], "uv_size": [-1, -1]},
								"down": {"uv": [10, 1], "uv_size": [-1, -1]}
							}
						}
					]
				},
				{
					"name": "down_jaw",
					"parent": "main_head",
					"pivot": [0, 16.75, -20.15],
					"rotation": [42.5, 0, 0],
					"cubes": [
						{
							"origin": [-1.25, 15.75, -24.2],
							"size": [2.5, 1.5, 4.1],
							"uv": {
								"north": {"uv": [9, 15], "uv_size": [2.5, 1.5]},
								"east": {"uv": [8, 15], "uv_size": [4.1, 1.5]},
								"south": {"uv": [9, 15], "uv_size": [2.5, 1.5]},
								"west": {"uv": [8, 15], "uv_size": [4.1, 1.5]},
								"up": {"uv": [14.5, 22.1], "uv_size": [-2.5, -4.1]},
								"down": {"uv": [4.5, 20.1], "uv_size": [-2.5, -4.1]}
							}
						},
						{
							"origin": [-1.25, 17.25, -24.2],
							"size": [2.5, 0.5, 4.1],
							"uv": {
								"north": {"uv": [20, 5], "uv_size": [2.5, 0.5]},
								"east": {"uv": [20, 5], "uv_size": [4.1, 0.5]},
								"south": {"uv": [9, 0], "uv_size": [1, 1]},
								"west": {"uv": [21, 5], "uv_size": [4.1, 0.5]},
								"up": {"uv": [10, 1], "uv_size": [-1, -1]},
								"down": {"uv": [10, 1], "uv_size": [-1, -1]}
							}
						}
					]
				},
				{
					"name": "body_down",
					"parent": "base",
					"pivot": [0, 14, 1],
					"rotation": [15, 0, 0],
					"cubes": [
						{
							"origin": [-2.5, 12, 1],
							"size": [5, 4, 7],
							"uv": {
								"north": {"uv": [1, 15], "uv_size": [5, 4]},
								"east": {"uv": [9, 10], "uv_size": [7, 4]},
								"south": {"uv": [0, 16], "uv_size": [5, 4]},
								"west": {"uv": [15, 10], "uv_size": [7, 4]},
								"up": {"uv": [24, 22], "uv_size": [-5, -7]},
								"down": {"uv": [6, 21], "uv_size": [-5, -7]}
							}
						},
						{
							"origin": [-0.84339, 16.5373, 1],
							"size": [0, 5, 7],
							"pivot": [0, 16, 4.5],
							"rotation": [0, 0, -32.5],
							"uv": {
								"north": {"uv": [9, 0], "uv_size": [1, 1]},
								"east": {"uv": [10, 0], "uv_size": [7, 5]},
								"south": {"uv": [9, 0], "uv_size": [1, 1]},
								"west": {"uv": [9, 0], "uv_size": [1, 1]},
								"up": {"uv": [10, 1], "uv_size": [-1, -1]},
								"down": {"uv": [10, 1], "uv_size": [-1, -1]}
							}
						},
						{
							"origin": [0.84339, 16.5373, 1],
							"size": [0, 5, 7],
							"pivot": [0, 16, 4.5],
							"rotation": [0, 0, 32.5],
							"uv": {
								"north": {"uv": [9, 0], "uv_size": [1, 1]},
								"east": {"uv": [10, 0], "uv_size": [7, 5]},
								"south": {"uv": [9, 0], "uv_size": [1, 1]},
								"west": {"uv": [9, 0], "uv_size": [1, 1]},
								"up": {"uv": [10, 1], "uv_size": [-1, -1]},
								"down": {"uv": [10, 1], "uv_size": [-1, -1]}
							}
						}
					]
				},
				{
					"name": "tail",
					"parent": "body_down",
					"pivot": [0, 14, 8],
					"rotation": [-10, 0, 0],
					"cubes": [
						{
							"origin": [-1.5, 12.5, 8],
							"size": [3, 3, 10],
							"uv": {
								"north": {"uv": [1, 15], "uv_size": [3, 3]},
								"east": {"uv": [9, 11], "uv_size": [10, 3]},
								"south": {"uv": [2, 15], "uv_size": [3, 3]},
								"west": {"uv": [12, 11], "uv_size": [10, 3]},
								"up": {"uv": [18, 25], "uv_size": [-3, -10]},
								"down": {"uv": [4, 24], "uv_size": [-3, -10]}
							}
						},
						{
							"origin": [-0.84339, 15.5373, 8],
							"size": [0, 4, 10],
							"pivot": [0, 15, 11.5],
							"rotation": [0, 0, -32.5],
							"uv": {
								"north": {"uv": [9, 0], "uv_size": [1, 1]},
								"east": {"uv": [17, 0], "uv_size": [10, 4]},
								"south": {"uv": [9, 0], "uv_size": [1, 1]},
								"west": {"uv": [9, 0], "uv_size": [1, 1]},
								"up": {"uv": [10, 1], "uv_size": [-1, -1]},
								"down": {"uv": [10, 1], "uv_size": [-1, -1]}
							}
						},
						{
							"origin": [0.84339, 15.5373, 8],
							"size": [0, 4, 10],
							"pivot": [0, 15, 11.5],
							"rotation": [0, 0, 32.5],
							"uv": {
								"north": {"uv": [9, 0], "uv_size": [1, 1]},
								"east": {"uv": [17, 0], "uv_size": [10, 4]},
								"south": {"uv": [9, 0], "uv_size": [1, 1]},
								"west": {"uv": [9, 0], "uv_size": [1, 1]},
								"up": {"uv": [10, 1], "uv_size": [-1, -1]},
								"down": {"uv": [10, 1], "uv_size": [-1, -1]}
							}
						}
					]
				},
				{
					"name": "tail_down",
					"parent": "tail",
					"pivot": [0, 13.5, 18],
					"rotation": [-17.5, 0, 0],
					"cubes": [
						{
							"origin": [-1, 12.5, 18],
							"size": [2, 2, 12],
							"uv": {
								"north": {"uv": [1, 14], "uv_size": [2, 2]},
								"east": {"uv": [9, 12], "uv_size": [12, 2]},
								"south": {"uv": [22, 12], "uv_size": [2, 2]},
								"west": {"uv": [10, 12], "uv_size": [12, 2]},
								"up": {"uv": [30, 12], "uv_size": [-2, -12]},
								"down": {"uv": [4, 25], "uv_size": [-2, -12]}
							}
						},
						{
							"origin": [-0.21085, 14.13432, 18],
							"size": [0, 3, 10],
							"pivot": [0, 14, 21.5],
							"rotation": [0, 0, -32.5],
							"uv": {
								"north": {"uv": [9, 0], "uv_size": [1, 1]},
								"east": {"uv": [0, 5], "uv_size": [10, 3]},
								"south": {"uv": [9, 0], "uv_size": [1, 1]},
								"west": {"uv": [9, 0], "uv_size": [1, 1]},
								"up": {"uv": [10, 1], "uv_size": [-1, -1]},
								"down": {"uv": [10, 1], "uv_size": [-1, -1]}
							}
						},
						{
							"origin": [0.21085, 14.13432, 18],
							"size": [0, 3, 10],
							"pivot": [0, 14, 21.5],
							"rotation": [0, 0, 32.5],
							"uv": {
								"north": {"uv": [9, 0], "uv_size": [1, 1]},
								"east": {"uv": [0, 5], "uv_size": [10, 3]},
								"south": {"uv": [9, 0], "uv_size": [1, 1]},
								"west": {"uv": [9, 0], "uv_size": [1, 1]},
								"up": {"uv": [10, 1], "uv_size": [-1, -1]},
								"down": {"uv": [10, 1], "uv_size": [-1, -1]}
							}
						}
					]
				},
				{
					"name": "rightleg_back",
					"parent": "body_down",
					"pivot": [-3, 13.5, 5.5],
					"rotation": [-14.94548, 1.29256, 4.83045],
					"cubes": [
						{
							"origin": [-4.5, 7.5, 4],
							"size": [3, 7, 3],
							"uv": {
								"north": {"uv": [11, 24], "uv_size": [3, 7]},
								"east": {"uv": [11, 24], "uv_size": [3, 7]},
								"south": {"uv": [11, 24], "uv_size": [3, 7]},
								"west": {"uv": [11, 24], "uv_size": [3, 7]},
								"up": {"uv": [10, 28], "uv_size": [-3, -3]},
								"down": {"uv": [5, 19], "uv_size": [-3, -3]}
							}
						},
						{
							"origin": [-3.5, 14.5, 4],
							"size": [2, 1, 2],
							"uv": {
								"north": {"uv": [2, 20], "uv_size": [2, 1]},
								"east": {"uv": [2, 20], "uv_size": [2, 1]},
								"south": {"uv": [2, 20], "uv_size": [2, 1]},
								"west": {"uv": [2, 20], "uv_size": [2, 1]},
								"up": {"uv": [4, 22], "uv_size": [-2, -2]},
								"down": {"uv": [4, 22], "uv_size": [-2, -2]}
							}
						}
					]
				},
				{
					"name": "rightleg_back_knee",
					"parent": "rightleg_back",
					"pivot": [-3, 7.5, 4],
					"rotation": [70, 0, 0],
					"cubes": [
						{
							"origin": [-4, 2.5, 4],
							"size": [2, 5, 2],
							"uv": {
								"north": {"uv": [12, 24], "uv_size": [2, 5]},
								"east": {"uv": [12, 24], "uv_size": [2, 5]},
								"south": {"uv": [12, 24], "uv_size": [2, 5]},
								"west": {"uv": [12, 24], "uv_size": [2, 5]},
								"up": {"uv": [14, 26], "uv_size": [-2, -2]},
								"down": {"uv": [14, 26], "uv_size": [-2, -2]}
							}
						}
					]
				},
				{
					"name": "rightleg_back_down",
					"parent": "rightleg_back_knee",
					"pivot": [-3, 2.5, 5],
					"rotation": [-69.92969, -4.69776, -1.71394],
					"cubes": [
						{
							"origin": [-4.1, -5.6, 4],
							"size": [2.2, 8.1, 2],
							"uv": {
								"north": {"uv": [12, 24], "uv_size": [2, 8]},
								"east": {"uv": [12, 24], "uv_size": [2, 8]},
								"south": {"uv": [12, 24], "uv_size": [2, 8]},
								"west": {"uv": [12, 24], "uv_size": [2, 8]},
								"up": {"uv": [14, 26], "uv_size": [-2, -2]},
								"down": {"uv": [14, 26], "uv_size": [-2, -2]}
							}
						},
						{
							"origin": [-3.75, 2.25, 5],
							"size": [1.5, 2, 1],
							"pivot": [-3, 2.5, 5.5],
							"rotation": [-20, 0, 0],
							"uv": {
								"north": {"uv": [19, 23], "uv_size": [1.5, 2]},
								"east": {"uv": [19, 23], "uv_size": [1, 2]},
								"south": {"uv": [19, 23], "uv_size": [1.5, 2]},
								"west": {"uv": [19, 23], "uv_size": [1, 2]},
								"up": {"uv": [20.5, 24], "uv_size": [-1.5, -1]},
								"down": {"uv": [20.5, 24], "uv_size": [-1.5, -1]}
							}
						}
					]
				},
				{
					"name": "claw4",
					"parent": "rightleg_back_down",
					"pivot": [-2.5, -5, 5],
					"cubes": [
						{
							"origin": [-4, -5.5, 2],
							"size": [1, 1, 2],
							"pivot": [-3.5, -5, 4],
							"rotation": [-20, 15, 0],
							"uv": {
								"north": {"uv": [2, 20], "uv_size": [1, 1]},
								"east": {"uv": [2, 20], "uv_size": [2, 1]},
								"south": {"uv": [2, 20], "uv_size": [1, 1]},
								"west": {"uv": [2, 20], "uv_size": [2, 1]},
								"up": {"uv": [3, 22], "uv_size": [-1, -2]},
								"down": {"uv": [3, 22], "uv_size": [-1, -2]}
							}
						},
						{
							"origin": [-3.9, -4.5, 0.75],
							"size": [0.8, 1, 2],
							"pivot": [-3.5, -5, 4],
							"rotation": [20, 15, 0],
							"uv": {
								"north": {"uv": [20, 23], "uv_size": [0.8, 1]},
								"east": {"uv": [20, 23], "uv_size": [2, 1]},
								"south": {"uv": [20, 23], "uv_size": [0.8, 1]},
								"west": {"uv": [20, 23], "uv_size": [2, 1]},
								"up": {"uv": [20.8, 25], "uv_size": [-0.8, -2]},
								"down": {"uv": [20.8, 25], "uv_size": [-0.8, -2]}
							}
						},
						{
							"origin": [-4.9, -5, 1.75],
							"size": [0.8, 1, 2],
							"pivot": [-3.5, -5, 4],
							"rotation": [30, 42.5, 0],
							"uv": {
								"north": {"uv": [19, 23], "uv_size": [0.8, 1]},
								"east": {"uv": [19, 23], "uv_size": [2, 1]},
								"south": {"uv": [19, 23], "uv_size": [0.8, 1]},
								"west": {"uv": [19, 23], "uv_size": [2, 1]},
								"up": {"uv": [19.8, 25], "uv_size": [-0.8, -2]},
								"down": {"uv": [19.8, 25], "uv_size": [-0.8, -2]}
							}
						},
						{
							"origin": [-5, -5.5, 3],
							"size": [1, 1, 2],
							"pivot": [-3.5, -5, 4],
							"rotation": [-22.5, 42.5, 0],
							"uv": {
								"north": {"uv": [2, 20], "uv_size": [1, 1]},
								"east": {"uv": [2, 20], "uv_size": [2, 1]},
								"south": {"uv": [2, 20], "uv_size": [1, 1]},
								"west": {"uv": [2, 20], "uv_size": [2, 1]},
								"up": {"uv": [3, 22], "uv_size": [-1, -2]},
								"down": {"uv": [3, 22], "uv_size": [-1, -2]}
							}
						},
						{
							"origin": [-3, -5.5, 2],
							"size": [1, 1, 2],
							"pivot": [-2.5, -5, 4],
							"rotation": [-20, -15, 0],
							"uv": {
								"north": {"uv": [2, 20], "uv_size": [1, 1]},
								"east": {"uv": [2, 20], "uv_size": [2, 1]},
								"south": {"uv": [2, 20], "uv_size": [1, 1]},
								"west": {"uv": [2, 20], "uv_size": [2, 1]},
								"up": {"uv": [3, 22], "uv_size": [-1, -2]},
								"down": {"uv": [3, 22], "uv_size": [-1, -2]}
							}
						},
						{
							"origin": [-2.9, -4.5, 0.75],
							"size": [0.8, 1, 2],
							"pivot": [-2.5, -5, 4],
							"rotation": [20, -15, 0],
							"uv": {
								"north": {"uv": [20, 23], "uv_size": [0.8, 1]},
								"east": {"uv": [20, 23], "uv_size": [2, 1]},
								"south": {"uv": [20, 23], "uv_size": [0.8, 1]},
								"west": {"uv": [20, 23], "uv_size": [2, 1]},
								"up": {"uv": [20.8, 25], "uv_size": [-0.8, -2]},
								"down": {"uv": [20.8, 25], "uv_size": [-0.8, -2]}
							}
						},
						{
							"origin": [-1.9, -5, 1.75],
							"size": [0.8, 1, 2],
							"pivot": [-2.5, -5, 4],
							"rotation": [30, -42.5, 0],
							"uv": {
								"north": {"uv": [20, 23], "uv_size": [0.8, 1]},
								"east": {"uv": [20, 23], "uv_size": [2, 1]},
								"south": {"uv": [20, 23], "uv_size": [0.8, 1]},
								"west": {"uv": [20, 23], "uv_size": [2, 1]},
								"up": {"uv": [20.8, 25], "uv_size": [-0.8, -2]},
								"down": {"uv": [20.8, 25], "uv_size": [-0.8, -2]}
							}
						},
						{
							"origin": [-2, -5.5, 3],
							"size": [1, 1, 2],
							"pivot": [-2.5, -5, 4],
							"rotation": [-22.5, -42.5, 0],
							"uv": {
								"north": {"uv": [2, 20], "uv_size": [1, 1]},
								"east": {"uv": [2, 20], "uv_size": [2, 1]},
								"south": {"uv": [2, 20], "uv_size": [1, 1]},
								"west": {"uv": [2, 20], "uv_size": [2, 1]},
								"up": {"uv": [3, 22], "uv_size": [-1, -2]},
								"down": {"uv": [3, 22], "uv_size": [-1, -2]}
							}
						}
					]
				},
				{
					"name": "leftleg_back",
					"parent": "body_down",
					"pivot": [3, 13.5, 5.5],
					"rotation": [-14.94548, -1.29256, -4.83045],
					"cubes": [
						{
							"origin": [1.5, 7.5, 4],
							"size": [3, 7, 3],
							"uv": {
								"north": {"uv": [11, 24], "uv_size": [3, 7]},
								"east": {"uv": [11, 24], "uv_size": [3, 7]},
								"south": {"uv": [11, 24], "uv_size": [3, 7]},
								"west": {"uv": [11, 24], "uv_size": [3, 7]},
								"up": {"uv": [10, 28], "uv_size": [-3, -3]},
								"down": {"uv": [5, 19], "uv_size": [-3, -3]}
							}
						},
						{
							"origin": [1.5, 14.5, 4],
							"size": [2, 1, 2],
							"uv": {
								"north": {"uv": [3, 19], "uv_size": [2, 1]},
								"east": {"uv": [3, 19], "uv_size": [2, 1]},
								"south": {"uv": [3, 19], "uv_size": [2, 1]},
								"west": {"uv": [3, 19], "uv_size": [2, 1]},
								"up": {"uv": [5, 21], "uv_size": [-2, -2]},
								"down": {"uv": [5, 21], "uv_size": [-2, -2]}
							}
						}
					]
				},
				{
					"name": "leftleg_back_knee",
					"parent": "leftleg_back",
					"pivot": [3, 7.5, 4],
					"rotation": [70, 0, 0],
					"cubes": [
						{
							"origin": [2, 2.5, 4],
							"size": [2, 5, 2],
							"uv": {
								"north": {"uv": [12, 24], "uv_size": [2, 5]},
								"east": {"uv": [12, 24], "uv_size": [2, 5]},
								"south": {"uv": [12, 24], "uv_size": [2, 5]},
								"west": {"uv": [12, 24], "uv_size": [2, 5]},
								"up": {"uv": [14, 26], "uv_size": [-2, -2]},
								"down": {"uv": [14, 26], "uv_size": [-2, -2]}
							}
						}
					]
				},
				{
					"name": "leftleg_back_down",
					"parent": "leftleg_back_knee",
					"pivot": [3, 2.5, 5],
					"rotation": [-69.92969, 4.69776, 1.71394],
					"cubes": [
						{
							"origin": [1.9, -5.6, 4],
							"size": [2.2, 8.1, 2],
							"uv": {
								"north": {"uv": [12, 24], "uv_size": [2, 8]},
								"east": {"uv": [12, 24], "uv_size": [2, 8.1]},
								"south": {"uv": [12, 24], "uv_size": [2, 8]},
								"west": {"uv": [12, 24], "uv_size": [2, 8]},
								"up": {"uv": [4.2, 23], "uv_size": [-2.2, -2]},
								"down": {"uv": [4.2, 18], "uv_size": [-2.2, -2]}
							}
						},
						{
							"origin": [2.25, 2.25, 5],
							"size": [1.5, 2, 1],
							"pivot": [3, 2.5, 5.5],
							"rotation": [-20, 0, 0],
							"uv": {
								"north": {"uv": [19, 23], "uv_size": [1.5, 2]},
								"east": {"uv": [19, 23], "uv_size": [1, 2]},
								"south": {"uv": [19, 23], "uv_size": [1.5, 2]},
								"west": {"uv": [19, 23], "uv_size": [1, 2]},
								"up": {"uv": [20.5, 24], "uv_size": [-1.5, -1]},
								"down": {"uv": [20.5, 24], "uv_size": [-1.5, -1]}
							}
						}
					]
				},
				{
					"name": "claw3",
					"parent": "leftleg_back_down",
					"pivot": [2.5, -5, 5],
					"cubes": [
						{
							"origin": [4, -5.5, 3],
							"size": [1, 1, 2],
							"pivot": [3.5, -5, 4],
							"rotation": [-22.5, -42.5, 0],
							"uv": {
								"north": {"uv": [2, 20], "uv_size": [1, 1]},
								"east": {"uv": [2, 20], "uv_size": [2, 1]},
								"south": {"uv": [2, 20], "uv_size": [1, 1]},
								"west": {"uv": [2, 20], "uv_size": [2, 1]},
								"up": {"uv": [3, 22], "uv_size": [-1, -2]},
								"down": {"uv": [3, 22], "uv_size": [-1, -2]}
							}
						},
						{
							"origin": [4.1, -5, 1.75],
							"size": [0.8, 1, 2],
							"pivot": [3.5, -5, 4],
							"rotation": [30, -42.5, 0],
							"uv": {
								"north": {"uv": [20, 23], "uv_size": [0.8, 1]},
								"east": {"uv": [20, 23], "uv_size": [2, 1]},
								"south": {"uv": [20, 23], "uv_size": [0.8, 1]},
								"west": {"uv": [20, 23], "uv_size": [2, 1]},
								"up": {"uv": [20.8, 25], "uv_size": [-0.8, -2]},
								"down": {"uv": [20.8, 25], "uv_size": [-0.8, -2]}
							}
						},
						{
							"origin": [3, -5.5, 2],
							"size": [1, 1, 2],
							"pivot": [3.5, -5, 4],
							"rotation": [-20, -15, 0],
							"uv": {
								"north": {"uv": [2, 20], "uv_size": [1, 1]},
								"east": {"uv": [2, 20], "uv_size": [2, 1]},
								"south": {"uv": [2, 20], "uv_size": [1, 1]},
								"west": {"uv": [2, 20], "uv_size": [2, 1]},
								"up": {"uv": [3, 22], "uv_size": [-1, -2]},
								"down": {"uv": [3, 22], "uv_size": [-1, -2]}
							}
						},
						{
							"origin": [3.1, -4.5, 0.75],
							"size": [0.8, 1, 2],
							"pivot": [3.5, -5, 4],
							"rotation": [20, -15, 0],
							"uv": {
								"north": {"uv": [20, 23], "uv_size": [0.8, 1]},
								"east": {"uv": [20, 23], "uv_size": [2, 1]},
								"south": {"uv": [20, 23], "uv_size": [0.8, 1]},
								"west": {"uv": [20, 23], "uv_size": [2, 1]},
								"up": {"uv": [20.8, 25], "uv_size": [-0.8, -2]},
								"down": {"uv": [20.8, 25], "uv_size": [-0.8, -2]}
							}
						},
						{
							"origin": [2, -5.5, 2],
							"size": [1, 1, 2],
							"pivot": [2.5, -5, 4],
							"rotation": [-20, 15, 0],
							"uv": {
								"north": {"uv": [2, 20], "uv_size": [1, 1]},
								"east": {"uv": [2, 20], "uv_size": [2, 1]},
								"south": {"uv": [2, 20], "uv_size": [1, 1]},
								"west": {"uv": [2, 20], "uv_size": [2, 1]},
								"up": {"uv": [3, 22], "uv_size": [-1, -2]},
								"down": {"uv": [3, 22], "uv_size": [-1, -2]}
							}
						},
						{
							"origin": [2.1, -4.5, 0.75],
							"size": [0.8, 1, 2],
							"pivot": [2.5, -5, 4],
							"rotation": [20, 15, 0],
							"uv": {
								"north": {"uv": [20, 23], "uv_size": [0.8, 1]},
								"east": {"uv": [20, 23], "uv_size": [2, 1]},
								"south": {"uv": [20, 23], "uv_size": [0.8, 1]},
								"west": {"uv": [20, 23], "uv_size": [2, 1]},
								"up": {"uv": [20.8, 25], "uv_size": [-0.8, -2]},
								"down": {"uv": [20.8, 25], "uv_size": [-0.8, -2]}
							}
						},
						{
							"origin": [1, -5.5, 3],
							"size": [1, 1, 2],
							"pivot": [2.5, -5, 4],
							"rotation": [-22.5, 42.5, 0],
							"uv": {
								"north": {"uv": [2, 20], "uv_size": [1, 1]},
								"east": {"uv": [2, 20], "uv_size": [2, 1]},
								"south": {"uv": [2, 20], "uv_size": [1, 1]},
								"west": {"uv": [2, 20], "uv_size": [2, 1]},
								"up": {"uv": [3, 22], "uv_size": [-1, -2]},
								"down": {"uv": [3, 22], "uv_size": [-1, -2]}
							}
						},
						{
							"origin": [1.1, -5, 1.75],
							"size": [0.8, 1, 2],
							"pivot": [2.5, -5, 4],
							"rotation": [30, 42.5, 0],
							"uv": {
								"north": {"uv": [19, 23], "uv_size": [0.8, 1]},
								"east": {"uv": [19, 23], "uv_size": [2, 1]},
								"south": {"uv": [19, 23], "uv_size": [0.8, 1]},
								"west": {"uv": [19, 23], "uv_size": [2, 1]},
								"up": {"uv": [19.8, 25], "uv_size": [-0.8, -2]},
								"down": {"uv": [19.8, 25], "uv_size": [-0.8, -2]}
							}
						}
					]
				}
			]
		}
	]
}