{
	"format_version": "1.12.0",
	"minecraft:geometry": [
		{
			"description": {
				"identifier": "geometry.unknown",
				"texture_width": 128,
				"texture_height": 128,
				"visible_bounds_width": 3,
				"visible_bounds_height": 5.5,
				"visible_bounds_offset": [0, 2.25, 0]
			},
			"bones": [
				{
					"name": "base",
					"pivot": [0, 20.7, 0]
				},
				{
					"name": "legRT",
					"parent": "base",
					"pivot": [-2.02583, 18.70065, 0.85],
					"cubes": [
						{
							"origin": [-3.6, 12.9, -0.6],
							"size": [3, 6, 3],
							"inflate": 0.4,
							"pivot": [-2.1, 17.9, 0.9],
							"rotation": [0, 0, -1],
							"uv": {
								"north": {"uv": [33, 53], "uv_size": [3, 6]},
								"east": {"uv": [6, 54], "uv_size": [3, 6]},
								"south": {"uv": [9, 54], "uv_size": [3, 6]},
								"west": {"uv": [54, 22], "uv_size": [3, 6]},
								"up": {"uv": [44, 16], "uv_size": [3, 3]},
								"down": {"uv": [60, 33], "uv_size": [3, -3]}
							}
						},
						{
							"origin": [-3.48626, 10.03566, -0.7],
							"size": [3, 3, 3],
							"inflate": 0.1,
							"pivot": [0, 11.50099, 0.8],
							"rotation": [4.99924, 0.08715, -0.9962],
							"uv": {
								"north": {"uv": [60, 33], "uv_size": [3, 3]},
								"east": {"uv": [60, 36], "uv_size": [3, 3]},
								"south": {"uv": [60, 39], "uv_size": [3, 3]},
								"west": {"uv": [60, 42], "uv_size": [3, 3]},
								"up": {"uv": [55, 60], "uv_size": [3, 3]},
								"down": {"uv": [61, 9], "uv_size": [3, -3]}
							}
						}
					]
				},
				{
					"name": "legRB",
					"parent": "legRT",
					"pivot": [-2, 10.2, -0.15],
					"cubes": [
						{
							"origin": [-3, 5, 0.1],
							"size": [2, 5, 2],
							"inflate": 0.3,
							"pivot": [0, 7.5, 1.1],
							"rotation": [2.5, 0, 0],
							"uv": {
								"north": {"uv": [24, 31], "uv_size": [2, 5]},
								"east": {"uv": [43, 59], "uv_size": [2, 5]},
								"south": {"uv": [45, 59], "uv_size": [2, 5]},
								"west": {"uv": [47, 59], "uv_size": [2, 5]},
								"up": {"uv": [16, 29], "uv_size": [2, 2]},
								"down": {"uv": [6, 54], "uv_size": [2, -2]}
							}
						},
						{
							"origin": [-3, 2, 0.2],
							"size": [2, 3, 2],
							"uv": {
								"north": {"uv": [64, 45], "uv_size": [2, 3]},
								"east": {"uv": [47, 64], "uv_size": [2, 3]},
								"south": {"uv": [64, 48], "uv_size": [2, 3]},
								"west": {"uv": [49, 64], "uv_size": [2, 3]},
								"up": {"uv": [66, 42], "uv_size": [2, 2]},
								"down": {"uv": [66, 46], "uv_size": [2, -2]}
							}
						}
					]
				},
				{
					"name": "feetRT",
					"parent": "legRB",
					"pivot": [-2, 2, 1.25],
					"cubes": [
						{
							"origin": [-3.5, 1.82693, -0.40714],
							"size": [3, 2, 3],
							"pivot": [-2, 2.82693, 1.09286],
							"rotation": [-5, 0, 0],
							"uv": {
								"north": {"uv": [13, 37], "uv_size": [3, 2]},
								"east": {"uv": [51, 22], "uv_size": [3, 2]},
								"south": {"uv": [52, 6], "uv_size": [3, 2]},
								"west": {"uv": [51, 64], "uv_size": [3, 2]},
								"up": {"uv": [61, 9], "uv_size": [3, 3]},
								"down": {"uv": [20, 64], "uv_size": [3, -3]}
							}
						}
					]
				},
				{
					"name": "feetRB",
					"parent": "feetRT",
					"pivot": [-2, 2, -0.5],
					"cubes": [
						{
							"origin": [-3.5, 0, -2.5],
							"size": [3, 2, 5],
							"uv": {
								"north": {"uv": [64, 51], "uv_size": [3, 2]},
								"east": {"uv": [59, 2], "uv_size": [5, 2]},
								"south": {"uv": [64, 53], "uv_size": [3, 2]},
								"west": {"uv": [59, 4], "uv_size": [5, 2]},
								"up": {"uv": [57, 30], "uv_size": [3, 5]},
								"down": {"uv": [57, 40], "uv_size": [3, -5]}
							}
						}
					]
				},
				{
					"name": "legLT",
					"parent": "base",
					"pivot": [2.02583, 18.70065, 0.85],
					"cubes": [
						{
							"origin": [0.6, 12.9, -0.6],
							"size": [3, 6, 3],
							"inflate": 0.4,
							"pivot": [2.1, 17.9, 0.9],
							"rotation": [0, 0, 1],
							"uv": {
								"north": {"uv": [54, 28], "uv_size": [3, 6]},
								"east": {"uv": [54, 34], "uv_size": [3, 6]},
								"south": {"uv": [54, 40], "uv_size": [3, 6]},
								"west": {"uv": [54, 46], "uv_size": [3, 6]},
								"up": {"uv": [61, 21], "uv_size": [3, 3]},
								"down": {"uv": [61, 52], "uv_size": [3, -3]}
							}
						},
						{
							"origin": [0.48626, 10.03566, -0.7],
							"size": [3, 3, 3],
							"inflate": 0.1,
							"pivot": [0, 11.50099, 0.8],
							"rotation": [4.99924, -0.08715, 0.9962],
							"uv": {
								"north": {"uv": [61, 52], "uv_size": [3, 3]},
								"east": {"uv": [58, 61], "uv_size": [3, 3]},
								"south": {"uv": [61, 61], "uv_size": [3, 3]},
								"west": {"uv": [62, 16], "uv_size": [3, 3]},
								"up": {"uv": [38, 62], "uv_size": [3, 3]},
								"down": {"uv": [0, 66], "uv_size": [3, -3]}
							}
						}
					]
				},
				{
					"name": "legLB",
					"parent": "legLT",
					"pivot": [2, 10.1, -0.15],
					"cubes": [
						{
							"origin": [1, 5, 0.1],
							"size": [2, 5, 2],
							"inflate": 0.3,
							"pivot": [0, 7.5, 1.1],
							"rotation": [2.5, 0, 0],
							"uv": {
								"north": {"uv": [49, 59], "uv_size": [2, 5]},
								"east": {"uv": [51, 59], "uv_size": [2, 5]},
								"south": {"uv": [59, 52], "uv_size": [2, 5]},
								"west": {"uv": [53, 59], "uv_size": [2, 5]},
								"up": {"uv": [66, 46], "uv_size": [2, 2]},
								"down": {"uv": [66, 50], "uv_size": [2, -2]}
							}
						},
						{
							"origin": [1, 2, 0.2],
							"size": [2, 3, 2],
							"uv": {
								"north": {"uv": [64, 57], "uv_size": [2, 3]},
								"east": {"uv": [58, 64], "uv_size": [2, 3]},
								"south": {"uv": [60, 64], "uv_size": [2, 3]},
								"west": {"uv": [64, 60], "uv_size": [2, 3]},
								"up": {"uv": [51, 66], "uv_size": [2, 2]},
								"down": {"uv": [53, 68], "uv_size": [2, -2]}
							}
						}
					]
				},
				{
					"name": "feetLT",
					"parent": "legLB",
					"pivot": [2, 2, 1],
					"cubes": [
						{
							"origin": [0.5, 1.82693, -0.40714],
							"size": [3, 2, 3],
							"pivot": [2, 2.82693, 1.09286],
							"rotation": [-5, 0, 0],
							"uv": {
								"north": {"uv": [62, 64], "uv_size": [3, 2]},
								"east": {"uv": [65, 0], "uv_size": [3, 2]},
								"south": {"uv": [6, 65], "uv_size": [3, 2]},
								"west": {"uv": [65, 15], "uv_size": [3, 2]},
								"up": {"uv": [3, 63], "uv_size": [3, 3]},
								"down": {"uv": [63, 33], "uv_size": [3, -3]}
							}
						}
					]
				},
				{
					"name": "feetLB",
					"parent": "feetLT",
					"pivot": [2, 2, -0.5],
					"cubes": [
						{
							"origin": [0.5, 0, -2.5],
							"size": [3, 2, 5],
							"uv": {
								"north": {"uv": [65, 17], "uv_size": [3, 2]},
								"east": {"uv": [59, 57], "uv_size": [5, 2]},
								"south": {"uv": [22, 65], "uv_size": [3, 2]},
								"west": {"uv": [59, 59], "uv_size": [5, 2]},
								"up": {"uv": [38, 57], "uv_size": [3, 5]},
								"down": {"uv": [57, 45], "uv_size": [3, -5]}
							}
						}
					]
				},
				{
					"name": "bodyB",
					"parent": "base",
					"pivot": [0, 19, 0.9],
					"cubes": [
						{
							"origin": [-3.5, 21.5, -0.95],
							"size": [7, 5, 3.5],
							"inflate": -0.4,
							"pivot": [0.5, 21.8, 2.05],
							"rotation": [2, 0, 0],
							"uv": {
								"north": {"uv": [39, 24], "uv_size": [7, 5]},
								"east": {"uv": [35, 10], "uv_size": [4, 5]},
								"south": {"uv": [39, 29], "uv_size": [7, 5]},
								"west": {"uv": [39, 52], "uv_size": [4, 5]},
								"up": {"uv": [27, 16], "uv_size": [7, 4]},
								"down": {"uv": [47, 48], "uv_size": [7, -4]}
							}
						},
						{
							"origin": [-4.1, 18.7, -1.35],
							"size": [8.2, 8, 4.3],
							"inflate": -0.2,
							"pivot": [0.5, 21.8, 2.05],
							"rotation": [2, 0, 0],
							"uv": {
								"north": {"uv": [8, 21], "uv_size": [8, 8]},
								"east": {"uv": [0, 40], "uv_size": [4, 8]},
								"south": {"uv": [26, 20], "uv_size": [8, 8]},
								"west": {"uv": [40, 0], "uv_size": [4, 8]},
								"up": {"uv": [44, 0], "uv_size": [8, 4]},
								"down": {"uv": [44, 8], "uv_size": [8, -4]}
							}
						},
						{
							"origin": [-3.4, 18.8, -0.6],
							"size": [6.8, 3, 3],
							"inflate": 0.1,
							"pivot": [0.4, 20.3, 0.9],
							"rotation": [2.5, 0, 0],
							"uv": {
								"north": {"uv": [51, 16], "uv_size": [7, 3]},
								"east": {"uv": [63, 33], "uv_size": [3, 3]},
								"south": {"uv": [51, 19], "uv_size": [7, 3]},
								"west": {"uv": [63, 36], "uv_size": [3, 3]},
								"up": {"uv": [52, 0], "uv_size": [7, 3]},
								"down": {"uv": [52, 6], "uv_size": [7, -3]}
							}
						}
					]
				},
				{
					"name": "bone",
					"parent": "bodyB",
					"pivot": [-1.85, 18.8998, 2.836],
					"rotation": [5, 0, 0],
					"cubes": [
						{
							"origin": [-4.1, 11.09976, -1.36396],
							"size": [4.3, 8, 4.3],
							"inflate": -0.1,
							"pivot": [0.5, 22.19976, 2.03604],
							"rotation": [2, 0, 0],
							"uv": {
								"north": {"uv": [4, 40], "uv_size": [4, 8]},
								"east": {"uv": [44, 8], "uv_size": [4, 8]},
								"south": {"uv": [13, 44], "uv_size": [4, 8]},
								"west": {"uv": [17, 44], "uv_size": [4, 8]},
								"up": {"uv": [55, 52], "uv_size": [4, 4]},
								"down": {"uv": [55, 60], "uv_size": [4, -4]}
							}
						}
					]
				},
				{
					"name": "bone2",
					"parent": "bodyB",
					"pivot": [1.85, 18.89976, 2.83604],
					"rotation": [5, 0, 0],
					"cubes": [
						{
							"origin": [-0.2, 11.09976, -1.36396],
							"size": [4.3, 8, 4.3],
							"inflate": -0.1,
							"pivot": [0.5, 22.19976, 2.03604],
							"rotation": [2, 0, 0],
							"uv": {
								"north": {"uv": [39, 44], "uv_size": [4, 8]},
								"east": {"uv": [43, 44], "uv_size": [4, 8]},
								"south": {"uv": [29, 45], "uv_size": [4, 8]},
								"west": {"uv": [33, 45], "uv_size": [4, 8]},
								"up": {"uv": [21, 57], "uv_size": [4, 4]},
								"down": {"uv": [57, 26], "uv_size": [4, -4]}
							}
						}
					]
				},
				{
					"name": "bodyT",
					"parent": "bodyB",
					"pivot": [0, 25.7, 1.5],
					"cubes": [
						{
							"origin": [-3.5, 25.8, -1.05],
							"size": [7, 5, 3.5],
							"pivot": [0.4, 27.3, 0.45],
							"rotation": [-2.5, 0, 0],
							"uv": {
								"north": {"uv": [39, 34], "uv_size": [7, 5]},
								"east": {"uv": [43, 52], "uv_size": [4, 5]},
								"south": {"uv": [39, 39], "uv_size": [7, 5]},
								"west": {"uv": [47, 52], "uv_size": [4, 5]},
								"up": {"uv": [0, 48], "uv_size": [7, 4]},
								"down": {"uv": [48, 12], "uv_size": [7, -4]}
							}
						},
						{
							"origin": [-4.2, 25.8, -1.3],
							"size": [8.4, 5.25, 4],
							"pivot": [0.4, 27.3, 0.45],
							"rotation": [-2.5, 0, 0],
							"uv": {
								"north": {"uv": [13, 39], "uv_size": [8, 5]},
								"east": {"uv": [51, 52], "uv_size": [4, 5]},
								"south": {"uv": [39, 19], "uv_size": [8, 5]},
								"west": {"uv": [29, 53], "uv_size": [4, 5]},
								"up": {"uv": [21, 46], "uv_size": [8, 4]},
								"down": {"uv": [46, 28], "uv_size": [8, -4]}
							}
						},
						{
							"origin": [-2, 29.5, -0.95],
							"size": [4, 2, 3],
							"pivot": [0, 29.5, 0.2],
							"rotation": [5, 0, 0],
							"uv": {
								"north": {"uv": [61, 24], "uv_size": [4, 2]},
								"east": {"uv": [65, 26], "uv_size": [3, 2]},
								"south": {"uv": [61, 55], "uv_size": [4, 2]},
								"west": {"uv": [27, 65], "uv_size": [3, 2]},
								"up": {"uv": [57, 49], "uv_size": [4, 3]},
								"down": {"uv": [58, 19], "uv_size": [4, -3]}
							}
						},
						{
							"origin": [-3, 26.9, -2.25],
							"size": [6, 3, 2],
							"pivot": [0.9, 25.8, -0.85],
							"rotation": [-15, 0, 0],
							"uv": {
								"north": {"uv": [55, 6], "uv_size": [6, 3]},
								"east": {"uv": [30, 65], "uv_size": [2, 3]},
								"south": {"uv": [55, 9], "uv_size": [6, 3]},
								"west": {"uv": [37, 65], "uv_size": [2, 3]},
								"up": {"uv": [58, 19], "uv_size": [6, 2]},
								"down": {"uv": [59, 2], "uv_size": [6, -2]}
							}
						},
						{
							"origin": [-3.5, 26.65, -2.5],
							"size": [7, 4.25, 2.25],
							"pivot": [0.9, 25.8, -0.85],
							"rotation": [-15, 0, 0],
							"uv": {
								"north": {"uv": [48, 12], "uv_size": [7, 4]},
								"east": {"uv": [10, 60], "uv_size": [2, 4]},
								"south": {"uv": [47, 48], "uv_size": [7, 4]},
								"west": {"uv": [23, 61], "uv_size": [2, 4]},
								"up": {"uv": [41, 57], "uv_size": [7, 2]},
								"down": {"uv": [57, 47], "uv_size": [7, -2]}
							}
						},
						{
							"origin": [-1.5, 30.7, -0.35],
							"size": [3, 2, 2],
							"uv": {
								"north": {"uv": [65, 28], "uv_size": [3, 2]},
								"east": {"uv": [55, 66], "uv_size": [2, 2]},
								"south": {"uv": [65, 55], "uv_size": [3, 2]},
								"west": {"uv": [66, 57], "uv_size": [2, 2]},
								"up": {"uv": [65, 63], "uv_size": [3, 2]},
								"down": {"uv": [65, 67], "uv_size": [3, -2]}
							}
						}
					]
				},
				{
					"name": "tie",
					"parent": "bodyT",
					"pivot": [0, 30.35, -1.15],
					"cubes": [
						{
							"origin": [-2, 29.14225, -8.43251],
							"size": [4, 2, 0.01],
							"pivot": [-2, 3.14225, -7.93251],
							"rotation": [-15, 0, 0],
							"uv": {
								"north": {"uv": [40, 8], "uv_size": [4, 2]},
								"east": {"uv": [0, 0], "uv_size": [0, 2]},
								"south": {"uv": [50, 42], "uv_size": [4, 2]},
								"west": {"uv": [0, 0], "uv_size": [0, 2]},
								"up": {"uv": [0, 0], "uv_size": [4, 0]},
								"down": {"uv": [0, 0], "uv_size": [4, 0]}
							}
						},
						{
							"origin": [-1, 26.14225, -8.43251],
							"size": [2, 3, 0.01],
							"pivot": [-2, 3.14225, -7.93251],
							"rotation": [-15, 0, 0],
							"uv": {
								"north": {"uv": [65, 23], "uv_size": [2, 3]},
								"east": {"uv": [0, 0], "uv_size": [0, 3]},
								"south": {"uv": [25, 65], "uv_size": [2, 3]},
								"west": {"uv": [0, 0], "uv_size": [0, 3]},
								"up": {"uv": [0, 0], "uv_size": [2, 0]},
								"down": {"uv": [0, 0], "uv_size": [2, 0]}
							}
						}
					]
				},
				{
					"name": "tie_2",
					"parent": "tie",
					"pivot": [0, 25.48795, -2.45763],
					"cubes": [
						{
							"origin": [-1, 20.48795, -2.46263],
							"size": [2, 5, 0.01],
							"uv": {
								"north": {"uv": [6, 60], "uv_size": [2, 5]},
								"east": {"uv": [0, 0], "uv_size": [0, 5]},
								"south": {"uv": [8, 60], "uv_size": [2, 5]},
								"west": {"uv": [0, 0], "uv_size": [0, 5]},
								"up": {"uv": [0, 0], "uv_size": [2, 0]},
								"down": {"uv": [0, 0], "uv_size": [2, 0]}
							}
						}
					]
				},
				{
					"name": "head",
					"parent": "bodyT",
					"pivot": [-0.02957, 32.24839, 1.46722],
					"cubes": [
						{
							"origin": [-4, 31.4, -3.35],
							"size": [8, 8, 8],
							"inflate": -0.5,
							"uv": {
								"north": {"uv": [27, 0], "uv_size": [8, 8]},
								"east": {"uv": [27, 8], "uv_size": [8, 8]},
								"south": {"uv": [26, 28], "uv_size": [8, 8]},
								"west": {"uv": [8, 29], "uv_size": [8, 8]},
								"up": {"uv": [16, 31], "uv_size": [8, 8]},
								"down": {"uv": [0, 40], "uv_size": [8, -8]}
							}
						}
					]
				},
				{
					"name": "armRT",
					"parent": "bodyT",
					"pivot": [-4.38026, 29.52752, 0.83086],
					"cubes": [
						{
							"origin": [-5.75, 22.5, -1.05],
							"size": [2.5, 8.25, 3.5],
							"inflate": -0.1,
							"pivot": [-4, 29.5, 0.7],
							"rotation": [2.5, 0, 2.5],
							"uv": {
								"north": {"uv": [16, 21], "uv_size": [2, 8]},
								"east": {"uv": [8, 46], "uv_size": [4, 8]},
								"south": {"uv": [36, 56], "uv_size": [2, 8]},
								"west": {"uv": [46, 28], "uv_size": [4, 8]},
								"up": {"uv": [64, 5], "uv_size": [2, 4]},
								"down": {"uv": [64, 13], "uv_size": [2, -4]}
							}
						}
					]
				},
				{
					"name": "armRB",
					"parent": "armRT",
					"pivot": [-4.48876, 22.82752, 2.4],
					"rotation": [0, 0, 2.5],
					"cubes": [
						{
							"origin": [-5.74312, 16.12743, -0.4],
							"size": [2, 7, 3],
							"inflate": -0.2,
							"uv": {
								"north": {"uv": [29, 58], "uv_size": [2, 7]},
								"east": {"uv": [21, 39], "uv_size": [3, 7]},
								"south": {"uv": [31, 58], "uv_size": [2, 7]},
								"west": {"uv": [12, 52], "uv_size": [3, 7]},
								"up": {"uv": [39, 65], "uv_size": [2, 3]},
								"down": {"uv": [12, 69], "uv_size": [2, -3]}
							}
						},
						{
							"origin": [-6.00872, 16.44981, -0.8],
							"size": [2.5, 6.5, 3.5],
							"inflate": -0.2,
							"uv": {
								"north": {"uv": [12, 59], "uv_size": [2, 7]},
								"east": {"uv": [21, 50], "uv_size": [4, 7]},
								"south": {"uv": [14, 59], "uv_size": [2, 7]},
								"west": {"uv": [25, 50], "uv_size": [4, 7]},
								"up": {"uv": [10, 64], "uv_size": [2, 4]},
								"down": {"uv": [64, 23], "uv_size": [2, -4]}
							}
						}
					]
				},
				{
					"name": "handR",
					"parent": "armRB",
					"pivot": [-5.1, 16.22752, 2.4],
					"cubes": [
						{
							"origin": [-5.6, 13.32743, -0.6],
							"size": [2, 3, 3],
							"uv": {
								"north": {"uv": [14, 66], "uv_size": [2, 3]},
								"east": {"uv": [63, 39], "uv_size": [3, 3]},
								"south": {"uv": [16, 66], "uv_size": [2, 3]},
								"west": {"uv": [63, 42], "uv_size": [3, 3]},
								"up": {"uv": [18, 66], "uv_size": [2, 3]},
								"down": {"uv": [66, 22], "uv_size": [2, -3]}
							}
						}
					]
				},
				{
					"name": "armLT",
					"parent": "bodyT",
					"pivot": [4.38121, 29.4839, 0.83086],
					"cubes": [
						{
							"origin": [3.25, 22.5, -1.05],
							"size": [2.5, 8.25, 3.5],
							"inflate": -0.1,
							"pivot": [5.25, 29.5, 0.7],
							"rotation": [2.5, 0, -2.5],
							"uv": {
								"north": {"uv": [25, 57], "uv_size": [2, 8]},
								"east": {"uv": [46, 36], "uv_size": [4, 8]},
								"south": {"uv": [27, 57], "uv_size": [2, 8]},
								"west": {"uv": [47, 16], "uv_size": [4, 8]},
								"up": {"uv": [20, 64], "uv_size": [2, 4]},
								"down": {"uv": [35, 68], "uv_size": [2, -4]}
							}
						}
					]
				},
				{
					"name": "armLB",
					"parent": "armLT",
					"pivot": [4.51124, 22.82752, 2.4],
					"rotation": [0, 0, -2.5],
					"cubes": [
						{
							"origin": [3.50872, 16.44981, -0.8],
							"size": [2.5, 6.5, 3.5],
							"inflate": -0.2,
							"uv": {
								"north": {"uv": [16, 59], "uv_size": [2, 7]},
								"east": {"uv": [50, 28], "uv_size": [4, 7]},
								"south": {"uv": [18, 59], "uv_size": [2, 7]},
								"west": {"uv": [50, 35], "uv_size": [4, 7]},
								"up": {"uv": [43, 64], "uv_size": [2, 4]},
								"down": {"uv": [45, 68], "uv_size": [2, -4]}
							}
						},
						{
							"origin": [3.7656, 16.12743, -0.4],
							"size": [2, 7, 3],
							"inflate": -0.2,
							"uv": {
								"north": {"uv": [33, 59], "uv_size": [2, 7]},
								"east": {"uv": [15, 52], "uv_size": [3, 7]},
								"south": {"uv": [41, 59], "uv_size": [2, 7]},
								"west": {"uv": [18, 52], "uv_size": [3, 7]},
								"up": {"uv": [66, 30], "uv_size": [2, 3]},
								"down": {"uv": [32, 69], "uv_size": [2, -3]}
							}
						}
					]
				},
				{
					"name": "handL",
					"parent": "armLB",
					"pivot": [4.51124, 16.22752, 2.4],
					"cubes": [
						{
							"origin": [3.6, 13.32743, -0.6],
							"size": [2, 3, 3],
							"uv": {
								"north": {"uv": [66, 33], "uv_size": [2, 3]},
								"east": {"uv": [55, 63], "uv_size": [3, 3]},
								"south": {"uv": [66, 36], "uv_size": [2, 3]},
								"west": {"uv": [64, 2], "uv_size": [3, 3]},
								"up": {"uv": [66, 39], "uv_size": [2, 3]},
								"down": {"uv": [41, 69], "uv_size": [2, -3]}
							}
						}
					]
				}
			]
		}
	]
}