{
	"format_version": "1.8.0",
	"animations": {
		"crouchingidle": {
			"loop": true,
			"animation_length": 2,
			"bones": {
				"bone6": {
					"rotation": {
						"0.0": [15, 0, 0],
						"1.0": [12.5, 0, 0],
						"2.0": [15, 0, 0]
					}
				},
				"bone7": {
					"rotation": [-7.5, 0, 10]
				},
				"bone10": {
					"rotation": [40, 0, 0]
				},
				"bone12": {
					"rotation": {
						"0.0": [20, 0, 0],
						"0.9": [42.5, 0, 0],
						"2.0": [20, 0, 0]
					}
				},
				"bone13": {
					"rotation": {
						"0.0": [65, 0, 0],
						"0.9": [75, 0, 0],
						"2.0": [65, 0, 0]
					}
				},
				"bone11": {
					"rotation": {
						"0.0": [42.5, 0, 0],
						"0.9": [57.5, 0, 0],
						"2.0": [42.5, 0, 0]
					}
				}
			}
		},
		"swipe": {
			"loop": true,
			"animation_length": 0.5,
			"bones": {
				"bone6": {
					"rotation": {
						"0.0": [0, 0, 0],
						"0.125": [-15, 31.25, 0],
						"0.25": [27.5, -27.5, 0],
						"0.5": [0, 0, 0]
					},
					"position": {
						"0.0": [0, 0, 0],
						"0.125": [0.5, -0.5, 0],
						"0.25": [0, 0, 0],
						"0.5": [0, 0, 0]
					}
				},
				"bone7": {
					"rotation": {
						"0.0": [0, 0, 102.5],
						"0.125": [40.53194, -42.57975, 47.64549],
						"0.25": [-82.5, 0, 51.25],
						"0.5": [0, 0, 102.5]
					}
				},
				"bone8": {
					"rotation": {
						"0.0": [0, 0, 0],
						"0.125": [-25, 0, 92.5],
						"0.25": [-50, 0, 0],
						"0.5": [0, 0, 0]
					}
				},
				"bone9": {
					"rotation": {
						"0.0": [0, 0, 0],
						"0.125": [-82.5, 205, 0],
						"0.25": [47.5, 136.67, 0],
						"0.5": [0, 0, 0]
					}
				},
				"bone10": {
					"rotation": ["query.head_pitch", "query.head_yaw", 0]
				}
			}
		},
		"sprinting": {
			"loop": true,
			"animation_length": 1,
			"bones": {
				"bone": {
					"rotation": {
						"0.0": [-60, 0, 0],
						"0.5": [60, 0, 0],
						"1.0": [-60, 0, 0]
					}
				},
				"bone2": {
					"rotation": {
						"0.5": [0, 0, 0],
						"0.75": [82.5, 0, 0],
						"1.0": [0, 0, 0]
					}
				},
				"bone3": {
					"rotation": {
						"0.0": [60, 0, 0],
						"0.5": [-60, 0, 0],
						"1.0": [60, 0, 0]
					}
				},
				"bone4": {
					"rotation": {
						"0.0": [0, 0, 0],
						"0.25": [82.5, 0, 0],
						"0.5": [0, 0, 0]
					}
				},
				"bone5": {
					"rotation": {
						"0.0": [35, -20, 0],
						"0.5": [35, 20, 0],
						"1.0": [35, -20, 0]
					}
				},
				"bone6": {
					"rotation": {
						"0.0": [-12.5, 25, 0],
						"0.25": [5, 0, 0],
						"0.5": [-12.5, -25, 0],
						"0.75": [5, 0, 0],
						"1.0": [-12.5, 25, 0]
					}
				},
				"bone7": {
					"rotation": [-102.5, 52.5, 0]
				},
				"bone9": {
					"rotation": [-50, -25, -22.5]
				},
				"bone10": {
					"rotation": ["-22.5+query.head_pitch", "0+query.head_yaw", 0]
				},
				"bone11": {
					"rotation": {
						"0.0": [-32.5, 0, 12.5],
						"0.5": [32.5, 0, -37.5],
						"1.0": [-32.5, 0, 12.5]
					}
				},
				"bone12": {
					"rotation": {
						"0.0": [40, 0, 20],
						"0.5": [27.5, 0, -27.5],
						"1.0": [40, 0, 20]
					}
				},
				"bone13": {
					"rotation": {
						"0.0": [65, 0, 0],
						"0.5": [35, 0, 0],
						"1.0": [65, 0, 0]
					}
				},
				"bone14": {
					"rotation": {
						"0.0": [10, 0, 0],
						"0.5": [0, 0, 0],
						"1.0": [10, 0, 0]
					},
					"position": {
						"0.0": [0, 2, 0],
						"0.25": [0, 0, 0],
						"0.5": [0, 2, 0],
						"0.75": [0, 0, 0],
						"1.0": [0, 2, 0]
					}
				}
			}
		},
		"running": {
			"loop": true,
			"animation_length": 1,
			"bones": {
				"bone": {
					"rotation": {
						"0.0": [-40, 0, 0],
						"0.5": [40, 0, 0],
						"1.0": [-40, 0, 0]
					}
				},
				"bone2": {
					"rotation": {
						"0.5": [0, 0, 0],
						"0.75": [47.5, 0, 0],
						"1.0": [0, 0, 0]
					}
				},
				"bone3": {
					"rotation": {
						"0.0": [40, 0, 0],
						"0.5": [-40, 0, 0],
						"1.0": [40, 0, 0]
					}
				},
				"bone4": {
					"rotation": {
						"0.0": [0, 0, 0],
						"0.25": [47.5, 0, 0],
						"0.5": [0, 0, 0]
					}
				},
				"bone5": {
					"rotation": {
						"0.0": [0, -7.5, 0],
						"0.25": [0, 0, 5],
						"0.5": [0, 7.5, 0],
						"1.0": [0, -7.5, 0]
					}
				},
				"bone6": {
					"rotation": {
						"0.0": [0, 7.5, 0],
						"0.25": [0, 0, -5],
						"0.5": [0, -7.5, 0],
						"0.5833": [0, -5.4, 0.4],
						"0.75": [0, 0, -7.5],
						"1.0": [0, 7.5, 0]
					}
				},
				"bone7": {
					"rotation": {
						"0.0": [17.5, 0, 0],
						"0.5": [-12.5, 0, 7.5],
						"1.0": [17.5, 0, 0]
					}
				},
				"bone9": {
					"rotation": {
						"0.0": [0, 0, 0],
						"0.25": [-30, 18.75, 0],
						"0.5": [0, 37.5, 0],
						"0.75": [-30, 18.75, 0],
						"1.0": [0, 0, 0]
					}
				},
				"bone10": {
					"rotation": ["query.head_pitch", "query.head_yaw", 0]
				},
				"bone11": {
					"rotation": {
						"0.5": [0, 0, 0],
						"0.6667": [17.5, 0, -22.5],
						"1.0": [0, 0, 0]
					}
				},
				"bone12": {
					"rotation": {
						"0.0": [17.5, 0, 0],
						"0.5": [17.5, 0, 0],
						"0.75": [17.5, 0, -17.5],
						"1.0": [17.5, 0, 0]
					}
				},
				"bone13": {
					"rotation": {
						"0.0": [32.5, 0, 0],
						"0.25": [32.5, 0, 15],
						"0.5": [32.5, 0, 0],
						"0.75": [32.5, 0, -17.5],
						"1.0": [32.5, 0, 0]
					}
				},
				"bone14": {
					"rotation": {
						"0.0": [7.5, 0, 0],
						"0.25": [3.75, 0, 2.5],
						"0.5": [0, 0, 0],
						"1.0": [7.5, 0, 0]
					},
					"position": {
						"0.0": [0, 1, 0],
						"0.25": [0, 0, 0],
						"0.5": [0, 1, 0],
						"0.75": [0, 0, 0],
						"1.0": [0, 1, 0]
					}
				}
			}
		},
		"idle": {
			"loop": true,
			"animation_length": 1.95833,
			"bones": {
				"bone10": {
					"rotation": ["0.0071+query.head_pitch", "0.3262+query.head_yaw", 2.47864]
				},
				"bone12": {
					"rotation": {
						"0.0": [17.5, 0, 0],
						"0.5": [27.5, 0, 0],
						"1.9583": [17.5, 0, 0]
					}
				},
				"bone13": {
					"rotation": {
						"0.0": [32.5, 0, 0],
						"0.5": [42.5, 0, 0],
						"1.2083": [65, 0, 0],
						"1.9583": [32.5, 0, 0]
					}
				},
				"bone6": {
					"rotation": {
						"0.0": [25, 0, 0],
						"1.0": [17.5, 0, 0],
						"1.9583": [25, 0, 0]
					}
				},
				"bone7": {
					"rotation": {
						"0.0": [-9.72059, -0.46212, 21.04601],
						"1.0": [-6.16762, -0.19254, 12.75246],
						"1.9583": [-9.72059, -0.46212, 21.04601]
					}
				},
				"bone8": {
					"rotation": {
						"0.0": [-22.5, 0, 0],
						"1.0": [-10, 0, 0],
						"1.9583": [-22.5, 0, 0]
					}
				},
				"bone9": {
					"rotation": {
						"0.0": [0, 12.5, 0],
						"1.9583": [0, 12.5, 0]
					}
				},
				"bone11": {
					"rotation": {
						"0.0": [2.5, 0, 0],
						"0.5": [22.5, 0, 0],
						"0.9583": [37.5, 0, 0],
						"1.9583": [2.5, 0, 0]
					}
				}
			}
		},
		"crouching": {
			"loop": true,
			"animation_length": 1,
			"bones": {
				"bone": {
					"rotation": {
						"0.0": [-40, 0, 0],
						"0.5": [40, 0, 0],
						"1.0": [-40, 0, 0]
					}
				},
				"bone2": {
					"rotation": {
						"0.5": [0, 0, 0],
						"0.75": [50, 0, 0],
						"1.0": [0, 0, 0]
					}
				},
				"bone3": {
					"rotation": {
						"0.0": [40, 0, 0],
						"0.5": [-40, 0, 0],
						"1.0": [40, 0, 0]
					}
				},
				"bone4": {
					"rotation": {
						"0.0": [0, 0, 0],
						"0.25": [47.5, 0, 0],
						"0.5": [0, 0, 0]
					}
				},
				"bone5": {
					"rotation": {
						"0.0": [0, -7.5, 0],
						"0.25": [0, 0, 5],
						"0.5": [0, 7.5, 0],
						"1.0": [0, -7.5, 0]
					}
				},
				"bone6": {
					"rotation": {
						"0.0": [0, 7.5, 0],
						"0.25": [0, 0, -5],
						"0.5": [0, -7.5, 0],
						"0.5833": [0, -5.4, 0.4],
						"0.75": [0, 0, -7.5],
						"1.0": [0, 7.5, 0]
					}
				},
				"bone7": {
					"rotation": {
						"0.0": [17.5, 0, 0],
						"0.5": [-12.5, 0, 7.5],
						"1.0": [17.5, 0, 0]
					}
				},
				"bone9": {
					"rotation": {
						"0.0": [0, 0, 0],
						"0.25": [-30, 18.75, 0],
						"0.5": [0, 37.5, 0],
						"0.75": [-30, 18.75, 0],
						"1.0": [0, 0, 0]
					}
				},
				"bone10": {
					"rotation": {
						"0.0": [57.5, 0, 0],
						"1.0": [57.5, 0, 0]
					}
				},
				"bone11": {
					"rotation": {
						"0.0": [50, 0, 0],
						"0.5": [0, 0, 0],
						"0.6667": [17.5, 0, -22.5],
						"1.0": [50, 0, 0]
					}
				},
				"bone12": {
					"rotation": {
						"0.0": [40, 0, 0],
						"0.5": [17.5, 0, 0],
						"0.75": [17.5, 0, -17.5],
						"1.0": [40, 0, 0]
					}
				},
				"bone13": {
					"rotation": {
						"0.0": [55, 0, 15],
						"0.25": [32.5, 0, 15],
						"0.5": [32.5, 0, 0],
						"0.75": [32.5, 0, -17.5],
						"1.0": [55, 0, 15]
					}
				},
				"bone14": {
					"rotation": {
						"0.0": [7.5, 0, 0],
						"0.25": [3.75, 0, 2.5],
						"0.5": [0, 0, 0],
						"1.0": [7.5, 0, 0]
					},
					"position": {
						"0.0": [0, 1, 0],
						"0.25": [0, 0, 0],
						"0.5": [0, 1, 0],
						"0.75": [0, 0, 0],
						"1.0": [0, 1, 0]
					}
				}
			}
		}
	},
	"geckolib_format_version": 2
}