{
	"format_version": "1.8.0",
	"animations": {
		"idle": {
			"loop": true,
			"animation_length": 2,
			"bones": {
				"Body": {
					"rotation": {
						"0.0": {
							"vector": [9.92327, -9.96156, -4.11955]
						},
						"0.5": {
							"vector": [12.01, -9.9, -4.62]
						},
						"0.5833": {
							"vector": [13.20797, -9.42924, -9.75539]
						},
						"0.6667": {
							"vector": [12.71, -9.88, -4.79]
						},
						"1.0": {
							"vector": [14.09676, -9.84818, -5.12814]
						},
						"1.4167": {
							"vector": [12.36, -9.9, -4.71]
						},
						"1.5": {
							"vector": [11.12434, -10.26295, 0.43972]
						},
						"1.625": {
							"vector": [11.49, -9.92, -4.5]
						},
						"2.0": {
							"vector": [9.92327, -9.96156, -4.11955]
						}
					},
					"position": {
						"0.5": {
							"vector": [0, 0, 0]
						},
						"0.6667": {
							"vector": [0, 0, 0]
						},
						"1.4167": {
							"vector": [0, 0, 0]
						},
						"1.625": {
							"vector": [0, 0, 0]
						}
					}
				},
				"Body_Up": {
					"rotation": {
						"0.0": {
							"vector": [0, 0, -5]
						},
						"0.5": {
							"vector": [3, 0, -5.6]
						},
						"0.5833": {
							"vector": [3.3762, -2.62634, -0.30345]
						},
						"0.6667": {
							"vector": [4, 0, -5.8]
						},
						"0.8333": {
							"vector": [5, 0, -6]
						},
						"1.4583": {
							"vector": [2.5, 0, -5.5]
						},
						"1.5417": {
							"vector": [1.29604, -6.59959, 9.17944]
						},
						"1.625": {
							"vector": [9.28009, -1.04131, -3.19097]
						},
						"1.7083": {
							"vector": [2.5, 0, -5.5]
						},
						"2.0": {
							"vector": [0, 0, -5]
						}
					},
					"position": {
						"0.5": {
							"vector": [0, 0, 0]
						},
						"0.6667": {
							"vector": [0, 0, 0]
						},
						"1.4583": {
							"vector": [0, 0, 0]
						},
						"1.7083": {
							"vector": [0, 0, 0]
						}
					}
				},
				"LeftArm": {
					"rotation": {
						"0.0": {
							"vector": [-29.14531, -16.70771, 0.91311]
						},
						"1.0": {
							"vector": [-24.02625, -18.62229, -2.773]
						},
						"1.5": {
							"vector": [-26.37, -17.74, -1.08]
						},
						"1.5833": {
							"vector": [-22.07928, -1.18027, -34.23492]
						},
						"1.6667": {
							"vector": [-27.20538, -27.66995, -1.02266]
						},
						"1.75": {
							"vector": [-27.44, -17.34, -0.31]
						},
						"2.0": {
							"vector": [-29.14531, -16.70771, 0.91311]
						}
					},
					"position": {
						"1.5": {
							"vector": [0, 0, 0]
						},
						"1.5833": {
							"vector": [0, 2, 0]
						},
						"1.75": {
							"vector": [0, 0, 0]
						}
					}
				},
				"LeftArmDown": {
					"rotation": {
						"0.0": {
							"vector": [-32.5, 0, 10]
						},
						"1.0": {
							"vector": [-35.5, 0, 10]
						},
						"1.4167": {
							"vector": [-34.25, 0, 10]
						},
						"1.5": {
							"vector": [-53.63795, -14.66292, -0.55689]
						},
						"1.5833": {
							"vector": [-43.43468, 8.26224, 20.99247]
						},
						"1.6667": {
							"vector": [-33.5, 0, 10]
						},
						"2.0": {
							"vector": [-32.5, 0, 10]
						}
					},
					"position": {
						"1.4167": {
							"vector": [0, 0, 0]
						},
						"1.6667": {
							"vector": [0, 0, 0]
						}
					}
				},
				"Brush2": {
					"rotation": {
						"0.0": {
							"vector": [40, 0, 0]
						},
						"1.0": {
							"vector": [38, 0, 0]
						},
						"1.4167": {
							"vector": [45.32, -4.26, 3.99]
						},
						"1.5": {
							"vector": [4.66875, -12.66103, 12.86763]
						},
						"1.5833": {
							"vector": [42.80891, 10.75204, -11.70255]
						},
						"1.6667": {
							"vector": [43.04, -2.43, 2.28]
						},
						"2.0": {
							"vector": [40, 0, 0]
						}
					},
					"position": {
						"vector": [0, 0, 0]
					}
				},
				"Finger": {
					"rotation": {
						"0.0": {
							"vector": [9.96271, 0.86717, -4.92442]
						},
						"1.0": {
							"vector": [-1.03729, 0.86717, -4.92442]
						},
						"1.4167": {
							"vector": [3.55, 0.87, -4.92]
						},
						"1.5": {
							"vector": [-23.57927, -0.3898, -15.84794]
						},
						"1.6667": {
							"vector": [6.3, 0.87, -4.92]
						},
						"2.0": {
							"vector": [9.96271, 0.86717, -4.92442]
						}
					},
					"position": {
						"1.4167": {
							"vector": [0, 0, 0]
						},
						"1.6667": {
							"vector": [0, 0, 0]
						}
					}
				},
				"Finger_Down6": {
					"rotation": {
						"0.0": {
							"vector": [25, 0, 0]
						},
						"1.0833": {
							"vector": [35, 0, 0]
						},
						"1.4167": {
							"vector": [31.37, 0, 0]
						},
						"1.5": {
							"vector": [54.46, 0, 0]
						},
						"1.6667": {
							"vector": [28.64, 0, 0]
						},
						"2.0": {
							"vector": [25, 0, 0]
						}
					},
					"position": {
						"1.4167": {
							"vector": [0, 0, 0]
						},
						"1.6667": {
							"vector": [0, 0, 0]
						}
					}
				},
				"Finger5": {
					"rotation": {
						"0.0": {
							"vector": [-5, 0, 0]
						},
						"1.0": {
							"vector": [-12, 0, 0]
						},
						"1.4167": {
							"vector": [-9.08, 0, 0]
						},
						"1.5": {
							"vector": [-45.79803, -3.46958, 15.42523]
						},
						"1.6667": {
							"vector": [-7.33, 0, 0]
						},
						"2.0": {
							"vector": [-5, 0, 0]
						}
					},
					"position": {
						"1.4167": {
							"vector": [0, 0, 0]
						},
						"1.6667": {
							"vector": [0, 0, 0]
						}
					}
				},
				"Finger_Down7": {
					"rotation": {
						"0.0": {
							"vector": [27.5, 0, 0]
						},
						"1.0833": {
							"vector": [34.5, 0, 0]
						},
						"1.4167": {
							"vector": [31.95, 0, 0]
						},
						"1.5": {
							"vector": [62.31, 0, 0]
						},
						"1.6667": {
							"vector": [30.04, 0, 0]
						},
						"2.0": {
							"vector": [27.5, 0, 0]
						}
					},
					"position": {
						"1.4167": {
							"vector": [0, 0, 0]
						},
						"1.6667": {
							"vector": [0, 0, 0]
						}
					}
				},
				"Finger6": {
					"rotation": {
						"0.0": {
							"vector": [-12.48848, 0.54094, 2.44081]
						},
						"1.0": {
							"vector": [-19.48848, 0.54094, 2.44081]
						},
						"1.4167": {
							"vector": [-16.57, 0.54, 2.44]
						},
						"1.5": {
							"vector": [-20.86973, 2.32698, 7.11142]
						},
						"1.6667": {
							"vector": [-14.82, 0.54, 2.44]
						},
						"2.0": {
							"vector": [-12.48848, 0.54094, 2.44081]
						}
					},
					"position": {
						"1.4167": {
							"vector": [0, 0, 0]
						},
						"1.6667": {
							"vector": [0, 0, 0]
						}
					}
				},
				"Finger_Down8": {
					"rotation": {
						"0.0": {
							"vector": [20, 0, 0]
						},
						"1.0833": {
							"vector": [27, 0, 0]
						},
						"1.4167": {
							"vector": [24.46, 0, 0]
						},
						"1.5": {
							"vector": [29.82, 0, 0]
						},
						"1.6667": {
							"vector": [22.55, 0, 0]
						},
						"2.0": {
							"vector": [20, 0, 0]
						}
					},
					"position": {
						"1.4167": {
							"vector": [0, 0, 0]
						},
						"1.6667": {
							"vector": [0, 0, 0]
						}
					}
				},
				"Finger7": {
					"rotation": {
						"0.0": {
							"vector": [0, 0, -62.5]
						},
						"1.0": {
							"vector": [0, 0, -60]
						},
						"1.4167": {
							"vector": [0, 0, -61.04]
						},
						"1.5": {
							"vector": [0, 4, -57.04]
						},
						"1.6667": {
							"vector": [0, 0, -61.04]
						},
						"2.0": {
							"vector": [0, 0, -62.5]
						}
					},
					"position": {
						"1.4167": {
							"vector": [0, 0, 0]
						},
						"1.6667": {
							"vector": [0, 0, 0]
						}
					}
				},
				"Finger_Down9": {
					"rotation": {
						"0.0": {
							"vector": [0, 12.5, -20]
						},
						"1.0": {
							"vector": [-1.76724, 12.37641, -28.19163]
						},
						"1.4167": {
							"vector": [-1.03, 12.43, -24.78]
						},
						"1.5": {
							"vector": [-3.48794, 11.98056, -36.3665]
						},
						"1.6667": {
							"vector": [-0.59, 12.46, -22.73]
						},
						"2.0": {
							"vector": [0, 12.5, -20]
						}
					},
					"position": {
						"1.4167": {
							"vector": [0, 0, 0]
						},
						"1.6667": {
							"vector": [0, 0, 0]
						}
					}
				},
				"RightArm": {
					"rotation": {
						"0.0": {
							"vector": [-19.47278, 51.57709, 0.91333]
						},
						"0.5": {
							"vector": [-17.64, 52.03, 3.24]
						},
						"0.5833": {
							"vector": [-13.35554, 37.63021, 9.21642]
						},
						"0.6667": {
							"vector": [-17.03, 52.18, 4.01]
						},
						"1.0": {
							"vector": [-15.80784, 52.48686, 5.56108]
						},
						"1.4583": {
							"vector": [-17.49, 52.07, 3.43]
						},
						"1.5417": {
							"vector": [-17.8, 52, 3.04]
						},
						"1.625": {
							"vector": [-18.1, 51.92, 2.66]
						},
						"2.0": {
							"vector": [-19.47278, 51.57709, 0.91333]
						}
					},
					"position": {
						"0.5": {
							"vector": [0, 0, 0]
						},
						"0.5833": {
							"vector": [0, 1.5, 0]
						},
						"0.6667": {
							"vector": [0, 0, 0]
						},
						"1.4583": {
							"vector": [0, 0, 0]
						},
						"1.5417": {
							"vector": [0, 0, 0]
						},
						"1.625": {
							"vector": [0, 0, 0]
						}
					}
				},
				"RightArmDown": {
					"rotation": {
						"0.0": {
							"vector": [-22.34672, -7.17468, -16.43495]
						},
						"0.5": {
							"vector": [-24.35, -7.17, -16.43]
						},
						"0.5833": {
							"vector": [-52.19247, -19.18333, -31.58283]
						},
						"0.6667": {
							"vector": [-32.81066, 3.44687, -2.01006]
						},
						"0.75": {
							"vector": [-25.02, -7.17, -16.43]
						},
						"1.0": {
							"vector": [-26.34672, -7.17468, -16.43495]
						},
						"2.0": {
							"vector": [-22.34672, -7.17468, -16.43495]
						}
					},
					"position": {
						"0.5": {
							"vector": [0, 0, 0]
						},
						"0.75": {
							"vector": [0, 0, 0]
						}
					}
				},
				"brush": {
					"rotation": {
						"0.0": {
							"vector": [22.5, 0, 0]
						},
						"0.5": {
							"vector": [21, 0, 0]
						},
						"0.5833": {
							"vector": [35.33512, 5.8229, -8.14387]
						},
						"0.6667": {
							"vector": [20.5, 0, 0]
						},
						"1.0": {
							"vector": [19.5, 0, 0]
						},
						"2.0": {
							"vector": [22.5, 0, 0]
						}
					},
					"position": {
						"0.5": {
							"vector": [0, 0, 0]
						},
						"0.6667": {
							"vector": [0, 0, 0]
						}
					}
				},
				"finger_down": {
					"rotation": {
						"0.0": {
							"vector": [14.94548, -1.29256, 4.83045]
						},
						"0.5": {
							"vector": [13.95, -1.29, 4.83]
						},
						"0.5833": {
							"vector": [13.30131, -3.87348, 15.53412]
						},
						"0.6667": {
							"vector": [13.62, -1.29, 4.83]
						},
						"1.0": {
							"vector": [12.94548, -1.29256, 4.83045]
						},
						"2.0": {
							"vector": [14.94548, -1.29256, 4.83045]
						}
					},
					"position": {
						"0.5": {
							"vector": [0, 0, 0]
						},
						"0.6667": {
							"vector": [0, 0, 0]
						}
					}
				},
				"finger_down2": {
					"rotation": {
						"0.0": {
							"vector": [17.5, 0, 0]
						},
						"0.5": {
							"vector": [19.81, 0, 0]
						},
						"0.5833": {
							"vector": [43.2, 0, 0]
						},
						"0.6667": {
							"vector": [20.58, 0, 0]
						},
						"1.0833": {
							"vector": [22.5, 0, 0]
						},
						"2.0": {
							"vector": [17.5, 0, 0]
						}
					},
					"position": {
						"0.5": {
							"vector": [0, 0, 0]
						},
						"0.6667": {
							"vector": [0, 0, 0]
						}
					}
				},
				"finger2": {
					"rotation": {
						"0.0": {
							"vector": [7.5, 0, 0]
						},
						"0.5": {
							"vector": [5.5, 0, 0]
						},
						"0.5833": {
							"vector": [-34.56775, -4.55913, -6.58072]
						},
						"0.6667": {
							"vector": [4.83, 0, 0]
						},
						"1.0": {
							"vector": [3.5, 0, 0]
						},
						"2.0": {
							"vector": [7.5, 0, 0]
						}
					},
					"position": {
						"0.5": {
							"vector": [0, 0, 0]
						},
						"0.6667": {
							"vector": [0, 0, 0]
						}
					}
				},
				"finger_down3": {
					"rotation": {
						"0.0": {
							"vector": [22.5, 0, 0]
						},
						"0.5": {
							"vector": [24.81, 0, 0]
						},
						"0.5833": {
							"vector": [10.2, 0, 0]
						},
						"0.6667": {
							"vector": [25.58, 0, 0]
						},
						"1.0833": {
							"vector": [27.5, 0, 0]
						},
						"2.0": {
							"vector": [22.5, 0, 0]
						}
					},
					"position": {
						"0.5": {
							"vector": [0, 0, 0]
						},
						"0.6667": {
							"vector": [0, 0, 0]
						}
					}
				},
				"finger3": {
					"rotation": {
						"0.0": {
							"vector": [-2.49762, -0.10901, -2.49762]
						},
						"0.5": {
							"vector": [-4.5, -0.11, -2.5]
						},
						"0.5833": {
							"vector": [-4.82624, 0.31132, 2.48224]
						},
						"0.6667": {
							"vector": [-5.17, -0.11, -2.5]
						},
						"1.0": {
							"vector": [-6.49762, -0.10901, -2.49762]
						},
						"2.0": {
							"vector": [-2.49762, -0.10901, -2.49762]
						}
					},
					"position": {
						"0.5": {
							"vector": [0, 0, 0]
						},
						"0.6667": {
							"vector": [0, 0, 0]
						}
					}
				},
				"finger_down4": {
					"rotation": {
						"0.0": {
							"vector": [30, 0, 0]
						},
						"0.5": {
							"vector": [31.85, 0, 0]
						},
						"0.5833": {
							"vector": [9.16, 0, 0]
						},
						"0.6667": {
							"vector": [32.46, 0, 0]
						},
						"1.0833": {
							"vector": [34, 0, 0]
						},
						"2.0": {
							"vector": [30, 0, 0]
						}
					},
					"position": {
						"0.5": {
							"vector": [0, 0, 0]
						},
						"0.6667": {
							"vector": [0, 0, 0]
						}
					}
				},
				"finger4": {
					"rotation": {
						"0.0": {
							"vector": [-3.47875, -6.64851, 67.70212]
						},
						"0.5": {
							"vector": [-3.76, -6.48, 70.21]
						},
						"0.5833": {
							"vector": [-26.2517, -6.17371, 74.64447]
						},
						"0.6667": {
							"vector": [-3.86, -6.43, 71.05]
						},
						"1.0": {
							"vector": [-4.04618, -6.3202, 72.72348]
						},
						"2.0": {
							"vector": [-3.47875, -6.64851, 67.70212]
						}
					},
					"position": {
						"0.5": {
							"vector": [0, 0, 0]
						},
						"0.6667": {
							"vector": [0, 0, 0]
						}
					}
				},
				"finger_down5": {
					"rotation": {
						"0.0": {
							"vector": [12.65322, -29.13104, -4.31263]
						},
						"0.5": {
							"vector": [13.16, -32.5, -5.26]
						},
						"0.5833": {
							"vector": [11.67599, -18.40808, -1.83183]
						},
						"0.6667": {
							"vector": [13.33, -33.62, -5.57]
						},
						"1.0833": {
							"vector": [13.75825, -36.43359, -6.34922]
						},
						"2.0": {
							"vector": [12.65322, -29.13104, -4.31263]
						}
					},
					"position": {
						"0.5": {
							"vector": [0, 0, 0]
						},
						"0.6667": {
							"vector": [0, 0, 0]
						}
					}
				},
				"head": {
					"rotation": {
						"0.0": {
							"vector": [1.75378, 9.84655, 15.15108]
						},
						"0.5": {
							"vector": [0.26416, 9.98693, 6.52286]
						},
						"0.5417": {
							"vector": [11.40546, 26.98232, 7.23554]
						},
						"0.5833": {
							"vector": [-47.36033, -0.37778, 14.78648]
						},
						"0.625": {
							"vector": [-12.12612, -27.73789, 22.33742]
						},
						"0.6667": {
							"vector": [0.27213, 1.47571, 9.20217]
						},
						"1.0": {
							"vector": [0.88045, 9.96156, 10.07673]
						},
						"1.4583": {
							"vector": [0.26416, 9.98693, 6.52286]
						},
						"1.5": {
							"vector": [11.40546, 26.98232, 7.23554]
						},
						"1.5417": {
							"vector": [-57.84205, 29.66682, -23.8356]
						},
						"1.5833": {
							"vector": [0.77312, 40.84128, 7.21248]
						},
						"1.625": {
							"vector": [0.27213, 1.47571, 9.20217]
						},
						"2.0": {
							"vector": [1.75378, 9.84655, 15.15108]
						}
					}
				},
				"jaws": {
					"rotation": {
						"0.0": {
							"vector": [0, 0, 0]
						},
						"0.5": {
							"vector": [0, 0, 2]
						},
						"0.5417": {
							"vector": [0, 0, 13.17]
						},
						"0.625": {
							"vector": [0, 0, 2]
						},
						"0.6667": {
							"vector": [0, 0, 2.67]
						},
						"1.0": {
							"vector": [0, 0, 4]
						},
						"1.4583": {
							"vector": [0, 0, 2]
						},
						"1.5": {
							"vector": [0, 0, 13.17]
						},
						"1.5833": {
							"vector": [0, 0, 2]
						},
						"1.625": {
							"vector": [0, 0, 2.67]
						},
						"2.0": {
							"vector": [0, 0, 0]
						}
					},
					"position": {
						"0.0": {
							"vector": [0, 0.9, 0]
						},
						"0.5": {
							"vector": [-0.05, 0.8, 0]
						},
						"0.5417": {
							"vector": [-0.45, 0.79, 0]
						},
						"0.625": {
							"vector": [-0.05, -0.2, 0]
						},
						"0.6667": {
							"vector": [-0.07, 0.77, 0]
						},
						"1.0": {
							"vector": [-0.1, 0.7, 0]
						},
						"1.4583": {
							"vector": [-0.05, 0.8, 0]
						},
						"1.5": {
							"vector": [-0.45, 0.79, 0]
						},
						"1.5833": {
							"vector": [-0.05, -0.2, 0]
						},
						"1.625": {
							"vector": [-0.07, 0.77, 0]
						},
						"2.0": {
							"vector": [0, 0.9, 0]
						}
					}
				},
				"Left_Leg": {
					"rotation": {
						"0.0": {
							"vector": [1.5741, -17.43127, -5.24133]
						},
						"2.0": {
							"vector": [1.5741, -17.43127, -5.24133]
						}
					}
				},
				"Left_Leg_Down": {
					"rotation": {
						"0.0": {
							"vector": [7.5, 0, 0]
						},
						"2.0": {
							"vector": [7.5, 0, 0]
						}
					}
				},
				"Right_Leg": {
					"rotation": {
						"0.0": {
							"vector": [-10.04679, 8.08768, 3.97512]
						},
						"2.0": {
							"vector": [-10.04679, 8.08768, 3.97512]
						}
					}
				},
				"Right_Leg_Down": {
					"rotation": {
						"0.0": {
							"vector": [10, 0, 0]
						},
						"2.0": {
							"vector": [10, 0, 0]
						}
					}
				}
			}
		},
		"running": {
			"loop": true,
			"animation_length": 1,
			"bones": {
				"Body": {
					"rotation": {
						"0.0": {
							"vector": [10.0028, 17.51401, -2.94649]
						},
						"0.25": {
							"vector": [5, 0, 0]
						},
						"0.5": {
							"vector": [10.0028, -17.514, 2.9465]
						},
						"0.75": {
							"vector": [5, 0, 0]
						},
						"1.0": {
							"vector": [10.0028, 17.51401, -2.94649]
						}
					},
					"position": {
						"0.0": {
							"vector": [0, 0, 0]
						},
						"0.5": {
							"vector": [0, 0, 0]
						},
						"1.0": {
							"vector": [0, 0, 0]
						}
					}
				},
				"Body_Up": {
					"rotation": {
						"0.0": {
							"vector": [0, 0, -7.5]
						},
						"0.25": {
							"vector": [-10, 0, 0]
						},
						"0.5": {
							"vector": [0, 0, 7.5]
						},
						"0.75": {
							"vector": [-10, 0, 0]
						},
						"1.0": {
							"vector": [0, 0, -7.5]
						}
					},
					"position": {
						"0.0": {
							"vector": [0, 0, 0]
						},
						"0.5": {
							"vector": [0, 0, 0]
						},
						"1.0": {
							"vector": [0, 0, 0]
						}
					}
				},
				"LeftArm": {
					"rotation": {
						"0.0": {
							"vector": [-48.27938, -38.56745, 33.99401]
						},
						"0.5": {
							"vector": [10.4829, -53.42613, -38.17838]
						},
						"1.0": {
							"vector": [-48.27938, -38.56745, 33.99401]
						}
					}
				},
				"LeftArmDown": {
					"rotation": {
						"0.0": {
							"vector": [-6.60659, 7.99365, 22.73415]
						},
						"0.5": {
							"vector": [-34.60224, 39.79199, 6.11928]
						},
						"1.0": {
							"vector": [-6.60659, 7.99365, 22.73415]
						}
					}
				},
				"Brush2": {
					"rotation": {
						"vector": [40, 0, 0]
					}
				},
				"Finger": {
					"rotation": {
						"vector": [9.96271, 0.86717, -4.92442]
					}
				},
				"Finger_Down6": {
					"rotation": {
						"vector": [25, 0, 0]
					}
				},
				"Finger5": {
					"rotation": {
						"vector": [-5, 0, 0]
					}
				},
				"Finger_Down7": {
					"rotation": {
						"vector": [27.5, 0, 0]
					}
				},
				"Finger6": {
					"rotation": {
						"vector": [-12.48848, 0.54094, 2.44081]
					}
				},
				"Finger_Down8": {
					"rotation": {
						"vector": [20, 0, 0]
					}
				},
				"Finger7": {
					"rotation": {
						"vector": [0, 0, -62.5]
					}
				},
				"Finger_Down9": {
					"rotation": {
						"vector": [0, 12.5, -20]
					}
				},
				"RightArm": {
					"rotation": {
						"0.0": {
							"vector": [3.71129, 54.04534, 29.78532]
						},
						"0.5": {
							"vector": [-48.27938, 38.5675, -33.994]
						},
						"1.0": {
							"vector": [3.71129, 54.04534, 29.78532]
						}
					}
				},
				"RightArmDown": {
					"rotation": {
						"0.0": {
							"vector": [-29.23934, -38.18899, -14.97834]
						},
						"0.5": {
							"vector": [-1.60659, -7.9937, -22.7341]
						},
						"1.0": {
							"vector": [-29.23934, -38.18899, -14.97834]
						}
					}
				},
				"brush": {
					"rotation": {
						"vector": [22.5, 0, 0]
					}
				},
				"finger_down": {
					"rotation": {
						"vector": [14.94548, -1.29256, 4.83045]
					}
				},
				"finger_down2": {
					"rotation": {
						"vector": [17.5, 0, 0]
					}
				},
				"finger2": {
					"rotation": {
						"vector": [7.5, 0, 0]
					}
				},
				"finger_down3": {
					"rotation": {
						"vector": [22.5, 0, 0]
					}
				},
				"finger3": {
					"rotation": {
						"vector": [-2.49762, -0.10901, -2.49762]
					}
				},
				"finger_down4": {
					"rotation": {
						"vector": [30, 0, 0]
					}
				},
				"finger4": {
					"rotation": {
						"vector": [-3.47875, -6.64851, 67.70212]
					}
				},
				"finger_down5": {
					"rotation": {
						"vector": [12.65322, -29.13104, -4.31263]
					}
				},
				"jaws": {
					"rotation": {
						"vector": [0, 0, 0]
					},
					"position": {
						"0.0": {
							"vector": [0, 0.9, 0]
						},
						"0.5": {
							"vector": [0, 0.5, 0]
						},
						"1.0": {
							"vector": [0, 0.9, 0]
						}
					}
				},
				"Left_Leg": {
					"rotation": {
						"0.0": {
							"vector": [21.09724, 0.90038, -2.33233]
						},
						"0.25": {
							"vector": [-13.21693, 0.82694, -2.35807]
						},
						"0.5": {
							"vector": [-17.53111, 0.7535, -2.3838]
						},
						"1.0": {
							"vector": [21.09724, 0.90038, -2.33233]
						}
					}
				},
				"Left_Leg_Down": {
					"rotation": {
						"0.0": {
							"vector": [7.5, 0, 0]
						},
						"0.25": {
							"vector": [60, 0, 0]
						},
						"0.5": {
							"vector": [7.5, 0, 0]
						},
						"1.0": {
							"vector": [7.5, 0, 0]
						}
					}
				},
				"Right_Leg": {
					"rotation": {
						"0.0": {
							"vector": [-17.53111, 0.75349, 2.38382]
						},
						"0.5": {
							"vector": [21.09724, 0.90038, 2.3323]
						},
						"0.75": {
							"vector": [-13.21693, 0.82694, 2.3581]
						},
						"1.0": {
							"vector": [-17.53111, 0.75349, 2.38382]
						}
					}
				},
				"Right_Leg_Down": {
					"rotation": {
						"0.0": {
							"vector": [10, 0, 0]
						},
						"0.5": {
							"vector": [10, 0, 0]
						},
						"0.75": {
							"vector": [60, 0, 0]
						},
						"1.0": {
							"vector": [10, 0, 0]
						}
					}
				},
				"Mara": {
					"rotation": {
						"0.0": {
							"vector": [0, 0, 0]
						},
						"0.5": {
							"vector": [0, 0, 0]
						},
						"1.0": {
							"vector": [0, 0, 0]
						}
					},
					"position": {
						"0.0": {
							"vector": [0, -0.6, 0]
						},
						"0.1667": {
							"vector": [0, -0.1, 0]
						},
						"0.3333": {
							"vector": [0, -0.75, 0]
						},
						"0.5": {
							"vector": [0, -0.6, 0]
						},
						"0.6667": {
							"vector": [0, -0.1, 0]
						},
						"0.8333": {
							"vector": [0, -0.75, 0]
						},
						"1.0": {
							"vector": [0, -0.6, 0]
						}
					}
				}
			}
		},
		"sprinting": {
			"loop": true,
			"animation_length": 0.5,
			"bones": {
				"Body": {
					"rotation": {
						"0.0": {
							"vector": [33.39815, 5.70887, -7.09836]
						},
						"0.125": {
							"vector": [13.04596, 0, 0]
						},
						"0.25": {
							"vector": [33.3981, -5.7089, 7.0984]
						},
						"0.3333": {
							"vector": [13.04596, 0, 0]
						},
						"0.5": {
							"vector": [33.39815, 5.70887, -7.09836]
						}
					},
					"position": {
						"0.0": {
							"vector": [0, 0, 0]
						},
						"0.5": {
							"vector": [0, 0, 0]
						}
					}
				},
				"Body_Up": {
					"rotation": {
						"0.0": {
							"vector": [-0.46565, 8.82892, -9.28391]
						},
						"0.125": {
							"vector": [-5.43108, 1.29912, -1.55784]
						},
						"0.25": {
							"vector": [-0.46565, -8.8289, 9.2839]
						},
						"0.3333": {
							"vector": [-5.43108, 1.29912, -1.55784]
						},
						"0.5": {
							"vector": [-0.46565, 8.82892, -9.28391]
						}
					},
					"position": {
						"0.0": {
							"vector": [0, 0, 0]
						},
						"0.5": {
							"vector": [0, 0, 0]
						}
					}
				},
				"LeftArm": {
					"rotation": {
						"0.0": {
							"vector": [-58.74163, -67.27978, 53.263]
						},
						"0.25": {
							"vector": [-6.61794, -53.8541, -17.0278]
						},
						"0.5": {
							"vector": [-58.74163, -67.27978, 53.263]
						}
					},
					"position": {
						"0.0": {
							"vector": [0, 0, 0]
						},
						"0.25": {
							"vector": [0, 0, 0]
						},
						"0.5": {
							"vector": [0, 0, 0]
						}
					}
				},
				"LeftArmDown": {
					"rotation": {
						"0.0": {
							"vector": [-35.46067, 29.50706, 14.01155]
						},
						"0.25": {
							"vector": [-29.23934, 38.189, 14.9783]
						},
						"0.5": {
							"vector": [-35.46067, 29.50706, 14.01155]
						}
					}
				},
				"Brush2": {
					"rotation": {
						"0.0": {
							"vector": [67.5, 0, 0]
						},
						"0.25": {
							"vector": [22.5, 0, 0]
						},
						"0.5": {
							"vector": [67.5, 0, 0]
						}
					}
				},
				"Finger": {
					"rotation": {
						"vector": [9.96271, 0.86717, -4.92442]
					}
				},
				"Finger_Down6": {
					"rotation": {
						"vector": [25, 0, 0]
					}
				},
				"Finger5": {
					"rotation": {
						"vector": [-5, 0, 0]
					}
				},
				"Finger_Down7": {
					"rotation": {
						"vector": [27.5, 0, 0]
					}
				},
				"Finger6": {
					"rotation": {
						"vector": [-12.48848, 0.54094, 2.44081]
					}
				},
				"Finger_Down8": {
					"rotation": {
						"vector": [20, 0, 0]
					}
				},
				"Finger7": {
					"rotation": {
						"vector": [0, 0, -62.5]
					}
				},
				"Finger_Down9": {
					"rotation": {
						"vector": [0, 12.5, -20]
					}
				},
				"RightArm": {
					"rotation": {
						"0.0": {
							"vector": [-6.61794, 53.85407, 17.02781]
						},
						"0.25": {
							"vector": [-58.74163, 67.2798, -53.263]
						},
						"0.5": {
							"vector": [-6.61794, 53.85407, 17.02781]
						}
					},
					"position": {
						"0.0": {
							"vector": [0, 0, 0]
						},
						"0.25": {
							"vector": [0, 0, 0]
						},
						"0.5": {
							"vector": [0, 0, 0]
						}
					}
				},
				"RightArmDown": {
					"rotation": {
						"0.0": {
							"vector": [-29.23934, -38.18899, -14.97834]
						},
						"0.25": {
							"vector": [-35.46067, -29.5071, -14.0116]
						},
						"0.5": {
							"vector": [-29.23934, -38.18899, -14.97834]
						}
					}
				},
				"brush": {
					"rotation": {
						"0.0": {
							"vector": [22.5, 0, 0]
						},
						"0.25": {
							"vector": [67.5, 0, 0]
						},
						"0.5": {
							"vector": [22.5, 0, 0]
						}
					}
				},
				"finger_down": {
					"rotation": {
						"vector": [14.94548, -1.29256, 4.83045]
					}
				},
				"finger_down2": {
					"rotation": {
						"vector": [17.5, 0, 0]
					}
				},
				"finger2": {
					"rotation": {
						"vector": [7.5, 0, 0]
					}
				},
				"finger_down3": {
					"rotation": {
						"vector": [22.5, 0, 0]
					}
				},
				"finger3": {
					"rotation": {
						"vector": [-2.49762, -0.10901, -2.49762]
					}
				},
				"finger_down4": {
					"rotation": {
						"vector": [30, 0, 0]
					}
				},
				"finger4": {
					"rotation": {
						"vector": [-3.47875, -6.64851, 67.70212]
					}
				},
				"finger_down5": {
					"rotation": {
						"vector": [12.65322, -29.13104, -4.31263]
					}
				},
				"jaws": {
					"rotation": {
						"vector": [0, 0, 0]
					},
					"position": {
						"0.0": {
							"vector": [0, -0.1, 0]
						},
						"0.125": {
							"vector": [0, 0.4, 0]
						},
						"0.25": {
							"vector": [0, -0.1, 0]
						},
						"0.375": {
							"vector": [0, 0.4, 0]
						},
						"0.5": {
							"vector": [0, -0.1, 0]
						}
					}
				},
				"Left_Leg": {
					"rotation": {
						"0.0": {
							"vector": [38.59724, 0.90038, -2.33233]
						},
						"0.125": {
							"vector": [-21.07977, 0.81225, -2.36321]
						},
						"0.2083": {
							"vector": [-40.03111, 0.75349, -2.3838]
						},
						"0.5": {
							"vector": [38.59724, 0.90038, -2.33233]
						}
					}
				},
				"Left_Leg_Down": {
					"rotation": {
						"0.0": {
							"vector": [7.5, 0, 0]
						},
						"0.125": {
							"vector": [72.5, 0, 0]
						},
						"0.2083": {
							"vector": [7.5, 0, 0]
						}
					}
				},
				"Right_Leg": {
					"rotation": {
						"0.0": {
							"vector": [-40.03111, 0.75349, 2.38382]
						},
						"0.2083": {
							"vector": [38.59724, 0.90038, 2.3323]
						},
						"0.5": {
							"vector": [-40.03111, 0.75349, 2.38382]
						}
					}
				},
				"Right_Leg_Down": {
					"rotation": {
						"0.0": {
							"vector": [10, 0, 0]
						},
						"0.2083": {
							"vector": [10, 0, 0]
						},
						"0.3333": {
							"vector": [72.5, 0, 0]
						},
						"0.5": {
							"vector": [10, 0, 0]
						}
					}
				},
				"Mara": {
					"rotation": {
						"vector": [0, 0, 0]
					},
					"position": {
						"0.0": {
							"vector": [0, -3.5, 0]
						},
						"0.0417": {
							"vector": [0, -1.2, 0]
						},
						"0.0833": {
							"vector": [0, -0.3, 0]
						},
						"0.125": {
							"vector": [0, -0.5, 0]
						},
						"0.1667": {
							"vector": [0, -0.5, 0]
						},
						"0.2083": {
							"vector": [0, -4.1, 0]
						},
						"0.25": {
							"vector": [0, -1.8, 0]
						},
						"0.2917": {
							"vector": [0, -0.5, 0]
						},
						"0.3333": {
							"vector": [0, -0.3, 0]
						},
						"0.375": {
							"vector": [0, -0.5, 0]
						},
						"0.4167": {
							"vector": [0, -1.6, 0]
						},
						"0.4583": {
							"vector": [0, -1.6, 0]
						},
						"0.5": {
							"vector": [0, -4, 0]
						}
					}
				},
				"head": {
					"rotation": {
						"0.0": {
							"vector": [-15.59089, -10.9053, 13.8734]
						},
						"0.2083": {
							"vector": [-21.65256, 3.48708, -21.52054]
						},
						"0.5": {
							"vector": [-15.59089, -10.9053, 13.8734]
						}
					}
				}
			}
		},
		"crouching": {
			"loop": true,
			"animation_length": 1,
			"bones": {
				"Body": {
					"rotation": {
						"0.0": {
							"vector": [50.68809, 9.18187, 8.51859]
						},
						"0.25": {
							"vector": [42.5, 0, 0]
						},
						"0.5": {
							"vector": [50.68809, -9.1819, -8.5186]
						},
						"0.75": {
							"vector": [42.5, 0, 0]
						},
						"1.0": {
							"vector": [50.68809, 9.18187, 8.51859]
						}
					},
					"position": {
						"0.0": {
							"vector": [0, 0, 0]
						},
						"1.0": {
							"vector": [0, 0, 0]
						}
					}
				},
				"Body_Up": {
					"rotation": {
						"0.0": {
							"vector": [16, 0, -7.5]
						},
						"0.25": {
							"vector": [8.76659, 0.78461, -0.4769]
						},
						"0.5": {
							"vector": [16, 0, 7.5]
						},
						"0.75": {
							"vector": [8.76659, 0.78461, -0.4769]
						},
						"1.0": {
							"vector": [16, 0, -7.5]
						}
					},
					"position": {
						"0.0": {
							"vector": [0, 0, 0]
						},
						"1.0": {
							"vector": [0, 0, 0]
						}
					}
				},
				"LeftArm": {
					"rotation": {
						"0.0": {
							"vector": [-94.45027, -22.82842, 75.09785]
						},
						"0.5": {
							"vector": [-90.20128, -32.6106, 61.8764]
						},
						"1.0": {
							"vector": [-94.45027, -22.82842, 75.09785]
						}
					}
				},
				"LeftArmDown": {
					"rotation": {
						"0.0": {
							"vector": [-21.60659, 7.99365, 22.73415]
						},
						"0.5": {
							"vector": [-29.23934, 38.189, 14.9783]
						},
						"1.0": {
							"vector": [-21.60659, 7.99365, 22.73415]
						}
					}
				},
				"Brush2": {
					"rotation": {
						"0.0": {
							"vector": [5, 0, 0]
						},
						"0.5": {
							"vector": [60, 0, 0]
						},
						"1.0": {
							"vector": [5, 0, 0]
						}
					}
				},
				"Finger": {
					"rotation": {
						"vector": [9.96271, 0.86717, -4.92442]
					}
				},
				"Finger_Down6": {
					"rotation": {
						"vector": [25, 0, 0]
					}
				},
				"Finger5": {
					"rotation": {
						"vector": [-5, 0, 0]
					}
				},
				"Finger_Down7": {
					"rotation": {
						"vector": [27.5, 0, 0]
					}
				},
				"Finger6": {
					"rotation": {
						"vector": [-12.48848, 0.54094, 2.44081]
					}
				},
				"Finger_Down8": {
					"rotation": {
						"vector": [20, 0, 0]
					}
				},
				"Finger7": {
					"rotation": {
						"vector": [0, 0, -62.5]
					}
				},
				"Finger_Down9": {
					"rotation": {
						"vector": [0, 12.5, -20]
					}
				},
				"RightArm": {
					"rotation": {
						"0.0": {
							"vector": [-90.20128, 32.61055, -61.87635]
						},
						"0.5": {
							"vector": [-94.45027, 22.8284, -75.0978]
						},
						"1.0": {
							"vector": [-90.20128, 32.61055, -61.87635]
						}
					}
				},
				"RightArmDown": {
					"rotation": {
						"0.0": {
							"vector": [-29.23934, -38.18899, -14.97834]
						},
						"0.5": {
							"vector": [-21.60659, -7.9937, -22.7341]
						},
						"1.0": {
							"vector": [-29.23934, -38.18899, -14.97834]
						}
					}
				},
				"brush": {
					"rotation": {
						"0.0": {
							"vector": [60, 0, 0]
						},
						"0.5": {
							"vector": [5, 0, 0]
						},
						"1.0": {
							"vector": [60, 0, 0]
						}
					}
				},
				"finger_down": {
					"rotation": {
						"vector": [14.94548, -1.29256, 4.83045]
					}
				},
				"finger_down2": {
					"rotation": {
						"vector": [17.5, 0, 0]
					}
				},
				"finger2": {
					"rotation": {
						"vector": [7.5, 0, 0]
					}
				},
				"finger_down3": {
					"rotation": {
						"vector": [22.5, 0, 0]
					}
				},
				"finger3": {
					"rotation": {
						"vector": [-2.49762, -0.10901, -2.49762]
					}
				},
				"finger_down4": {
					"rotation": {
						"vector": [30, 0, 0]
					}
				},
				"finger4": {
					"rotation": {
						"vector": [-3.47875, -6.64851, 67.70212]
					}
				},
				"finger_down5": {
					"rotation": {
						"vector": [12.65322, -29.13104, -4.31263]
					}
				},
				"jaws": {
					"rotation": {
						"vector": [0, 0, 0]
					},
					"position": {
						"vector": [0, 0.9, 0]
					}
				},
				"Left_Leg": {
					"rotation": {
						"0.0": {
							"vector": [21.09724, 0.90038, -2.33233]
						},
						"0.5": {
							"vector": [-52.53111, -0.7535, -2.3838]
						},
						"1.0": {
							"vector": [21.09724, 0.90038, -2.33233]
						}
					}
				},
				"Left_Leg_Down": {
					"rotation": {
						"0.0": {
							"vector": [27.5, 0, 0]
						},
						"0.25": {
							"vector": [88.75, 0, 0]
						},
						"0.5": {
							"vector": [50, 0, 0]
						},
						"0.75": {
							"vector": [56.25, 0, 0]
						},
						"1.0": {
							"vector": [27.5, 0, 0]
						}
					}
				},
				"Right_Leg": {
					"rotation": {
						"0.0": {
							"vector": [-52.53111, 0.75349, 2.38382]
						},
						"0.25": {
							"vector": [-23.21693, -0.07345, 2.35806]
						},
						"0.5": {
							"vector": [28.59724, -0.9004, 2.3323]
						},
						"1.0": {
							"vector": [-52.53111, 0.75349, 2.38382]
						}
					}
				},
				"Right_Leg_Down": {
					"rotation": {
						"0.0": {
							"vector": [50, 0, 0]
						},
						"0.25": {
							"vector": [56.25, 0, 0]
						},
						"0.5": {
							"vector": [17.5, 0, 0]
						},
						"0.75": {
							"vector": [88.75, 0, 0]
						},
						"1.0": {
							"vector": [50, 0, 0]
						}
					}
				},
				"Mara": {
					"rotation": {
						"0.0": {
							"vector": [0, 0, 0]
						},
						"0.5": {
							"vector": [0, 0, 0]
						},
						"1.0": {
							"vector": [0, 0, 0]
						}
					},
					"position": {
						"0.0": {
							"vector": [0, -4.9, 0]
						},
						"0.125": {
							"vector": [0, -3.3, 0]
						},
						"0.25": {
							"vector": [0, -3.3, 0]
						},
						"0.375": {
							"vector": [0, -2.9, 0]
						},
						"0.5": {
							"vector": [0, -4.9, 0]
						},
						"0.625": {
							"vector": [0, -3.3, 0]
						},
						"0.75": {
							"vector": [0, -3.3, 0]
						},
						"0.875": {
							"vector": [0, -2.9, 0]
						},
						"1.0": {
							"vector": [0, -4.9, 0]
						}
					}
				},
				"head": {
					"rotation": {
						"0.0": {
							"vector": [-50.09251, -17.65664, 8.75007]
						},
						"0.25": {
							"vector": [-51.37152, -2.25452, 0.83186]
						},
						"0.5": {
							"vector": [-56.05319, 21.52022, -11.53091]
						},
						"0.75": {
							"vector": [-51.37152, -2.25452, 0.83186]
						},
						"1.0": {
							"vector": [-50.09251, -17.65664, 8.75007]
						}
					}
				}
			}
		},
		"crouching_idle": {
			"loop": true,
			"animation_length": 2,
			"bones": {
				"Body": {
					"rotation": {
						"0.0": {
							"vector": [42.5, 0, 0]
						},
						"1.0": {
							"vector": [47.5, 0, 0]
						},
						"2.0": {
							"vector": [42.5, 0, 0]
						}
					}
				},
				"Body_Up": {
					"rotation": {
						"0.0": {
							"vector": [8.76659, 0.78461, -0.4769]
						},
						"0.8333": {
							"vector": [13.76659, 0.78461, -0.4769]
						},
						"2.0": {
							"vector": [8.76659, 0.78461, -0.4769]
						}
					}
				},
				"LeftArm": {
					"rotation": {
						"0.0": {
							"vector": [-92.33, -27.72, 68.49]
						},
						"0.9167": {
							"vector": [-89.83, -27.72, 68.49]
						},
						"2.0": {
							"vector": [-92.33, -27.72, 68.49]
						}
					}
				},
				"LeftArmDown": {
					"rotation": {
						"0.0": {
							"vector": [-25.42, 23.09, 18.86]
						},
						"0.8333": {
							"vector": [-27.92, 23.09, 18.86]
						},
						"2.0": {
							"vector": [-25.42, 23.09, 18.86]
						}
					}
				},
				"Brush2": {
					"rotation": {
						"0.0": {
							"vector": [32.5, 0, 0]
						},
						"0.9167": {
							"vector": [41.5, 0, 0]
						},
						"2.0": {
							"vector": [32.5, 0, 0]
						}
					}
				},
				"Finger": {
					"rotation": {
						"vector": [9.96271, 0.86717, -4.92442]
					}
				},
				"Finger_Down6": {
					"rotation": {
						"vector": [25, 0, 0]
					}
				},
				"Finger5": {
					"rotation": {
						"vector": [-5, 0, 0]
					}
				},
				"Finger_Down7": {
					"rotation": {
						"vector": [27.5, 0, 0]
					}
				},
				"Finger6": {
					"rotation": {
						"vector": [-12.48848, 0.54094, 2.44081]
					}
				},
				"Finger_Down8": {
					"rotation": {
						"vector": [20, 0, 0]
					}
				},
				"Finger7": {
					"rotation": {
						"vector": [0, 0, -62.5]
					}
				},
				"Finger_Down9": {
					"rotation": {
						"vector": [0, 12.5, -20]
					}
				},
				"RightArm": {
					"rotation": {
						"0.0": {
							"vector": [-92.33, 27.72, -68.49]
						},
						"0.9167": {
							"vector": [-87.33, 27.72, -68.49]
						},
						"2.0": {
							"vector": [-92.33, 27.72, -68.49]
						}
					}
				},
				"RightArmDown": {
					"rotation": {
						"0.0": {
							"vector": [-25.42, -23.09, -18.86]
						},
						"0.8333": {
							"vector": [-27.92, -23.09, -18.86]
						},
						"2.0": {
							"vector": [-25.42, -23.09, -18.86]
						}
					}
				},
				"brush": {
					"rotation": {
						"0.0": {
							"vector": [32.5, 0, 0]
						},
						"0.9167": {
							"vector": [38.5, 0, 0]
						},
						"2.0": {
							"vector": [32.5, 0, 0]
						}
					}
				},
				"finger_down": {
					"rotation": {
						"vector": [14.94548, -1.29256, 4.83045]
					}
				},
				"finger_down2": {
					"rotation": {
						"vector": [17.5, 0, 0]
					}
				},
				"finger2": {
					"rotation": {
						"vector": [7.5, 0, 0]
					}
				},
				"finger_down3": {
					"rotation": {
						"vector": [22.5, 0, 0]
					}
				},
				"finger3": {
					"rotation": {
						"vector": [-2.49762, -0.10901, -2.49762]
					}
				},
				"finger_down4": {
					"rotation": {
						"vector": [30, 0, 0]
					}
				},
				"finger4": {
					"rotation": {
						"vector": [-3.47875, -6.64851, 67.70212]
					}
				},
				"finger_down5": {
					"rotation": {
						"vector": [12.65322, -29.13104, -4.31263]
					}
				},
				"jaws": {
					"rotation": {
						"vector": [0, 0, 0]
					},
					"position": {
						"vector": [0, 0.9, 0]
					}
				},
				"Left_Leg": {
					"rotation": {
						"vector": [-15.95, 0.35, -2.35]
					}
				},
				"Left_Leg_Down": {
					"rotation": {
						"0.0": {
							"vector": [64.17, 0, 0]
						},
						"1.0": {
							"vector": [66.67, 0, 0]
						},
						"2.0": {
							"vector": [64.17, 0, 0]
						}
					}
				},
				"Right_Leg": {
					"rotation": {
						"vector": [-47.99, 0.2, 2.37]
					}
				},
				"Right_Leg_Down": {
					"rotation": {
						"0.0": {
							"vector": [65.83, 0, 0]
						},
						"1.0": {
							"vector": [68.33, 0, 0]
						},
						"2.0": {
							"vector": [65.83, 0, 0]
						}
					}
				},
				"Mara": {
					"rotation": {
						"vector": [0, 0, 0]
					},
					"position": {
						"0.0": {
							"vector": [0, -4.9, 0]
						},
						"1.0": {
							"vector": [0, -5.1, -0.2]
						},
						"2.0": {
							"vector": [0, -4.9, 0]
						}
					}
				},
				"head": {
					"rotation": {
						"0.0": {
							"vector": [1.75378, 9.84655, 15.15108]
						},
						"0.5": {
							"vector": [0.26416, 9.98693, 6.52286]
						},
						"0.5417": {
							"vector": [11.40546, 26.98232, 7.23554]
						},
						"0.5833": {
							"vector": [-47.36033, -0.37778, 14.78648]
						},
						"0.625": {
							"vector": [-12.12612, -27.73789, 22.33742]
						},
						"0.6667": {
							"vector": [0.27213, 1.47571, 9.20217]
						},
						"1.0": {
							"vector": [0.88045, 9.96156, 10.07673]
						},
						"1.4583": {
							"vector": [0.26416, 9.98693, 6.52286]
						},
						"1.5": {
							"vector": [11.40546, 26.98232, 7.23554]
						},
						"1.5417": {
							"vector": [-57.84205, 29.66682, -23.8356]
						},
						"1.5833": {
							"vector": [0.77312, 40.84128, 7.21248]
						},
						"1.625": {
							"vector": [0.27213, 1.47571, 9.20217]
						},
						"2.0": {
							"vector": [1.75378, 9.84655, 15.15108]
						}
					}
				}
			}
		},
		"swipe": {
			"loop": true,
			"animation_length": 0.5,
			"bones": {
				"Body": {
					"rotation": {
						"0.0": {
							"vector": [-6.64351, 0, 0]
						},
						"0.1667": {
							"vector": [-9.14, 0, 0]
						},
						"0.2917": {
							"vector": [30.86, 0, 0]
						},
						"0.5": {
							"vector": [9.92327, -9.96156, -4.11955]
						}
					}
				},
				"Body_Up": {
					"rotation": {
						"0.0": {
							"vector": [-32.32542, 0, 0]
						},
						"0.1667": {
							"vector": [-34.83, 0, 0]
						},
						"0.2917": {
							"vector": [7.67, 0, 0]
						},
						"0.5": {
							"vector": [0, 0, -5]
						}
					}
				},
				"LeftArm": {
					"rotation": {
						"0.0": {
							"vector": [-48.89545, -36.77378, -15.95027]
						},
						"0.1667": {
							"vector": [-54.42568, -30.78587, -10.5105]
						},
						"0.2917": {
							"vector": [-65.53335, -9.70486, 3.93336]
						},
						"0.5": {
							"vector": [-29.14531, -16.70771, 0.91311]
						}
					}
				},
				"LeftArmDown": {
					"rotation": {
						"0.0": {
							"vector": [-97.5, 0, 0]
						},
						"0.1667": {
							"vector": [-105, 0, 0]
						},
						"0.2917": {
							"vector": [-39.02504, 9.57658, 11.59948]
						},
						"0.5": {
							"vector": [-32.5, 0, 10]
						}
					}
				},
				"Brush2": {
					"rotation": {
						"0.0": {
							"vector": [40, 0, 0]
						},
						"0.1667": {
							"vector": [27.5, 0, 0]
						},
						"0.5": {
							"vector": [40, 0, 0]
						}
					}
				},
				"Finger": {
					"rotation": {
						"vector": [9.96271, 0.86717, -4.92442]
					}
				},
				"Finger_Down6": {
					"rotation": {
						"vector": [25, 0, 0]
					}
				},
				"Finger5": {
					"rotation": {
						"vector": [-5, 0, 0]
					}
				},
				"Finger_Down7": {
					"rotation": {
						"vector": [27.5, 0, 0]
					}
				},
				"Finger6": {
					"rotation": {
						"vector": [-12.48848, 0.54094, 2.44081]
					}
				},
				"Finger_Down8": {
					"rotation": {
						"vector": [20, 0, 0]
					}
				},
				"Finger7": {
					"rotation": {
						"vector": [0, 0, -62.5]
					}
				},
				"Finger_Down9": {
					"rotation": {
						"vector": [0, 12.5, -20]
					}
				},
				"RightArm": {
					"rotation": {
						"0.0": {
							"vector": [-60.98015, 31.70277, -6.36891]
						},
						"0.1667": {
							"vector": [-65.98015, 31.70277, -6.36891]
						},
						"0.2917": {
							"vector": [-70.17268, 7.73829, -15.47542]
						},
						"0.5": {
							"vector": [-19.47278, 51.57709, 0.91333]
						}
					}
				},
				"RightArmDown": {
					"rotation": {
						"0.0": {
							"vector": [-92.34672, -7.17468, -16.43495]
						},
						"0.1667": {
							"vector": [-94.84672, -7.17468, -16.43495]
						},
						"0.2917": {
							"vector": [-22.34672, -7.17468, -16.43495]
						},
						"0.5": {
							"vector": [-22.34672, -7.17468, -16.43495]
						}
					}
				},
				"brush": {
					"rotation": {
						"0.0": {
							"vector": [22.5, 0, 0]
						},
						"0.1667": {
							"vector": [22.5, 0, 0]
						},
						"0.2917": {
							"vector": [15.91527, -19.291, -5.38152]
						},
						"0.5": {
							"vector": [22.5, 0, 0]
						}
					}
				},
				"finger_down": {
					"rotation": {
						"vector": [14.94548, -1.29256, 4.83045]
					}
				},
				"finger_down2": {
					"rotation": {
						"vector": [17.5, 0, 0]
					}
				},
				"finger2": {
					"rotation": {
						"vector": [7.5, 0, 0]
					}
				},
				"finger_down3": {
					"rotation": {
						"vector": [22.5, 0, 0]
					}
				},
				"finger3": {
					"rotation": {
						"vector": [-2.49762, -0.10901, -2.49762]
					}
				},
				"finger_down4": {
					"rotation": {
						"vector": [30, 0, 0]
					}
				},
				"finger4": {
					"rotation": {
						"vector": [-3.47875, -6.64851, 67.70212]
					}
				},
				"finger_down5": {
					"rotation": {
						"vector": [12.65322, -29.13104, -4.31263]
					}
				},
				"head": {
					"rotation": {
						"0.0": {
							"vector": [1.75378, 9.84655, 15.15108]
						},
						"0.1667": {
							"vector": [-8.24622, 9.84655, 15.15108]
						},
						"0.2917": {
							"vector": [-0.42384, 2.47221, 1.09368]
						},
						"0.5": {
							"vector": [1.75378, 9.84655, 15.15108]
						}
					},
					"position": {
						"vector": [0, 0, 0]
					}
				},
				"jaws": {
					"rotation": {
						"vector": [0, 0, 0]
					},
					"position": {
						"0.0": {
							"vector": [0, -0.1, 0]
						},
						"0.1667": {
							"vector": [0, 0.9, 0]
						},
						"0.2917": {
							"vector": [0, -0.1, 0]
						}
					}
				},
				"hair": {
					"rotation": {
						"vector": [0, 0, 0]
					},
					"position": {
						"vector": [0, 0, 0]
					}
				}
			}
		}
	},
	"geckolib_format_version": 2
}