{
	"format_version": "1.8.0",
	"animations": {
		"animation.model.new": {
			"loop": true,
			"bones": {
				"root": {
					"rotation": {
						"vector": [0, 0, 0]
					}
				},
				"right_leg": {
					"rotation": {
						"vector": [0, 0, 0]
					}
				},
				"right_legBOTTOM": {
					"rotation": {
						"vector": [0, 0, 0]
					}
				},
				"right_feet": {
					"rotation": {
						"vector": [0, 0, 0]
					}
				},
				"left_leg": {
					"rotation": {
						"vector": [0, 0, 0]
					}
				},
				"left_legBOTTOM": {
					"rotation": {
						"vector": [0, 0, 0]
					}
				},
				"right_feet2": {
					"rotation": {
						"vector": [0, 0, 0]
					}
				},
				"BodyBOTTOM": {
					"rotation": {
						"vector": [0, 0, 0]
					}
				},
				"BodyTOP": {
					"rotation": {
						"vector": [0, 0, 0]
					}
				},
				"head": {
					"rotation": {
						"vector": [0, 0, 0]
					}
				},
				"left_ear": {
					"rotation": {
						"vector": [0, 0, 0]
					}
				},
				"right_ear": {
					"rotation": {
						"vector": [0, 0, 0]
					}
				},
				"jaw": {
					"rotation": {
						"vector": [0, 0, 0]
					}
				},
				"jaw_up": {
					"rotation": {
						"vector": [0, 0, 0]
					}
				},
				"right_arm": {
					"rotation": {
						"vector": [0, 0, 0]
					}
				},
				"right_armBOTTOM": {
					"rotation": {
						"vector": [0, 0, 0]
					}
				},
				"left_arm": {
					"rotation": {
						"vector": [0, 0, 0]
					}
				},
				"left_armBOTTOM": {
					"rotation": {
						"vector": [0, 0, 0]
					}
				},
				"Tail1": {
					"rotation": {
						"vector": [0, 0, 0]
					}
				},
				"Tail2": {
					"rotation": {
						"vector": [0, 0, 0]
					}
				},
				"Tail3": {
					"rotation": {
						"vector": [0, 0, 0]
					}
				},
				"Tail4": {
					"rotation": {
						"vector": [0, 0, 0]
					}
				}
			}
		},
		"idle": {
			"loop": true,
			"animation_length": 4.16,
			"bones": {
				"root": {
					"rotation": {
						"0.0": {
							"vector": [0, 0, 0]
						},
						"4.16": {
							"vector": [0, 0, 0],
							"easing": "easeInOutSine"
						}
					},
					"position": {
						"0.0": {
							"vector": [0, -1, 0]
						},
						"2.08": {
							"vector": [0, 0, -0.2],
							"easing": "easeInOutSine"
						},
						"4.16": {
							"vector": [0, -1, 0],
							"easing": "easeInOutSine"
						}
					}
				},
				"right_leg": {
					"rotation": {
						"0.0": {
							"vector": [-30, 0, 0]
						},
						"2.08": {
							"vector": [-22.5, 0, 0],
							"easing": "easeInOutSine"
						},
						"4.16": {
							"vector": [-30, 0, 0],
							"easing": "easeInOutSine"
						}
					}
				},
				"right_legBOTTOM": {
					"rotation": {
						"0.0": {
							"vector": [5, 0, 0]
						},
						"2.08": {
							"vector": [-2.5, 0, 0],
							"easing": "easeInOutSine"
						},
						"4.16": {
							"vector": [5, 0, 0],
							"easing": "easeInOutSine"
						}
					}
				},
				"right_feet": {
					"rotation": {
						"0.0": {
							"vector": [17.5, 0, 0]
						},
						"2.08": {
							"vector": [22.5, 0, 0],
							"easing": "easeInOutSine"
						},
						"4.16": {
							"vector": [17.5, 0, 0],
							"easing": "easeInOutSine"
						}
					}
				},
				"left_leg": {
					"rotation": {
						"0.0": {
							"vector": [37.5, 0, 0]
						},
						"2.08": {
							"vector": [42.5, 0, 0],
							"easing": "easeInOutSine"
						},
						"4.16": {
							"vector": [37.5, 0, 0],
							"easing": "easeInOutSine"
						}
					}
				},
				"left_legBOTTOM": {
					"rotation": {
						"0.0": {
							"vector": [-17.5, 0, 0]
						},
						"2.08": {
							"vector": [-30, 0, 0],
							"easing": "easeInOutSine"
						},
						"4.16": {
							"vector": [-17.5, 0, 0],
							"easing": "easeInOutSine"
						}
					}
				},
				"right_feet2": {
					"rotation": {
						"0.0": {
							"vector": [-20, 0, 0]
						},
						"2.08": {
							"vector": [-12.5, 0, 0],
							"easing": "easeInOutSine"
						},
						"4.16": {
							"vector": [-20, 0, 0],
							"easing": "easeInOutSine"
						}
					}
				},
				"BodyBOTTOM": {
					"rotation": {
						"0.0": {
							"vector": [0, 0, 0]
						},
						"2.04": {
							"vector": [-5, 0, 0],
							"easing": "easeInOutSine"
						},
						"4.16": {
							"vector": [0, 0, 0],
							"easing": "easeInOutSine"
						}
					},
					"position": {
						"0.0": {
							"vector": [0, 0, 0]
						},
						"2.24": {
							"vector": [0, -1.1, 0],
							"easing": "easeInOutSine"
						},
						"4.16": {
							"vector": [0, 0, 0],
							"easing": "easeInOutSine"
						}
					}
				},
				"BodyTOP": {
					"rotation": {
						"0.0": {
							"vector": [15, 0, 0]
						},
						"1.08": {
							"vector": [12.45392, -1.08089, 4.88206],
							"easing": "easeInOutSine"
						},
						"2.16": {
							"vector": [10, 0, 0],
							"easing": "easeInOutSine"
						},
						"3.16": {
							"vector": [12.45524, -1.3603, -5.42118],
							"easing": "easeInOutSine"
						},
						"4.16": {
							"vector": [15, 0, 0],
							"easing": "easeInOutSine"
						}
					}
				},
				"head": {
					"rotation": {
						"0.0": {
							"vector": [-4.97178, -0.65182, -4.95744]
						},
						"0.84": {
							"vector": [-9.99055, 0.21534, -0.03313],
							"easing": "easeInOutSine"
						},
						"1.92": {
							"vector": [-1.27601, -0.65182, -4.95744],
							"easing": "easeInOutSine"
						},
						"2.92": {
							"vector": [-5.23768, -1.11188, -9.93683],
							"easing": "easeInOutSine"
						},
						"3.64": {
							"vector": [-0.10014, -0.65182, -4.95744],
							"easing": "easeInOutSine"
						},
						"4.16": {
							"vector": [-4.97178, -0.65182, -4.95744],
							"easing": "easeInOutSine"
						}
					}
				},
				"left_ear": {
					"rotation": {
						"0.0": {
							"vector": [0, 0, 37.5]
						},
						"0.76": {
							"vector": [7.49973, 0, 37.5],
							"easing": "easeInOutSine"
						},
						"1.8": {
							"vector": [0.89328, 0.76187, 30.1252],
							"easing": "easeInOutSine"
						},
						"2.56": {
							"vector": [3.12825, 0.63843, 26.87373],
							"easing": "easeInOutSine"
						},
						"3.48": {
							"vector": [-1.14428, -0.00053, 45.07765],
							"easing": "easeInOutSine"
						},
						"4.16": {
							"vector": [0, 0, 37.5],
							"easing": "easeInOutSine"
						}
					},
					"position": {
						"0.0": {
							"vector": [0, -1, 0]
						},
						"4.16": {
							"vector": [0, -1, 0],
							"easing": "easeInOutSine"
						}
					}
				},
				"right_ear": {
					"rotation": {
						"0.0": {
							"vector": [0, 0, -27.5]
						},
						"0.76": {
							"vector": [10, 0, -27.5],
							"easing": "easeInOutSine"
						},
						"1.84": {
							"vector": [-2.28973, 0, -27.5],
							"easing": "easeInOutSine"
						},
						"2.76": {
							"vector": [8.42311, -1.1048, -20.08151],
							"easing": "easeInOutSine"
						},
						"2.88": {
							"vector": [23.27133, -1.08489, -20.21518],
							"easing": "easeInOutSine"
						},
						"3.04": {
							"vector": [2.38562, -1.0436, -20.49244],
							"easing": "easeInOutSine"
						},
						"4.16": {
							"vector": [0, 0, -27.5],
							"easing": "easeInOutSine"
						}
					},
					"position": {
						"0.0": {
							"vector": [0, -1, 0]
						},
						"4.16": {
							"vector": [0, -1, 0],
							"easing": "easeInOutSine"
						}
					}
				},
				"jaw": {
					"rotation": {
						"0.0": {
							"vector": [2.5, 0, 0]
						},
						"0.76": {
							"vector": [15, 0, 0],
							"easing": "easeInOutSine"
						},
						"1.48": {
							"vector": [16.21, 0, 0],
							"easing": "easeInOutSine"
						},
						"1.88": {
							"vector": [37.9, 0, 0],
							"easing": "easeInOutSine"
						},
						"2.72": {
							"vector": [10.61, 0, 0],
							"easing": "easeInOutSine"
						},
						"3.48": {
							"vector": [23.81, 0, 0],
							"easing": "easeInOutSine"
						},
						"4.16": {
							"vector": [2.5, 0, 0],
							"easing": "easeInOutSine"
						}
					}
				},
				"jaw_up": {
					"rotation": {
						"0.0": {
							"vector": [0, 0, 0]
						},
						"4.16": {
							"vector": [0, 0, 0],
							"easing": "easeInOutSine"
						}
					}
				},
				"right_arm": {
					"rotation": {
						"0.0": {
							"vector": [0, 0, 22.5]
						},
						"0.72": {
							"vector": [-9.90664, 0, 22.5],
							"easing": "easeInOutSine"
						},
						"1.88": {
							"vector": [2.86452, -17.47947, 21.63895],
							"easing": "easeInOutSine"
						},
						"3.16": {
							"vector": [-11.66391, 13.08519, 18.18813],
							"easing": "easeInOutSine"
						},
						"4.16": {
							"vector": [0, 0, 22.5],
							"easing": "easeInOutSine"
						}
					}
				},
				"right_armBOTTOM": {
					"rotation": {
						"0.0": {
							"vector": [-57.5, 0, 0]
						},
						"0.92": {
							"vector": [-70, 0, 0],
							"easing": "easeInOutSine"
						},
						"2.16": {
							"vector": [-46, 0, 0],
							"easing": "easeInOutSine"
						},
						"3.52": {
							"vector": [-59.83, 0, 0],
							"easing": "easeInOutSine"
						},
						"4.16": {
							"vector": [-57.5, 0, 0],
							"easing": "easeInOutSine"
						}
					}
				},
				"left_arm": {
					"rotation": {
						"0.0": {
							"vector": [-20.9642, 10.74939, -22.28186]
						},
						"1.08": {
							"vector": [-40.9642, 10.74939, -22.28186],
							"easing": "easeInOutSine"
						},
						"2.56": {
							"vector": [-6.32041, 9.6122, -34.9302],
							"easing": "easeInOutSine"
						},
						"3.48": {
							"vector": [-13.90441, 12.21028, -19.73045],
							"easing": "easeInOutSine"
						},
						"4.16": {
							"vector": [-20.9642, 10.74939, -22.28186],
							"easing": "easeInOutSine"
						}
					}
				},
				"left_armBOTTOM": {
					"rotation": {
						"0.0": {
							"vector": [-37.5, 0, 0]
						},
						"0.8": {
							"vector": [-19.47, 0, 0],
							"easing": "easeInOutSine"
						},
						"1.52": {
							"vector": [-55, 0, 0],
							"easing": "easeInOutSine"
						},
						"2.88": {
							"vector": [-60.83, 0, 0],
							"easing": "easeInOutSine"
						},
						"3.56": {
							"vector": [-33.02, 0, 0],
							"easing": "easeInOutSine"
						},
						"4.16": {
							"vector": [-37.5, 0, 0],
							"easing": "easeInOutSine"
						}
					}
				},
				"Tail1": {
					"rotation": {
						"vector": [0, 0, 0]
					}
				},
				"Tail2": {
					"rotation": {
						"0.0": {
							"vector": [15, 0, 0]
						},
						"0.92": {
							"vector": [22.5, 0, 0],
							"easing": "easeInOutSine"
						},
						"2.72": {
							"vector": [8.1, 0, 0],
							"easing": "easeInOutSine"
						},
						"4.16": {
							"vector": [15, 0, 0],
							"easing": "easeInOutSine"
						}
					}
				},
				"Tail3": {
					"rotation": {
						"0.0": {
							"vector": [32.5, 0, 0]
						},
						"1.08": {
							"vector": [40, 0, 0],
							"easing": "easeInOutSine"
						},
						"2.84": {
							"vector": [27.92, 0, 0],
							"easing": "easeInOutSine"
						},
						"4.16": {
							"vector": [32.5, 0, 0],
							"easing": "easeInOutSine"
						}
					}
				},
				"Tail4": {
					"rotation": {
						"0.0": {
							"vector": [32.5, 0, 0]
						},
						"1.24": {
							"vector": [-5, 0, 0],
							"easing": "easeInOutSine"
						},
						"2.08": {
							"vector": [35.02, 0, 0],
							"easing": "easeInOutSine"
						},
						"3.04": {
							"vector": [18.12, 0, 0],
							"easing": "easeInOutSine"
						},
						"3.64": {
							"vector": [8.62, 0, 0],
							"easing": "easeInOutSine"
						},
						"4.16": {
							"vector": [32.5, 0, 0],
							"easing": "easeInOutSine"
						}
					}
				}
			}
		},
		"hurt": {
			"animation_length": 0.32,
			"bones": {
				"root": {
					"rotation": {
						"vector": [0, 0, 0]
					},
					"position": {
						"vector": [0, -1, 0]
					}
				},
				"right_leg": {
					"rotation": {
						"vector": [-30, 0, 0]
					}
				},
				"right_legBOTTOM": {
					"rotation": {
						"vector": [5, 0, 0]
					}
				},
				"right_feet": {
					"rotation": {
						"vector": [17.5, 0, 0]
					}
				},
				"left_leg": {
					"rotation": {
						"vector": [37.5, 0, 0]
					}
				},
				"left_legBOTTOM": {
					"rotation": {
						"vector": [-17.5, 0, 0]
					}
				},
				"right_feet2": {
					"rotation": {
						"vector": [-20, 0, 0]
					}
				},
				"BodyBOTTOM": {
					"rotation": {
						"0.0": {
							"vector": [0, 0, 0]
						},
						"0.08": {
							"vector": [0, 0, 10],
							"easing": "easeInOutSine"
						}
					},
					"position": {
						"vector": [0, 0, 0]
					}
				},
				"BodyTOP": {
					"rotation": {
						"0.0": {
							"vector": [15, 0, 0]
						},
						"0.12": {
							"vector": [-2.5, 0, 0],
							"easing": "easeInOutSine"
						}
					}
				},
				"head": {
					"rotation": {
						"0.0": {
							"vector": [-4.97178, -0.65182, -4.95744]
						},
						"0.12": {
							"vector": [-19.97178, -0.65182, -4.95744],
							"easing": "easeInOutSine"
						}
					}
				},
				"left_ear": {
					"rotation": {
						"0.0": {
							"vector": [0, 0, 37.5]
						},
						"0.12": {
							"vector": [-37.5, 0, 37.5],
							"easing": "easeInOutSine"
						}
					},
					"position": {
						"vector": [0, -1, 0]
					}
				},
				"right_ear": {
					"rotation": {
						"0.0": {
							"vector": [0, 0, -27.5]
						},
						"0.12": {
							"vector": [-30, 0, -27.5],
							"easing": "easeInOutSine"
						}
					},
					"position": {
						"vector": [0, -1, 0]
					}
				},
				"jaw": {
					"rotation": {
						"0.0": {
							"vector": [2.5, 0, 0]
						},
						"0.12": {
							"vector": [70, 0, 0],
							"easing": "easeInOutSine"
						}
					}
				},
				"jaw_up": {
					"rotation": {
						"vector": [0, 0, 0]
					}
				},
				"right_arm": {
					"rotation": {
						"0.0": {
							"vector": [0, 0, 22.5]
						},
						"0.12": {
							"vector": [0, 0, 50],
							"easing": "easeInOutSine"
						}
					}
				},
				"right_armBOTTOM": {
					"rotation": {
						"0.0": {
							"vector": [-57.5, 0, 0]
						},
						"0.12": {
							"vector": [-70, 0, 0],
							"easing": "easeInOutSine"
						}
					}
				},
				"left_arm": {
					"rotation": {
						"0.0": {
							"vector": [-20.9642, 10.74939, -22.28186]
						},
						"0.12": {
							"vector": [-23.29021, -2.79902, -54.71044],
							"easing": "easeInOutSine"
						}
					}
				},
				"left_armBOTTOM": {
					"rotation": {
						"0.0": {
							"vector": [-37.5, 0, 0]
						},
						"0.12": {
							"vector": [-65, 0, 0],
							"easing": "easeInOutSine"
						}
					}
				},
				"Tail1": {
					"rotation": {
						"vector": [0, 0, 0]
					}
				},
				"Tail2": {
					"rotation": {
						"0.0": {
							"vector": [15, 0, 0]
						},
						"0.12": {
							"vector": [-25, 0, 0],
							"easing": "easeInOutSine"
						}
					}
				},
				"Tail3": {
					"rotation": {
						"0.0": {
							"vector": [32.5, 0, 0]
						},
						"0.12": {
							"vector": [-37.5, 0, 0],
							"easing": "easeInOutSine"
						}
					}
				},
				"Tail4": {
					"rotation": {
						"0.0": {
							"vector": [32.5, 0, 0]
						},
						"0.12": {
							"vector": [-17.5, 0, 0],
							"easing": "easeInOutSine"
						}
					}
				}
			}
		},
		"swipe": {
			"loop": true,
			"animation_length": 0.72,
			"bones": {
				"root": {
					"rotation": {
						"0.0": {
							"vector": [-10, 0, 0]
						},
						"0.16": {
							"vector": [10, 0, 0],
							"easing": "easeInOutSine"
						},
						"0.28": {
							"vector": [0, 0, 0],
							"easing": "easeInOutSine"
						}
					},
					"position": {
						"0.0": {
							"vector": [0, 0, 1]
						},
						"0.16": {
							"vector": [0, -1, -4],
							"easing": "easeInOutSine"
						},
						"0.24": {
							"vector": [0, -1, 0],
							"easing": "easeInOutSine"
						}
					}
				},
				"right_leg": {
					"rotation": {
						"vector": [-30, 0, 0]
					}
				},
				"right_legBOTTOM": {
					"rotation": {
						"vector": [5, 0, 0]
					}
				},
				"right_feet": {
					"rotation": {
						"vector": [17.5, 0, 0]
					}
				},
				"left_leg": {
					"rotation": {
						"vector": [37.5, 0, 0]
					}
				},
				"left_legBOTTOM": {
					"rotation": {
						"vector": [-17.5, 0, 0]
					}
				},
				"right_feet2": {
					"rotation": {
						"vector": [-20, 0, 0]
					}
				},
				"BodyBOTTOM": {
					"rotation": {
						"0.0": {
							"vector": [0, 0, 0]
						},
						"0.12": {
							"vector": [40, 0, 0],
							"easing": "easeInOutSine"
						},
						"0.44": {
							"vector": [42.5, 0, 0],
							"easing": "easeInOutSine"
						}
					},
					"position": {
						"vector": [0, 0, 0]
					}
				},
				"BodyTOP": {
					"rotation": {
						"vector": [15, 0, 0]
					}
				},
				"head": {
					"rotation": {
						"0.0": {
							"vector": [-24.97178, -0.65182, -4.95744]
						},
						"0.12": {
							"vector": [-49.97178, -0.65182, -4.95744],
							"easing": "easeInOutSine"
						}
					}
				},
				"left_ear": {
					"rotation": {
						"0.0": {
							"vector": [0, 0, 37.5]
						},
						"0.24": {
							"vector": [-35, 0, 37.5],
							"easing": "easeInOutSine"
						}
					},
					"position": {
						"vector": [0, -1, 0]
					}
				},
				"right_ear": {
					"rotation": {
						"0.0": {
							"vector": [0, 0, -27.5]
						},
						"0.24": {
							"vector": [-40, 0, -27.5],
							"easing": "easeInOutSine"
						}
					},
					"position": {
						"vector": [0, -1, 0]
					}
				},
				"jaw": {
					"rotation": {
						"0.0": {
							"vector": [70, 0, 0]
						},
						"0.12": {
							"vector": [2.5, 0, 0],
							"easing": "easeInOutSine"
						}
					}
				},
				"jaw_up": {
					"rotation": {
						"vector": [0, 0, 0]
					}
				},
				"right_arm": {
					"rotation": {
						"0.0": {
							"vector": [27.5, 0, 22.5]
						},
						"0.12": {
							"vector": [-69.45727, 33.34076, 76.38477],
							"easing": "easeInOutSine"
						}
					}
				},
				"right_armBOTTOM": {
					"rotation": {
						"0.0": {
							"vector": [-5, 0, 0]
						},
						"0.12": {
							"vector": [-70, 0, 0],
							"easing": "easeInOutSine"
						}
					}
				},
				"left_arm": {
					"rotation": {
						"0.0": {
							"vector": [8.94094, 12.98033, -34.85165]
						},
						"0.12": {
							"vector": [-64.16989, -15.73736, -68.32087],
							"easing": "easeInOutSine"
						}
					}
				},
				"left_armBOTTOM": {
					"rotation": {
						"0.0": {
							"vector": [0, 0, 0]
						},
						"0.12": {
							"vector": [-65.43798, -22.9824, -10.11783],
							"easing": "easeInOutSine"
						}
					}
				},
				"Tail1": {
					"rotation": {
						"vector": [0, 0, 0]
					}
				},
				"Tail2": {
					"rotation": {
						"0.0": {
							"vector": [15, 0, 0]
						},
						"0.12": {
							"vector": [-45, 0, 0],
							"easing": "easeInOutSine"
						}
					}
				},
				"Tail3": {
					"rotation": {
						"0.0": {
							"vector": [32.5, 0, 0]
						},
						"0.12": {
							"vector": [10, 0, 0],
							"easing": "easeInOutSine"
						}
					}
				},
				"Tail4": {
					"rotation": {
						"0.0": {
							"vector": [32.5, 0, 0]
						},
						"0.12": {
							"vector": [5, 0, 0],
							"easing": "easeInOutSine"
						}
					}
				}
			}
		},
		"running": {
			"loop": true,
			"animation_length": 0.72,
			"bones": {
				"root": {
					"rotation": {
						"vector": [0, 0, 0]
					},
					"position": {
						"0.0": {
							"vector": [0, 1, 4]
						},
						"0.16": {
							"vector": [0, 0, 4]
						},
						"0.36": {
							"vector": [0, 2, 4]
						},
						"0.52": {
							"vector": [0, 0, 4]
						},
						"0.72": {
							"vector": [0, 1, 4]
						}
					}
				},
				"right_leg": {
					"rotation": {
						"0.0": {
							"vector": [55, 0, 0]
						},
						"0.16": {
							"vector": [-8.65, 0, 0],
							"easing": "easeInOutSine"
						},
						"0.36": {
							"vector": [-32.5, 0, 0],
							"easing": "easeInOutSine"
						},
						"0.56": {
							"vector": [1.35, 0, 0],
							"easing": "easeInOutSine"
						},
						"0.72": {
							"vector": [55, 0, 0],
							"easing": "easeInOutSine"
						}
					}
				},
				"right_legBOTTOM": {
					"rotation": {
						"0.0": {
							"vector": [-2.5, 0, 0]
						},
						"0.16": {
							"vector": [43.47, 0, 0],
							"easing": "easeInOutSine"
						},
						"0.36": {
							"vector": [-42.5, 0, 0],
							"easing": "easeInOutSine"
						},
						"0.56": {
							"vector": [-6.53, 0, 0]
						},
						"0.72": {
							"vector": [-2.5, 0, 0],
							"easing": "easeInOutSine"
						}
					}
				},
				"right_feet": {
					"rotation": {
						"0.0": {
							"vector": [2.5, 0, 0]
						},
						"0.16": {
							"vector": [-9.4, 0, 0],
							"easing": "easeInOutSine"
						},
						"0.36": {
							"vector": [10, 0, 0],
							"easing": "easeInOutSine"
						},
						"0.56": {
							"vector": [5.6, 0, 0],
							"easing": "easeInOutSine"
						},
						"0.72": {
							"vector": [2.5, 0, 0],
							"easing": "easeInOutSine"
						}
					},
					"position": {
						"0.36": {
							"vector": [0, 0, 0]
						},
						"0.52": {
							"vector": [0, 0.6, 0],
							"easing": "easeInOutSine"
						},
						"0.6": {
							"vector": [0, 0, 0],
							"easing": "easeInOutSine"
						}
					}
				},
				"left_leg": {
					"rotation": {
						"0.0": {
							"vector": [-15, 0, 0]
						},
						"0.16": {
							"vector": [-3.85, 0, 0],
							"easing": "easeInOutSine"
						},
						"0.36": {
							"vector": [72.5, 0, 0],
							"easing": "easeInOutSine"
						},
						"0.56": {
							"vector": [-13.61, 0, 0],
							"easing": "easeInOutSine"
						},
						"0.72": {
							"vector": [-15, 0, 0],
							"easing": "easeInOutSine"
						}
					}
				},
				"left_legBOTTOM": {
					"rotation": {
						"0.0": {
							"vector": [-50, 0, 0]
						},
						"0.16": {
							"vector": [-2.77, 0, 0],
							"easing": "easeInOutSine"
						},
						"0.36": {
							"vector": [-32.5, 0, 0],
							"easing": "easeInOutSine"
						},
						"0.56": {
							"vector": [17.23, 0, 0],
							"easing": "easeInOutSine"
						},
						"0.72": {
							"vector": [-50, 0, 0],
							"easing": "easeInOutSine"
						}
					}
				},
				"right_feet2": {
					"rotation": {
						"0.0": {
							"vector": [2.5, 0, 0]
						},
						"0.08": {
							"vector": [16.33, 0, 0],
							"easing": "easeInOutSine"
						},
						"0.16": {
							"vector": [5.16, 0, 0],
							"easing": "easeInOutSine"
						},
						"0.36": {
							"vector": [17.5, 0, 0],
							"easing": "easeInOutSine"
						},
						"0.56": {
							"vector": [-11.3, 0, 0],
							"easing": "easeInOutSine"
						},
						"0.72": {
							"vector": [2.5, 0, 0],
							"easing": "easeInOutSine"
						}
					},
					"position": {
						"0.0": {
							"vector": [0, 0, 0]
						},
						"0.08": {
							"vector": [0, 0.4, 0]
						},
						"0.16": {
							"vector": [0, 0, 0]
						},
						"0.72": {
							"vector": [0, 0, 0]
						}
					}
				},
				"BodyBOTTOM": {
					"rotation": {
						"0.0": {
							"vector": [22.5, 0, 0]
						},
						"0.2": {
							"vector": [35, 0, 0],
							"easing": "easeInOutSine"
						},
						"0.4": {
							"vector": [15, 0, 0],
							"easing": "easeInOutSine"
						},
						"0.6": {
							"vector": [35, 0, 0],
							"easing": "easeInOutSine"
						},
						"0.72": {
							"vector": [22.5, 0, 0],
							"easing": "easeInOutSine"
						}
					},
					"position": {
						"0.0": {
							"vector": [0, 0.5, 0]
						},
						"0.16": {
							"vector": [0, -0.35, 1.3],
							"easing": "easeInOutSine"
						},
						"0.36": {
							"vector": [0, 0.5, 0],
							"easing": "easeInOutSine"
						},
						"0.56": {
							"vector": [0, -0.35, 1.3],
							"easing": "easeInOutSine"
						},
						"0.72": {
							"vector": [0, 0.5, 0],
							"easing": "easeInSine"
						}
					}
				},
				"BodyTOP": {
					"rotation": {
						"0.0": {
							"vector": [17.5, 0, 0]
						},
						"0.2": {
							"vector": [25, 0, 0],
							"easing": "easeInOutSine"
						},
						"0.4": {
							"vector": [20, 0, 0],
							"easing": "easeInOutSine"
						},
						"0.6": {
							"vector": [25, 0, 0],
							"easing": "easeInOutSine"
						},
						"0.72": {
							"vector": [17.5, 0, 0]
						}
					},
					"position": {
						"0.0": {
							"vector": [0, 0, 0]
						},
						"0.2": {
							"vector": [0, -1, 0],
							"easing": "easeInOutSine"
						},
						"0.4": {
							"vector": [0, 0, 0],
							"easing": "easeInOutSine"
						},
						"0.6": {
							"vector": [0, -1, 0],
							"easing": "easeInOutSine"
						},
						"0.72": {
							"vector": [0, 0, 0]
						}
					}
				},
				"head": {
					"rotation": {
						"0.0": {
							"vector": [-40, 0, 0]
						},
						"0.24": {
							"vector": [-26.94093, 5.73576, 11.12501],
							"easing": "easeInOutSine"
						},
						"0.4": {
							"vector": [-55, 0, 0],
							"easing": "easeInOutSine"
						},
						"0.6": {
							"vector": [-34.3569, -7.13136, -10.29284],
							"easing": "easeInOutSine"
						},
						"0.72": {
							"vector": [-40, 0, 0],
							"easing": "easeInOutSine"
						}
					}
				},
				"left_ear": {
					"rotation": {
						"0.0": {
							"vector": [-30.80696, 9.30727, 20.57639]
						},
						"0.2": {
							"vector": [-53.30696, 9.30727, 20.57639],
							"easing": "easeInOutSine"
						},
						"0.44": {
							"vector": [-10.80696, 9.30727, 20.57639],
							"easing": "easeInOutSine"
						},
						"0.6": {
							"vector": [-45.80696, 9.30727, 20.57639],
							"easing": "easeInOutSine"
						},
						"0.72": {
							"vector": [-30.80696, 9.30727, 20.57639],
							"easing": "easeInOutSine"
						}
					}
				},
				"right_ear": {
					"rotation": {
						"0.0": {
							"vector": [-33.73499, -9.93191, -14.48174]
						},
						"0.24": {
							"vector": [-58.99523, -8.04887, -12.81678],
							"easing": "easeInOutSine"
						},
						"0.44": {
							"vector": [-13.99523, -8.04887, -12.81678],
							"easing": "easeInOutSine"
						},
						"0.6": {
							"vector": [-43.99523, -8.04887, -12.81678],
							"easing": "easeInOutSine"
						},
						"0.72": {
							"vector": [-33.73499, -9.93191, -14.48174],
							"easing": "easeInOutSine"
						}
					}
				},
				"jaw": {
					"rotation": {
						"0.0": {
							"vector": [40, 0, 0]
						},
						"0.24": {
							"vector": [20, 0, 0],
							"easing": "easeInOutSine"
						},
						"0.44": {
							"vector": [55, 0, 0],
							"easing": "easeInOutSine"
						},
						"0.6": {
							"vector": [25, 0, 0],
							"easing": "easeInOutSine"
						},
						"0.72": {
							"vector": [40, 0, 0],
							"easing": "easeInOutSine"
						}
					}
				},
				"jaw_up": {
					"rotation": {
						"vector": [0, 0, 0]
					}
				},
				"right_arm": {
					"rotation": {
						"0.0": {
							"vector": [-85, 0, 0]
						},
						"0.12": {
							"vector": [-58.44239, 15.03856, 9.05463],
							"easing": "easeInOutSine"
						},
						"0.32": {
							"vector": [-9.76758, 2.15393, 12.31594],
							"easing": "easeInOutSine"
						},
						"0.52": {
							"vector": [-27.14233, 4.59902, 8.88927],
							"easing": "easeInOutSine"
						},
						"0.72": {
							"vector": [-85, 0, 0],
							"easing": "easeInOutSine"
						}
					},
					"position": {
						"0.0": {
							"vector": [1, 0, -1]
						},
						"0.28": {
							"vector": [1, -2, 0],
							"easing": "easeInOutSine"
						},
						"0.72": {
							"vector": [1, 0, -1],
							"easing": "easeInOutSine"
						}
					}
				},
				"right_armBOTTOM": {
					"rotation": {
						"0.0": {
							"vector": [-52.5, 0, 0]
						},
						"0.2": {
							"vector": [-4.62479, -4.31646, -2.52591],
							"easing": "easeInOutSine"
						},
						"0.36": {
							"vector": [-60, 0, 0],
							"easing": "easeInOutSine"
						},
						"0.56": {
							"vector": [-77.5, 0, 0],
							"easing": "easeInOutSine"
						},
						"0.72": {
							"vector": [-52.5, 0, 0],
							"easing": "easeInOutSine"
						}
					}
				},
				"left_arm": {
					"rotation": {
						"0.0": {
							"vector": [-4, -7, -6]
						},
						"0.32": {
							"vector": [-75.51391, -4.57607, -15.75237],
							"easing": "easeInOutSine"
						},
						"0.68": {
							"vector": [-4, -7, -6],
							"easing": "easeInOutSine"
						}
					},
					"position": {
						"0.0": {
							"vector": [-1, 0, 0]
						},
						"0.2": {
							"vector": [-1, -1.6, 0],
							"easing": "easeInOutSine"
						},
						"0.44": {
							"vector": [-1, 0.6, -1.4],
							"easing": "easeInOutSine"
						},
						"0.72": {
							"vector": [-1, 0, 0],
							"easing": "easeInOutSine"
						}
					}
				},
				"left_armBOTTOM": {
					"rotation": {
						"0.0": {
							"vector": [0, 0, 0]
						},
						"0.16": {
							"vector": [-26.63, 0, 0],
							"easing": "easeInOutSine"
						},
						"0.36": {
							"vector": [-57.5, 0, 0],
							"easing": "easeInOutSine"
						},
						"0.48": {
							"vector": [-66.33, 0, 0],
							"easing": "easeInOutSine"
						},
						"0.72": {
							"vector": [0, 0, 0],
							"easing": "easeInOutSine"
						}
					}
				},
				"Tail2": {
					"rotation": {
						"0.0": {
							"vector": [-15, 0, 0]
						},
						"0.24": {
							"vector": [10, 0, 0],
							"easing": "easeInOutSine"
						},
						"0.44": {
							"vector": [-19.67, 0, 0],
							"easing": "easeInOutSine"
						},
						"0.64": {
							"vector": [-15, 0, 0],
							"easing": "easeInOutSine"
						}
					}
				},
				"Tail3": {
					"rotation": {
						"0.0": {
							"vector": [-10, 0, 0]
						},
						"0.32": {
							"vector": [7.5, 0, 0],
							"easing": "easeInOutSine"
						},
						"0.48": {
							"vector": [-13.75, 0, 0],
							"easing": "easeInOutSine"
						},
						"0.64": {
							"vector": [-10, 0, 0],
							"easing": "easeInOutSine"
						}
					}
				},
				"Tail4": {
					"rotation": {
						"0.0": {
							"vector": [-25, 0, 0]
						},
						"0.32": {
							"vector": [32.5, 0, 0],
							"easing": "easeInOutSine"
						},
						"0.52": {
							"vector": [-18.75, 0, 0],
							"easing": "easeInOutSine"
						},
						"0.72": {
							"vector": [-25, 0, 0],
							"easing": "easeInOutSine"
						}
					}
				}
			}
		}
	},
	"geckolib_format_version": 2
}