{
    "format_version": "1.10.0",
    "particle_effect": {
        "description": {
            "identifier": "",
            "basic_render_parameters": {
                "material": "particles_alpha",
                "texture": "b.a:particles/smoke.png"
            }
        },
        "curves": {},
        "components": {
            "minecraft:emitter_rate_steady": {
                "spawn_rate": "19.0",
                "max_particles": 1000.0
            },
            "minecraft:emitter_lifetime_looping": {
                "active_time": 1.0
            },
            "minecraft:emitter_shape_box": {
                "offset": [
                    0.0,
                    0.0,
                    0.0
                ],
                "half_dimensions": [
                    1.9,
                    0.0,
                    0.5
                ]
            },
            "minecraft:particle_lifetime_expression": {
                "max_lifetime": "math.random(1.0, 3.0)"
            },
            "minecraft:particle_initial_spin": {
                "rotation": "math.random(0.0, 360.0)",
                "rotation_rate": 1.0
            },
            "minecraft:particle_initial_speed": 1.0,
            "minecraft:particle_motion_dynamic": {
                "linear_acceleration": [
                    0.0,
                    5.0,
                    0.0
                ],
                "linear_drag_coefficient": 5.0
            },
            "minecraft:particle_appearance_billboard": {
                "size": [
                    0.2,
                    0.2
                ],
                "facing_camera_mode": "rotate_xyz",
                "uv": {
                    "texture_width": 64,
                    "texture_height": 8,
                    "uv_size": [
                        8.0,
                        8.0
                    ],
                    "flipbook": {
                        "base_UV": [
                            32.0,
                            0.0
                        ],
                        "size_UV": [
                            8.0,
                            8.0
                        ],
                        "step_UV": [
                            8.0,
                            0.0
                        ],
                        "frames_per_second": 2.0
                    }
                }
            },
            "minecraft:particle_appearance_lighting": {},
            "minecraft:particle_appearance_tinting": {
                "color": [
                    0.64706,
                    0.64706,
                    0.64706,
                    1.0
                ]
            },
            "blockbuster:particle_collision_appearance": {
                "enabled": 0.0,
                "lit": false,
                "material": "particles_opaque",
                "size": [
                    0.0,
                    0.0
                ],
                "facing_camera_mode": "lookat_xyz",
                "uv": {
                    "texture_width": 128,
                    "texture_height": 128
                }
            },
            "blockbuster:particle_collision_tinting": {
                "enabled": 0.0
            },
            "blockbuster:particle_morph": {
                "enabled": false,
                "render_texture": false
            }
        }
    }
}