{
    "secondaryKeywords": [
        "abstract",
        "extends",
        "final",
        "implements",
        "interface",
        "super",
        "throws",
        "data",
        "class",
        "fun",
        "var",
        "val",
        "import",
        "Java",
        "JSON",
        "mappet"
    ],
    "special": [
        "this",
        "it"
    ],
    "operators": [
        "+",
        "-",
        "=",
        "/",
        "*",
        "<",
        ">",
        "~",
        "&",
        "|",
        "!",
        "..",
        "->"
    ],
    "typeKeywords": [
        "true",
        "false",
        "null",
        "undefined",
        "enum"
    ],
    "functionName": "[\\w_][\\d\\w_]*",
    "primaryKeywords": [
        "break",
        "continue",
        "switch",
        "case",
        "try",
        "catch",
        "delete",
        "do",
        "while",
        "else",
        "finally",
        "if",
        "for",
        "is",
        "as",
        "in",
        "instanceof",
        "new",
        "throw",
        "typeof",
        "with",
        "yield",
        "when",
        "return",
        "by",
        "constructor",
        "delegate",
        "dynamic",
        "field",
        "get",
        "set",
        "init",
        "value",
        "where",
        "actual",
        "annotation",
        "companion",
        "external",
        "infix",
        "inline",
        "inner",
        "internal",
        "open",
        "operator",
        "out",
        "override",
        "suspend",
        "vararg"
    ]
}