{
	"format_version": "1.8.0",
	"animations": {
		"running": {
			"loop": true,
			"animation_length": 1.12,
			"bones": {
				"Rake": {
					"rotation": {
						"0.0": {
							"post": {
								"vector": [0, 0, 2.5]
							},
							"lerp_mode": "catmullrom"
						}
					},
					"position": {
						"0.0": {
							"post": {
								"vector": [0, -0.7, 0]
							},
							"lerp_mode": "catmullrom"
						},
						"0.28": {
							"post": {
								"vector": [0, 2.5, 0]
							},
							"lerp_mode": "catmullrom"
						},
						"0.56": {
							"post": {
								"vector": [0, -1.2, 0]
							},
							"lerp_mode": "catmullrom"
						},
						"0.84": {
							"post": {
								"vector": [0, 1.2, 0]
							},
							"lerp_mode": "catmullrom"
						},
						"1.12": {
							"post": {
								"vector": [0, -0.7, 0]
							},
							"lerp_mode": "catmullrom"
						}
					}
				},
				"Right_leg": {
					"rotation": {
						"0.0": {
							"post": {
								"vector": [26.90761, 3.86098, 3.01464]
							},
							"lerp_mode": "catmullrom"
						},
						"0.28": {
							"post": {
								"vector": [-28.12107, 3.63053, 2.6942]
							},
							"lerp_mode": "catmullrom"
						},
						"0.56": {
							"post": {
								"vector": [-26.62692, 3.75126, -1.59283]
							},
							"lerp_mode": "catmullrom"
						},
						"0.84": {
							"post": {
								"vector": [0.87308, 3.75126, -1.59283]
							},
							"lerp_mode": "catmullrom"
						},
						"1.12": {
							"post": {
								"vector": [26.90761, 3.86098, 3.01464]
							},
							"lerp_mode": "catmullrom"
						}
					}
				},
				"Right_leg_down2": {
					"rotation": {
						"0.0": {
							"post": {
								"vector": [-20, 0, 0]
							},
							"lerp_mode": "catmullrom"
						},
						"0.28": {
							"post": {
								"vector": [0, 0, 0]
							},
							"lerp_mode": "catmullrom"
						},
						"0.56": {
							"post": {
								"vector": [20, 0, 0]
							},
							"lerp_mode": "catmullrom"
						},
						"0.84": {
							"post": {
								"vector": [-12.5, 0, 0]
							},
							"lerp_mode": "catmullrom"
						},
						"1.12": {
							"post": {
								"vector": [-20, 0, 0]
							},
							"lerp_mode": "catmullrom"
						}
					}
				},
				"Right_ankle": {
					"rotation": {
						"0.0": {
							"post": {
								"vector": [0, 0, 0]
							},
							"lerp_mode": "catmullrom"
						}
					}
				},
				"Right_foot": {
					"rotation": {
						"0.0": {
							"post": {
								"vector": [0, 0, 0]
							},
							"lerp_mode": "catmullrom"
						},
						"0.28": {
							"post": {
								"vector": [25, 0, 0]
							},
							"lerp_mode": "catmullrom"
						},
						"0.56": {
							"post": {
								"vector": [2.5, 0, 0]
							},
							"lerp_mode": "catmullrom"
						},
						"0.84": {
							"post": {
								"vector": [15, 0, 0]
							},
							"lerp_mode": "catmullrom"
						},
						"1.12": {
							"post": {
								"vector": [0, 0, 0]
							},
							"lerp_mode": "catmullrom"
						}
					}
				},
				"Left_leg": {
					"rotation": {
						"0.0": {
							"post": {
								"vector": [-26.62274, -5.25507, -1.91004]
							},
							"lerp_mode": "catmullrom"
						},
						"0.28": {
							"post": {
								"vector": [15.87726, -5.25507, -1.91004]
							},
							"lerp_mode": "catmullrom"
						},
						"0.56": {
							"post": {
								"vector": [17.46485, -5.50002, -5.26338]
							},
							"lerp_mode": "catmullrom"
						},
						"0.84": {
							"post": {
								"vector": [-20.03515, -5.50002, -5.26338]
							},
							"lerp_mode": "catmullrom"
						},
						"1.12": {
							"post": {
								"vector": [-26.62274, -5.25507, -1.91004]
							},
							"lerp_mode": "catmullrom"
						}
					}
				},
				"Body": {
					"rotation": {
						"0.0": {
							"post": {
								"vector": [2.50673, -4.88622, -7.71603]
							},
							"lerp_mode": "catmullrom"
						},
						"0.28": {
							"post": {
								"vector": [2.51, 0, 0]
							},
							"lerp_mode": "catmullrom"
						},
						"0.56": {
							"post": {
								"vector": [2.50673, 4.8862, 7.716]
							},
							"lerp_mode": "catmullrom"
						},
						"0.84": {
							"post": {
								"vector": [2.51, 0, 0]
							},
							"lerp_mode": "catmullrom"
						},
						"1.12": {
							"post": {
								"vector": [2.50673, -4.88622, -7.71603]
							},
							"lerp_mode": "catmullrom"
						}
					}
				},
				"body_up2": {
					"rotation": {
						"0.0": {
							"post": {
								"vector": [0, 0, 0]
							},
							"lerp_mode": "catmullrom"
						}
					}
				},
				"Right_arm": {
					"rotation": {
						"0.0": {
							"post": {
								"vector": [-12.5, 0, 12.5]
							},
							"lerp_mode": "catmullrom"
						},
						"0.56": {
							"post": {
								"vector": [12.5, 0, 0]
							},
							"lerp_mode": "catmullrom"
						},
						"1.12": {
							"post": {
								"vector": [-12.5, 0, 12.5]
							},
							"lerp_mode": "catmullrom"
						}
					}
				},
				"bone37": {
					"rotation": {
						"0.0": {
							"post": {
								"vector": [0, 0, 0]
							},
							"lerp_mode": "catmullrom"
						}
					}
				},
				"Left_arm": {
					"rotation": {
						"0.0": {
							"post": {
								"vector": [12.5, 0, 0]
							},
							"lerp_mode": "catmullrom"
						},
						"0.56": {
							"post": {
								"vector": [-12.5, 0, -12.5]
							},
							"lerp_mode": "catmullrom"
						},
						"1.12": {
							"post": {
								"vector": [12.5, 0, 0]
							},
							"lerp_mode": "catmullrom"
						}
					}
				},
				"bone9": {
					"rotation": {
						"0.0": {
							"post": {
								"vector": [0, 0, 0]
							},
							"lerp_mode": "catmullrom"
						}
					}
				},
				"tongue": {
					"rotation": {
						"0.0": {
							"post": {
								"vector": [0, -17.5, 0]
							},
							"lerp_mode": "catmullrom"
						},
						"0.28": {
							"post": {
								"vector": [0, 5.16, 0]
							},
							"lerp_mode": "catmullrom"
						},
						"0.56": {
							"post": {
								"vector": [0, 5, 0]
							},
							"lerp_mode": "catmullrom"
						},
						"0.88": {
							"post": {
								"vector": [0, -10.76, 0]
							},
							"lerp_mode": "catmullrom"
						},
						"1.12": {
							"post": {
								"vector": [0, -17.5, 0]
							},
							"lerp_mode": "catmullrom"
						}
					}
				},
				"bone14": {
					"rotation": {
						"0.0": {
							"post": {
								"vector": [0, 12.5, 0]
							},
							"lerp_mode": "catmullrom"
						},
						"0.28": {
							"post": {
								"vector": [-7.5, 17.11197, 0]
							},
							"lerp_mode": "catmullrom"
						},
						"0.52": {
							"post": {
								"vector": [0, 20, 0]
							},
							"lerp_mode": "catmullrom"
						},
						"0.84": {
							"post": {
								"vector": [-7.06444, 16.1055, 0]
							},
							"lerp_mode": "catmullrom"
						},
						"1.12": {
							"post": {
								"vector": [0, 12.5, 0]
							},
							"lerp_mode": "catmullrom"
						}
					}
				},
				"bone15": {
					"rotation": {
						"0.0": {
							"post": {
								"vector": [0, 0, 0]
							},
							"lerp_mode": "catmullrom"
						}
					}
				},
				"tale": {
					"rotation": {
						"0.0": {
							"post": {
								"vector": [0, 30, 0]
							},
							"lerp_mode": "catmullrom"
						},
						"0.52": {
							"post": {
								"vector": [-3.79462, -7.43379, 4.64142]
							},
							"lerp_mode": "catmullrom"
						},
						"1.12": {
							"post": {
								"vector": [0, 30, 0]
							},
							"lerp_mode": "catmullrom"
						}
					}
				},
				"bone17": {
					"rotation": {
						"0.0": {
							"post": {
								"vector": [0, 10, 0]
							},
							"lerp_mode": "catmullrom"
						},
						"0.6": {
							"post": {
								"vector": [0, -7.5, 0]
							},
							"lerp_mode": "catmullrom"
						},
						"1.12": {
							"post": {
								"vector": [0, 10, 0]
							},
							"lerp_mode": "catmullrom"
						}
					}
				},
				"bone18": {
					"rotation": {
						"0.0": {
							"post": {
								"vector": [0, 12.5, 0]
							},
							"lerp_mode": "catmullrom"
						},
						"0.68": {
							"post": {
								"vector": [0, -17.5, 0]
							},
							"lerp_mode": "catmullrom"
						},
						"1.12": {
							"post": {
								"vector": [0, 12.5, 0]
							},
							"lerp_mode": "catmullrom"
						}
					}
				},
				"bone19": {
					"rotation": {
						"0.0": {
							"post": {
								"vector": [0, 5, 0]
							},
							"lerp_mode": "catmullrom"
						},
						"0.76": {
							"post": {
								"vector": [0, -5, 0]
							},
							"lerp_mode": "catmullrom"
						},
						"1.12": {
							"post": {
								"vector": [0, 5, 0]
							},
							"lerp_mode": "catmullrom"
						},
						"2.24": {
							"post": {
								"vector": [0, 5, 0]
							},
							"lerp_mode": "catmullrom"
						}
					}
				},
				"bone20": {
					"rotation": {
						"0.0": {
							"post": {
								"vector": [0, 15, 0]
							},
							"lerp_mode": "catmullrom"
						},
						"0.84": {
							"post": {
								"vector": [0, -5, 0]
							},
							"lerp_mode": "catmullrom"
						},
						"1.12": {
							"post": {
								"vector": [0, 15, 0]
							},
							"lerp_mode": "catmullrom"
						}
					}
				},
				"Right_leg_down": {
					"rotation": {
						"0.0": {
							"post": {
								"vector": [-5, 0, 0]
							},
							"lerp_mode": "catmullrom"
						},
						"0.28": {
							"post": {
								"vector": [52.5, 0, 0]
							},
							"lerp_mode": "catmullrom"
						},
						"0.56": {
							"post": {
								"vector": [0, 0, 0]
							},
							"lerp_mode": "catmullrom"
						},
						"0.84": {
							"post": {
								"vector": [-5, 0, 0]
							},
							"lerp_mode": "catmullrom"
						},
						"1.12": {
							"post": {
								"vector": [-5, 0, 0]
							},
							"lerp_mode": "catmullrom"
						}
					},
					"scale": {
						"0.0": {
							"post": {
								"vector": [1, 1, 1]
							},
							"lerp_mode": "catmullrom"
						}
					}
				},
				"Left_leg_down": {
					"rotation": {
						"0.0": {
							"post": {
								"vector": [7.5, 0, 0]
							},
							"lerp_mode": "catmullrom"
						},
						"0.28": {
							"post": {
								"vector": [-27.5, 0, 0]
							},
							"lerp_mode": "catmullrom"
						},
						"0.56": {
							"post": {
								"vector": [17.5, 0, 0]
							},
							"lerp_mode": "catmullrom"
						},
						"0.84": {
							"post": {
								"vector": [50, 0, 0]
							},
							"lerp_mode": "catmullrom"
						},
						"1.12": {
							"post": {
								"vector": [7.5, 0, 0]
							},
							"lerp_mode": "catmullrom"
						}
					},
					"position": {
						"0.0": {
							"post": {
								"vector": [0, 0, 0]
							},
							"lerp_mode": "catmullrom"
						}
					},
					"scale": {
						"0.0": {
							"post": {
								"vector": [1, 1, 1]
							},
							"lerp_mode": "catmullrom"
						}
					}
				},
				"Left_leg_down2": {
					"rotation": {
						"0.0": {
							"post": {
								"vector": [0, 0, 0]
							},
							"lerp_mode": "catmullrom"
						},
						"0.28": {
							"post": {
								"vector": [-25, 0, 0]
							},
							"lerp_mode": "catmullrom"
						},
						"0.56": {
							"post": {
								"vector": [-30, 0, 0]
							},
							"lerp_mode": "catmullrom"
						},
						"0.84": {
							"post": {
								"vector": [5, 0, 0]
							},
							"lerp_mode": "catmullrom"
						},
						"1.12": {
							"post": {
								"vector": [0, 0, 0]
							},
							"lerp_mode": "catmullrom"
						}
					},
					"position": {
						"0.0": {
							"post": {
								"vector": [0, 0, 0]
							},
							"lerp_mode": "catmullrom"
						}
					},
					"scale": {
						"0.0": {
							"post": {
								"vector": [1, 1, 1]
							},
							"lerp_mode": "catmullrom"
						}
					}
				},
				"Left_foot": {
					"rotation": {
						"0.0": {
							"post": {
								"vector": [20, 0, 0]
							},
							"lerp_mode": "catmullrom"
						},
						"0.28": {
							"post": {
								"vector": [37.5, 0, 0]
							},
							"lerp_mode": "catmullrom"
						},
						"0.56": {
							"post": {
								"vector": [0, 0, 0]
							},
							"lerp_mode": "catmullrom"
						},
						"0.84": {
							"post": {
								"vector": [37.5, 0, 0]
							},
							"lerp_mode": "catmullrom"
						},
						"1.12": {
							"post": {
								"vector": [20, 0, 0]
							},
							"lerp_mode": "catmullrom"
						}
					}
				},
				"body_up": {
					"rotation": {
						"0.0": {
							"post": {
								"vector": [2.5, 0, 0]
							},
							"lerp_mode": "catmullrom"
						},
						"0.28": {
							"post": {
								"vector": [0, 0, 0]
							},
							"lerp_mode": "catmullrom"
						},
						"0.56": {
							"post": {
								"vector": [2.5, 0, 0]
							},
							"lerp_mode": "catmullrom"
						},
						"0.8": {
							"post": {
								"vector": [0, 0, 0]
							},
							"lerp_mode": "catmullrom"
						},
						"1.08": {
							"post": {
								"vector": [2.5, 0, 0]
							},
							"lerp_mode": "catmullrom"
						}
					}
				},
				"Left_arm_down": {
					"rotation": {
						"0.0": {
							"post": {
								"vector": [0, 0, 0]
							},
							"lerp_mode": "catmullrom"
						}
					}
				}
			}
		},
		"idle": {
			"loop": true,
			"animation_length": 2.6,
			"bones": {
				"Rake": {
					"position": {
						"0.0": {
							"post": {
								"vector": [0, 0, 0]
							},
							"lerp_mode": "catmullrom"
						},
						"1.24": {
							"post": {
								"vector": [0, -0.67, 0.5]
							},
							"lerp_mode": "catmullrom"
						},
						"2.6": {
							"post": {
								"vector": [0, 0, 0]
							},
							"lerp_mode": "catmullrom"
						}
					}
				},
				"Right_leg": {
					"rotation": {
						"0.0": {
							"post": {
								"vector": [0, 0, 0]
							},
							"lerp_mode": "catmullrom"
						},
						"1.24": {
							"post": {
								"vector": [-7.5, 0, 0]
							},
							"lerp_mode": "catmullrom"
						},
						"2.6": {
							"post": {
								"vector": [0, 0, 0]
							},
							"lerp_mode": "catmullrom"
						}
					}
				},
				"Right_leg_down2": {
					"rotation": {
						"0.0": {
							"post": {
								"vector": [0, 0, 0]
							},
							"lerp_mode": "catmullrom"
						}
					}
				},
				"Right_ankle": {
					"rotation": {
						"0.0": {
							"post": {
								"vector": [0, 0, 0]
							},
							"lerp_mode": "catmullrom"
						}
					}
				},
				"Right_foot": {
					"rotation": {
						"0.0": {
							"post": {
								"vector": [0, 0, 0]
							},
							"lerp_mode": "catmullrom"
						}
					}
				},
				"Left_leg": {
					"rotation": {
						"0.0": {
							"post": {
								"vector": [0, 0, 0]
							},
							"lerp_mode": "catmullrom"
						},
						"1.24": {
							"post": {
								"vector": [-7.5, 0, 0]
							},
							"lerp_mode": "catmullrom"
						},
						"2.6": {
							"post": {
								"vector": [0, 0, 0]
							},
							"lerp_mode": "catmullrom"
						}
					}
				},
				"Left_leg_down2": {
					"rotation": {
						"0.0": {
							"post": {
								"vector": [0, 0, 0]
							},
							"lerp_mode": "catmullrom"
						}
					}
				},
				"Left_ankle": {
					"rotation": {
						"0.0": {
							"post": {
								"vector": [0, 0, 0]
							},
							"lerp_mode": "catmullrom"
						}
					}
				},
				"Left_foot": {
					"rotation": {
						"0.0": {
							"post": {
								"vector": [0, 0, 0]
							},
							"lerp_mode": "catmullrom"
						}
					}
				},
				"body_up": {
					"rotation": {
						"0.0": {
							"post": {
								"vector": [0, 0, 0]
							},
							"lerp_mode": "catmullrom"
						},
						"1.28": {
							"post": {
								"vector": [5, 0, 0]
							},
							"lerp_mode": "catmullrom"
						},
						"2.6": {
							"post": {
								"vector": [0, 0, 0]
							},
							"lerp_mode": "catmullrom"
						}
					}
				},
				"body_up2": {
					"rotation": {
						"0.0": {
							"post": {
								"vector": [0, 0, 0]
							},
							"lerp_mode": "catmullrom"
						}
					},
					"position": {
						"0.0": {
							"post": {
								"vector": [0, 0, 0]
							},
							"lerp_mode": "catmullrom"
						}
					}
				},
				"Head": {
					"rotation": {
						"0.0": {
							"post": {
								"vector": [0, 0, 0]
							},
							"lerp_mode": "catmullrom"
						}
					},
					"position": {
						"0.0": {
							"post": {
								"vector": [0, 0, 0]
							},
							"lerp_mode": "catmullrom"
						}
					}
				},
				"tongue": {
					"rotation": {
						"0.0": {
							"post": {
								"vector": [0, 0, 0]
							},
							"lerp_mode": "catmullrom"
						}
					}
				},
				"bone14": {
					"rotation": {
						"0.0": {
							"post": {
								"vector": [0, 0, 0]
							},
							"lerp_mode": "catmullrom"
						}
					}
				},
				"bone15": {
					"rotation": {
						"0.0": {
							"post": {
								"vector": [0, 0, 0]
							},
							"lerp_mode": "catmullrom"
						}
					}
				},
				"Right_arm": {
					"rotation": {
						"0.0": {
							"post": {
								"vector": [0, 0, 0]
							},
							"lerp_mode": "catmullrom"
						},
						"1.36": {
							"post": {
								"vector": [-5, 0, 0]
							},
							"lerp_mode": "catmullrom"
						},
						"2.6": {
							"post": {
								"vector": [0, 0, 0]
							},
							"lerp_mode": "catmullrom"
						}
					},
					"position": {
						"0.0": {
							"post": {
								"vector": [0, 0, 0]
							},
							"lerp_mode": "catmullrom"
						}
					}
				},
				"Right_arm_down": {
					"rotation": {
						"0.0": {
							"post": {
								"vector": [0, 0, 0]
							},
							"lerp_mode": "catmullrom"
						},
						"1.4": {
							"post": {
								"vector": [-5, 0, 0]
							},
							"lerp_mode": "catmullrom"
						},
						"2.6": {
							"post": {
								"vector": [0, 0, 0]
							},
							"lerp_mode": "catmullrom"
						}
					}
				},
				"bone37": {
					"rotation": {
						"0.0": {
							"post": {
								"vector": [0, 0, 0]
							},
							"lerp_mode": "catmullrom"
						}
					}
				},
				"Left_arm": {
					"rotation": {
						"0.0": {
							"post": {
								"vector": [0, 0, 0]
							},
							"lerp_mode": "catmullrom"
						},
						"1.36": {
							"post": {
								"vector": [-5, 0, 0]
							},
							"lerp_mode": "catmullrom"
						},
						"2.6": {
							"post": {
								"vector": [0, 0, 0]
							},
							"lerp_mode": "catmullrom"
						}
					}
				},
				"Left_arm_down": {
					"rotation": {
						"0.0": {
							"post": {
								"vector": [0, 0, 0]
							},
							"lerp_mode": "catmullrom"
						},
						"1.4": {
							"post": {
								"vector": [-7.5, 0, 0]
							},
							"lerp_mode": "catmullrom"
						},
						"2.6": {
							"post": {
								"vector": [0, 0, 0]
							},
							"lerp_mode": "catmullrom"
						}
					}
				},
				"bone9": {
					"rotation": {
						"0.0": {
							"post": {
								"vector": [0, 0, 0]
							},
							"lerp_mode": "catmullrom"
						}
					}
				},
				"tale": {
					"rotation": {
						"0.0": {
							"post": {
								"vector": [0, 8, 0]
							},
							"lerp_mode": "catmullrom"
						},
						"1.04": {
							"post": {
								"vector": [0, -12, 0]
							},
							"lerp_mode": "catmullrom"
						},
						"2.6": {
							"post": {
								"vector": [0, 8, 0]
							},
							"lerp_mode": "catmullrom"
						}
					}
				},
				"bone17": {
					"rotation": {
						"0.0": {
							"post": {
								"vector": [0, 8, 0]
							},
							"lerp_mode": "catmullrom"
						},
						"1.16": {
							"post": {
								"vector": [0, -14.5, 0]
							},
							"lerp_mode": "catmullrom"
						},
						"2.6": {
							"post": {
								"vector": [0, 8, 0]
							},
							"lerp_mode": "catmullrom"
						}
					}
				},
				"bone18": {
					"rotation": {
						"0.0": {
							"post": {
								"vector": [0, 8, 0]
							},
							"lerp_mode": "catmullrom"
						},
						"1.28": {
							"post": {
								"vector": [0, -17, 0]
							},
							"lerp_mode": "catmullrom"
						},
						"2.6": {
							"post": {
								"vector": [0, 8, 0]
							},
							"lerp_mode": "catmullrom"
						}
					}
				},
				"bone19": {
					"rotation": {
						"0.0": {
							"post": {
								"vector": [0, 8, 0]
							},
							"lerp_mode": "catmullrom"
						},
						"1.4": {
							"post": {
								"vector": [0, -14.5, 0]
							},
							"lerp_mode": "catmullrom"
						},
						"2.6": {
							"post": {
								"vector": [0, 8, 0]
							},
							"lerp_mode": "catmullrom"
						}
					}
				},
				"bone20": {
					"rotation": {
						"0.0": {
							"post": {
								"vector": [0, 8, 0]
							},
							"lerp_mode": "catmullrom"
						},
						"1.56": {
							"post": {
								"vector": [0, -9.5, 0]
							},
							"lerp_mode": "catmullrom"
						},
						"2.6": {
							"post": {
								"vector": [0, 8, 0]
							},
							"lerp_mode": "catmullrom"
						}
					}
				},
				"head2": {
					"rotation": {
						"0.0": {
							"post": {
								"vector": ["query.head_pitch", "query.head_yaw", 0]
							},
							"lerp_mode": "catmullrom"
						}
					}
				},
				"Right_leg_down": {
					"rotation": {
						"0.0": {
							"post": {
								"vector": [0, 0, 0]
							},
							"lerp_mode": "catmullrom"
						},
						"1.24": {
							"post": {
								"vector": [10, 0, 0]
							},
							"lerp_mode": "catmullrom"
						},
						"2.6": {
							"post": {
								"vector": [0, 0, 0]
							},
							"lerp_mode": "catmullrom"
						}
					}
				},
				"Left_leg_down": {
					"rotation": {
						"0.0": {
							"post": {
								"vector": [0, 0, 0]
							},
							"lerp_mode": "catmullrom"
						},
						"1.24": {
							"post": {
								"vector": [10, 0, 0]
							},
							"lerp_mode": "catmullrom"
						},
						"2.6": {
							"post": {
								"vector": [0, 0, 0]
							},
							"lerp_mode": "catmullrom"
						}
					}
				},
				"Body": {
					"rotation": {
						"0.0": {
							"post": {
								"vector": [0, 0, 0]
							},
							"lerp_mode": "catmullrom"
						},
						"1.04": {
							"post": {
								"vector": [2.5, 0, 0]
							},
							"lerp_mode": "catmullrom"
						},
						"2.6": {
							"post": {
								"vector": [0, 0, 0]
							},
							"lerp_mode": "catmullrom"
						}
					}
				},
				"Right_arm2": {
					"rotation": {
						"0.0": {
							"post": {
								"vector": [0, 0, 0]
							},
							"lerp_mode": "catmullrom"
						},
						"2.6": {
							"post": {
								"vector": [0, 0, 0]
							},
							"lerp_mode": "catmullrom"
						}
					}
				}
			}
		},
		"hurt": {
			"animation_length": 0.48,
			"bones": {
				"body_up": {
					"rotation": {
						"0.0": {
							"vector": [0, 0, 0]
						},
						"0.24": {
							"vector": [-27.5, 0, 0]
						},
						"0.48": {
							"vector": [0, 0, 0]
						}
					},
					"position": {
						"0.0": {
							"vector": [0, 0, 0]
						},
						"0.24": {
							"vector": [0, -1, 0]
						},
						"0.48": {
							"vector": [0, 0, 0]
						}
					}
				},
				"body_up2": {
					"rotation": {
						"0.0": {
							"vector": [0, 0, 0]
						},
						"0.24": {
							"vector": [-25, 17.5, 0]
						},
						"0.48": {
							"vector": [0, 0, 0]
						}
					},
					"position": {
						"0.0": {
							"vector": [0, 0, 0]
						},
						"0.24": {
							"vector": [0, -0.9763, 0.21644]
						},
						"0.48": {
							"vector": [0, 0, 0]
						}
					}
				},
				"head2": {
					"rotation": {
						"0.0": {
							"vector": [0, 0, 0]
						},
						"0.12": {
							"vector": [-50, 0, -45]
						},
						"0.24": {
							"vector": [-20, 0, -20]
						},
						"0.48": {
							"vector": [0, 0, 0]
						}
					}
				},
				"tongue": {
					"rotation": {
						"0.0": {
							"vector": [0, 0, 0]
						},
						"0.24": {
							"vector": [-40, 32.5, 0]
						},
						"0.48": {
							"vector": [0, 0, 0]
						}
					}
				},
				"bone14": {
					"rotation": {
						"0.0": {
							"vector": [0, 0, 0]
						},
						"0.24": {
							"vector": [-32.5, 0, 25]
						},
						"0.48": {
							"vector": [0, 0, 0]
						}
					}
				},
				"bone15": {
					"rotation": {
						"0.0": {
							"vector": [0, 0, 0]
						},
						"0.24": {
							"vector": [-57.5, 30, 0]
						},
						"0.48": {
							"vector": [0, 0, 0]
						}
					}
				},
				"Right_arm": {
					"rotation": {
						"0.0": {
							"vector": [0, 0, 0]
						},
						"0.24": {
							"vector": [0, 95, 0]
						},
						"0.48": {
							"vector": [0, 0, 0]
						}
					}
				},
				"Right_arm_down": {
					"rotation": {
						"0.0": {
							"vector": [0, 0, 0]
						},
						"0.24": {
							"vector": [-47.5, 0, 0]
						},
						"0.48": {
							"vector": [0, 0, 0]
						}
					}
				},
				"bone37": {
					"rotation": {
						"0.0": {
							"vector": [0, 0, 0]
						},
						"0.16": {
							"vector": [0, -37.5, 0]
						},
						"0.32": {
							"vector": [0, 28.75, 0]
						},
						"0.48": {
							"vector": [0, 0, 0]
						}
					}
				},
				"Left_arm": {
					"rotation": {
						"0.0": {
							"vector": [0, 0, 0]
						},
						"0.24": {
							"vector": [0, -95, 0]
						},
						"0.48": {
							"vector": [0, 0, 0]
						}
					}
				},
				"Left_arm_down": {
					"rotation": {
						"0.0": {
							"vector": [0, 0, 0]
						},
						"0.24": {
							"vector": [-47.5, 0, 0]
						},
						"0.48": {
							"vector": [0, 0, 0]
						}
					}
				},
				"bone9": {
					"rotation": {
						"0.0": {
							"vector": [0, 0, 0]
						},
						"0.16": {
							"vector": [0, -37.5, 0]
						},
						"0.32": {
							"vector": [0, 28.75, 0]
						},
						"0.48": {
							"vector": [0, 0, 0]
						}
					}
				},
				"tale": {
					"rotation": {
						"0.0": {
							"vector": [0, 0, 0]
						},
						"0.24": {
							"vector": [32.5, -35, 0]
						},
						"0.48": {
							"vector": [0, 0, 0]
						}
					}
				},
				"bone17": {
					"rotation": {
						"0.0": {
							"vector": [0, 0, 0]
						},
						"0.24": {
							"vector": [0, -15, 0]
						},
						"0.48": {
							"vector": [0, 0, 0]
						}
					}
				},
				"bone18": {
					"rotation": {
						"0.0": {
							"vector": [0, 0, 0]
						},
						"0.24": {
							"vector": [0, -15, 0]
						},
						"0.48": {
							"vector": [0, 0, 0]
						}
					}
				},
				"bone19": {
					"rotation": {
						"0.0": {
							"vector": [0, 0, 0]
						},
						"0.24": {
							"vector": [0, -10, 0]
						},
						"0.48": {
							"vector": [0, 0, 0]
						}
					}
				},
				"bone20": {
					"rotation": {
						"0.0": {
							"vector": [0, 0, 0]
						},
						"0.24": {
							"vector": [0, -10, 0]
						},
						"0.48": {
							"vector": [0, 0, 0]
						}
					}
				}
			}
		},
		"swipe": {
			"animation_length": 0.48,
			"bones": {
				"body_up": {
					"rotation": {
						"0.0": {
							"vector": [0, 0, 0]
						},
						"0.16": {
							"vector": [-40, 0, 0]
						},
						"0.32": {
							"vector": [30, 0, 0]
						},
						"0.48": {
							"vector": [0, 0, 0]
						}
					},
					"position": {
						"0.0": {
							"vector": [0, 0, 0]
						},
						"0.16": {
							"vector": [0, -1.5, 0]
						},
						"0.48": {
							"vector": [0, 0, 0]
						}
					}
				},
				"body_up2": {
					"rotation": {
						"0.0": {
							"vector": [0, 0, 0]
						},
						"0.16": {
							"vector": [-42.5, 0, 0]
						},
						"0.32": {
							"vector": [-50, 0, 0]
						},
						"0.48": {
							"vector": [0, 0, 0]
						}
					},
					"position": {
						"0.0": {
							"vector": [0, 0, 0]
						},
						"0.16": {
							"vector": [0, -1.78208, -0.27238]
						},
						"0.32": {
							"vector": [0, -1.62806, -0.74241]
						},
						"0.48": {
							"vector": [0, 0, 0]
						}
					}
				},
				"Head": {
					"rotation": {
						"0.0": {
							"vector": [0, 0, 0]
						},
						"0.16": {
							"vector": [-70, 0, 0]
						},
						"0.32": {
							"vector": [-50, 0, 0]
						},
						"0.48": {
							"vector": [0, 0, 0]
						}
					},
					"position": {
						"0.0": {
							"vector": [0, 0, 0]
						},
						"0.16": {
							"vector": [0, -1.92836, 2.29813]
						},
						"0.48": {
							"vector": [0, 0, 0]
						}
					}
				},
				"head2": {
					"rotation": {
						"0.0": {
							"vector": [0, 0, 0]
						},
						"0.16": {
							"vector": [-57.5, 0, 0]
						},
						"0.32": {
							"vector": [-41.25, 0, 0]
						},
						"0.4": {
							"vector": [26.88, 0, 0]
						},
						"0.48": {
							"vector": [0, 0, 0]
						}
					}
				},
				"tongue": {
					"rotation": {
						"0.0": {
							"vector": [0, 0, 0]
						},
						"0.16": {
							"vector": [-37.5, 0, 0]
						},
						"0.48": {
							"vector": [0, 0, 0]
						}
					}
				},
				"bone14": {
					"rotation": {
						"0.0": {
							"vector": [0, 0, 0]
						},
						"0.16": {
							"vector": [-42.5, 0, 0]
						},
						"0.32": {
							"vector": [-53.75, 0, 0]
						},
						"0.48": {
							"vector": [0, 0, 0]
						}
					}
				},
				"bone15": {
					"rotation": {
						"0.0": {
							"vector": [0, 0, 0]
						},
						"0.16": {
							"vector": [-52.5, 0, 0]
						},
						"0.32": {
							"vector": [-61.25, 0, 0]
						},
						"0.48": {
							"vector": [0, 0, 0]
						}
					}
				},
				"Right_arm": {
					"rotation": {
						"0.0": {
							"vector": [0, 0, 0]
						},
						"0.16": {
							"vector": [-117.5, 0, -50]
						},
						"0.32": {
							"vector": [1.25, 0, 0]
						},
						"0.48": {
							"vector": [0, 0, 0]
						}
					}
				},
				"bone37": {
					"rotation": {
						"0.0": {
							"vector": [0, 0, 0]
						},
						"0.32": {
							"vector": [0, 22.5, 0]
						},
						"0.48": {
							"vector": [0, 0, 0]
						}
					}
				},
				"Left_arm": {
					"rotation": {
						"0.0": {
							"vector": [0, 0, 0]
						},
						"0.16": {
							"vector": [-125, 0, 52.5]
						},
						"0.32": {
							"vector": [-2.5, 0, 0]
						},
						"0.48": {
							"vector": [0, 0, 0]
						}
					}
				},
				"bone9": {
					"rotation": {
						"0.0": {
							"vector": [0, 0, 0]
						},
						"0.32": {
							"vector": [0, -12.5, 0]
						},
						"0.48": {
							"vector": [0, 0, 0]
						}
					}
				},
				"tale": {
					"rotation": {
						"0.0": {
							"vector": [0, 0, 0]
						},
						"0.12": {
							"vector": [0, 0, -20]
						},
						"0.32": {
							"vector": [0, 0, 21.11]
						},
						"0.48": {
							"vector": [0, 0, 0]
						}
					}
				},
				"bone17": {
					"rotation": {
						"0.0": {
							"vector": [0, 0, 0]
						},
						"0.24": {
							"vector": [0, -17.5, 0]
						},
						"0.48": {
							"vector": [0, 0, 0]
						}
					},
					"position": {
						"vector": [0, 0, 0]
					}
				},
				"bone18": {
					"rotation": {
						"0.0": {
							"vector": [0, 0, 0]
						},
						"0.24": {
							"vector": [0, -17.5, 0]
						},
						"0.48": {
							"vector": [0, 0, 0]
						}
					}
				}
			}
		},
		"crouching": {
			"loop": true,
			"animation_length": 2.08,
			"bones": {
				"Rake": {
					"rotation": {
						"0.0": {
							"post": {
								"vector": [0, 0, 2.5]
							},
							"lerp_mode": "catmullrom"
						}
					},
					"position": {
						"0.0": {
							"post": {
								"vector": [0, -0.7, 0]
							},
							"lerp_mode": "catmullrom"
						},
						"0.44": {
							"post": {
								"vector": [0, 2.5, 0]
							},
							"lerp_mode": "catmullrom"
						},
						"0.96": {
							"post": {
								"vector": [0, -1.2, 0]
							},
							"lerp_mode": "catmullrom"
						},
						"1.48": {
							"post": {
								"vector": [0, 1.2, 0]
							},
							"lerp_mode": "catmullrom"
						},
						"2.08": {
							"post": {
								"vector": [0, -0.7, 0]
							},
							"lerp_mode": "catmullrom"
						}
					}
				},
				"Right_leg": {
					"rotation": {
						"0.0": {
							"post": {
								"vector": [26.90761, 3.86098, 3.01464]
							},
							"lerp_mode": "catmullrom"
						},
						"0.44": {
							"post": {
								"vector": [-28.12107, 3.63053, 2.6942]
							},
							"lerp_mode": "catmullrom"
						},
						"0.96": {
							"post": {
								"vector": [-26.62692, 3.75126, -1.59283]
							},
							"lerp_mode": "catmullrom"
						},
						"1.48": {
							"post": {
								"vector": [0.87308, 3.75126, -1.59283]
							},
							"lerp_mode": "catmullrom"
						},
						"2.08": {
							"post": {
								"vector": [26.90761, 3.86098, 3.01464]
							},
							"lerp_mode": "catmullrom"
						}
					}
				},
				"Right_leg_down2": {
					"rotation": {
						"0.0": {
							"post": {
								"vector": [-20, 0, 0]
							},
							"lerp_mode": "catmullrom"
						},
						"0.44": {
							"post": {
								"vector": [0, 0, 0]
							},
							"lerp_mode": "catmullrom"
						},
						"0.96": {
							"post": {
								"vector": [20, 0, 0]
							},
							"lerp_mode": "catmullrom"
						},
						"1.48": {
							"post": {
								"vector": [-12.5, 0, 0]
							},
							"lerp_mode": "catmullrom"
						},
						"2.08": {
							"post": {
								"vector": [-20, 0, 0]
							},
							"lerp_mode": "catmullrom"
						}
					}
				},
				"Right_ankle": {
					"rotation": {
						"0.0": {
							"post": {
								"vector": [0, 0, 0]
							},
							"lerp_mode": "catmullrom"
						}
					}
				},
				"Right_foot": {
					"rotation": {
						"0.0": {
							"post": {
								"vector": [0, 0, 0]
							},
							"lerp_mode": "catmullrom"
						},
						"0.44": {
							"post": {
								"vector": [25, 0, 0]
							},
							"lerp_mode": "catmullrom"
						},
						"0.96": {
							"post": {
								"vector": [2.5, 0, 0]
							},
							"lerp_mode": "catmullrom"
						},
						"1.48": {
							"post": {
								"vector": [15, 0, 0]
							},
							"lerp_mode": "catmullrom"
						},
						"2.08": {
							"post": {
								"vector": [0, 0, 0]
							},
							"lerp_mode": "catmullrom"
						}
					}
				},
				"Left_leg": {
					"rotation": {
						"0.0": {
							"post": {
								"vector": [-26.62274, -5.25507, -1.91004]
							},
							"lerp_mode": "catmullrom"
						},
						"0.44": {
							"post": {
								"vector": [15.87726, -5.25507, -1.91004]
							},
							"lerp_mode": "catmullrom"
						},
						"0.96": {
							"post": {
								"vector": [17.46485, -5.50002, -5.26338]
							},
							"lerp_mode": "catmullrom"
						},
						"1.48": {
							"post": {
								"vector": [-20.03515, -5.50002, -5.26338]
							},
							"lerp_mode": "catmullrom"
						},
						"2.08": {
							"post": {
								"vector": [-26.62274, -5.25507, -1.91004]
							},
							"lerp_mode": "catmullrom"
						}
					}
				},
				"Body": {
					"rotation": {
						"0.0": {
							"post": {
								"vector": [27.50673, -4.88622, -7.71603]
							},
							"lerp_mode": "catmullrom"
						},
						"0.44": {
							"post": {
								"vector": [35.0067, 0, 0]
							},
							"lerp_mode": "catmullrom"
						},
						"0.96": {
							"post": {
								"vector": [27.50673, 4.8862, 7.716]
							},
							"lerp_mode": "catmullrom"
						},
						"1.48": {
							"post": {
								"vector": [35.0067, 0, 0]
							},
							"lerp_mode": "catmullrom"
						},
						"2.08": {
							"post": {
								"vector": [27.50673, -4.88622, -7.71603]
							},
							"lerp_mode": "catmullrom"
						}
					}
				},
				"body_up2": {
					"rotation": {
						"0.0": {
							"post": {
								"vector": [0, 0, 0]
							},
							"lerp_mode": "catmullrom"
						}
					}
				},
				"Right_arm": {
					"rotation": {
						"0.0": {
							"post": {
								"vector": [-40, 0, 12.5]
							},
							"lerp_mode": "catmullrom"
						},
						"1.04": {
							"post": {
								"vector": [12.5, 0, 0]
							},
							"lerp_mode": "catmullrom"
						},
						"2.08": {
							"post": {
								"vector": [-40, 0, 12.5]
							},
							"lerp_mode": "catmullrom"
						}
					}
				},
				"bone37": {
					"rotation": {
						"0.0": {
							"post": {
								"vector": [0, 0, 0]
							},
							"lerp_mode": "catmullrom"
						}
					}
				},
				"Left_arm": {
					"rotation": {
						"0.0": {
							"post": {
								"vector": [12.5, 0, 0]
							},
							"lerp_mode": "catmullrom"
						},
						"1.04": {
							"post": {
								"vector": [-35, 0, -12.5]
							},
							"lerp_mode": "catmullrom"
						},
						"2.08": {
							"post": {
								"vector": [12.5, 0, 0]
							},
							"lerp_mode": "catmullrom"
						}
					}
				},
				"bone9": {
					"rotation": {
						"0.0": {
							"post": {
								"vector": [0, 0, 0]
							},
							"lerp_mode": "catmullrom"
						}
					}
				},
				"tongue": {
					"rotation": {
						"0.0": {
							"post": {
								"vector": [0, -17.5, 0]
							},
							"lerp_mode": "catmullrom"
						},
						"0.28": {
							"post": {
								"vector": [0, 5.16, 0]
							},
							"lerp_mode": "catmullrom"
						},
						"0.56": {
							"post": {
								"vector": [0, 5, 0]
							},
							"lerp_mode": "catmullrom"
						},
						"0.88": {
							"post": {
								"vector": [0, -10.76, 0]
							},
							"lerp_mode": "catmullrom"
						},
						"1.12": {
							"post": {
								"vector": [0, -17.5, 0]
							},
							"lerp_mode": "catmullrom"
						}
					}
				},
				"bone14": {
					"rotation": {
						"0.0": {
							"post": {
								"vector": [0, 12.5, 0]
							},
							"lerp_mode": "catmullrom"
						},
						"0.28": {
							"post": {
								"vector": [-7.5, 17.11197, 0]
							},
							"lerp_mode": "catmullrom"
						},
						"0.52": {
							"post": {
								"vector": [0, 20, 0]
							},
							"lerp_mode": "catmullrom"
						},
						"0.84": {
							"post": {
								"vector": [-7.06444, 16.1055, 0]
							},
							"lerp_mode": "catmullrom"
						},
						"1.12": {
							"post": {
								"vector": [0, 12.5, 0]
							},
							"lerp_mode": "catmullrom"
						}
					}
				},
				"bone15": {
					"rotation": {
						"0.0": {
							"post": {
								"vector": [0, 0, 0]
							},
							"lerp_mode": "catmullrom"
						}
					}
				},
				"tale": {
					"rotation": {
						"0.0": {
							"post": {
								"vector": [0, 30, 0]
							},
							"lerp_mode": "catmullrom"
						},
						"1.04": {
							"post": {
								"vector": [-3.79462, -7.43379, 4.64142]
							},
							"lerp_mode": "catmullrom"
						},
						"2.08": {
							"post": {
								"vector": [0, 30, 0]
							},
							"lerp_mode": "catmullrom"
						}
					}
				},
				"bone17": {
					"rotation": {
						"0.0": {
							"post": {
								"vector": [0, 10, 0]
							},
							"lerp_mode": "catmullrom"
						},
						"1.16": {
							"post": {
								"vector": [0, -7.5, 0]
							},
							"lerp_mode": "catmullrom"
						},
						"2.08": {
							"post": {
								"vector": [0, 10, 0]
							},
							"lerp_mode": "catmullrom"
						}
					}
				},
				"bone18": {
					"rotation": {
						"0.0": {
							"post": {
								"vector": [0, 12.5, 0]
							},
							"lerp_mode": "catmullrom"
						},
						"1.24": {
							"post": {
								"vector": [0, -17.5, 0]
							},
							"lerp_mode": "catmullrom"
						},
						"2.08": {
							"post": {
								"vector": [0, 12.5, 0]
							},
							"lerp_mode": "catmullrom"
						}
					}
				},
				"bone19": {
					"rotation": {
						"0.0": {
							"post": {
								"vector": [0, 5, 0]
							},
							"lerp_mode": "catmullrom"
						},
						"1.32": {
							"post": {
								"vector": [0, -5, 0]
							},
							"lerp_mode": "catmullrom"
						},
						"2.08": {
							"post": {
								"vector": [0, 5, 0]
							},
							"lerp_mode": "catmullrom"
						}
					}
				},
				"bone20": {
					"rotation": {
						"0.0": {
							"post": {
								"vector": [0, 15, 0]
							},
							"lerp_mode": "catmullrom"
						},
						"1.36": {
							"post": {
								"vector": [0, -5, 0]
							},
							"lerp_mode": "catmullrom"
						},
						"2.08": {
							"post": {
								"vector": [0, 15, 0]
							},
							"lerp_mode": "catmullrom"
						}
					}
				},
				"Right_leg_down": {
					"rotation": {
						"0.0": {
							"post": {
								"vector": [-5, 0, 0]
							},
							"lerp_mode": "catmullrom"
						},
						"0.44": {
							"post": {
								"vector": [52.5, 0, 0]
							},
							"lerp_mode": "catmullrom"
						},
						"0.96": {
							"post": {
								"vector": [0, 0, 0]
							},
							"lerp_mode": "catmullrom"
						},
						"1.48": {
							"post": {
								"vector": [-5, 0, 0]
							},
							"lerp_mode": "catmullrom"
						},
						"2.08": {
							"post": {
								"vector": [-5, 0, 0]
							},
							"lerp_mode": "catmullrom"
						}
					},
					"scale": {
						"0.0": {
							"post": {
								"vector": [1, 1, 1]
							},
							"lerp_mode": "catmullrom"
						}
					}
				},
				"Left_leg_down": {
					"rotation": {
						"0.0": {
							"post": {
								"vector": [7.5, 0, 0]
							},
							"lerp_mode": "catmullrom"
						},
						"0.44": {
							"post": {
								"vector": [-27.5, 0, 0]
							},
							"lerp_mode": "catmullrom"
						},
						"0.96": {
							"post": {
								"vector": [17.5, 0, 0]
							},
							"lerp_mode": "catmullrom"
						},
						"1.48": {
							"post": {
								"vector": [50, 0, 0]
							},
							"lerp_mode": "catmullrom"
						},
						"2.08": {
							"post": {
								"vector": [7.5, 0, 0]
							},
							"lerp_mode": "catmullrom"
						}
					},
					"position": {
						"0.0": {
							"post": {
								"vector": [0, 0, 0]
							},
							"lerp_mode": "catmullrom"
						}
					},
					"scale": {
						"0.0": {
							"post": {
								"vector": [1, 1, 1]
							},
							"lerp_mode": "catmullrom"
						}
					}
				},
				"Left_leg_down2": {
					"rotation": {
						"0.0": {
							"post": {
								"vector": [0, 0, 0]
							},
							"lerp_mode": "catmullrom"
						},
						"0.28": {
							"post": {
								"vector": [-25, 0, 0]
							},
							"lerp_mode": "catmullrom"
						},
						"0.56": {
							"post": {
								"vector": [-30, 0, 0]
							},
							"lerp_mode": "catmullrom"
						},
						"0.84": {
							"post": {
								"vector": [5, 0, 0]
							},
							"lerp_mode": "catmullrom"
						},
						"1.12": {
							"post": {
								"vector": [0, 0, 0]
							},
							"lerp_mode": "catmullrom"
						}
					},
					"position": {
						"0.0": {
							"post": {
								"vector": [0, 0, 0]
							},
							"lerp_mode": "catmullrom"
						}
					},
					"scale": {
						"0.0": {
							"post": {
								"vector": [1, 1, 1]
							},
							"lerp_mode": "catmullrom"
						}
					}
				},
				"Left_foot": {
					"rotation": {
						"0.0": {
							"post": {
								"vector": [20, 0, 0]
							},
							"lerp_mode": "catmullrom"
						},
						"0.44": {
							"post": {
								"vector": [37.5, 0, 0]
							},
							"lerp_mode": "catmullrom"
						},
						"0.96": {
							"post": {
								"vector": [0, 0, 0]
							},
							"lerp_mode": "catmullrom"
						},
						"1.48": {
							"post": {
								"vector": [37.5, 0, 0]
							},
							"lerp_mode": "catmullrom"
						},
						"2.08": {
							"post": {
								"vector": [20, 0, 0]
							},
							"lerp_mode": "catmullrom"
						}
					}
				},
				"body_up": {
					"rotation": {
						"0.0": {
							"post": {
								"vector": [2.5, 0, 0]
							},
							"lerp_mode": "catmullrom"
						},
						"0.28": {
							"post": {
								"vector": [0, 0, 0]
							},
							"lerp_mode": "catmullrom"
						},
						"0.56": {
							"post": {
								"vector": [2.5, 0, 0]
							},
							"lerp_mode": "catmullrom"
						},
						"0.8": {
							"post": {
								"vector": [0, 0, 0]
							},
							"lerp_mode": "catmullrom"
						},
						"1.08": {
							"post": {
								"vector": [2.5, 0, 0]
							},
							"lerp_mode": "catmullrom"
						}
					}
				},
				"Left_arm_down": {
					"rotation": {
						"0.0": {
							"post": {
								"vector": [0, 0, 0]
							},
							"lerp_mode": "catmullrom"
						}
					}
				}
			}
		},
		"crouching_idle": {
			"loop": true,
			"animation_length": 2.08,
			"bones": {
				"Rake": {
					"rotation": {
						"0.0": {
							"post": {
								"vector": [0, 0, 0]
							},
							"lerp_mode": "catmullrom"
						}
					},
					"position": {
						"0.0": {
							"post": {
								"vector": [0, 0, 0]
							},
							"lerp_mode": "catmullrom"
						},
						"1.04": {
							"post": {
								"vector": [0, -0.67, 0.5]
							},
							"lerp_mode": "catmullrom"
						},
						"2.08": {
							"post": {
								"vector": [0, 0, 0]
							},
							"lerp_mode": "catmullrom"
						}
					}
				},
				"Right_leg": {
					"rotation": {
						"0.0": {
							"post": {
								"vector": [0, 0, 0]
							},
							"lerp_mode": "catmullrom"
						},
						"1.04": {
							"post": {
								"vector": [-7.5, 0, 0]
							},
							"lerp_mode": "catmullrom"
						},
						"2.08": {
							"post": {
								"vector": [0, 0, 0]
							},
							"lerp_mode": "catmullrom"
						}
					}
				},
				"Right_ankle": {
					"rotation": {
						"0.0": {
							"post": {
								"vector": [0, 0, 0]
							},
							"lerp_mode": "catmullrom"
						}
					}
				},
				"Left_leg": {
					"rotation": {
						"0.0": {
							"post": {
								"vector": [0, 0, 0]
							},
							"lerp_mode": "catmullrom"
						},
						"1.04": {
							"post": {
								"vector": [-7.5, 0, 0]
							},
							"lerp_mode": "catmullrom"
						},
						"2.08": {
							"post": {
								"vector": [0, 0, 0]
							},
							"lerp_mode": "catmullrom"
						}
					}
				},
				"Body": {
					"rotation": {
						"0.0": {
							"post": {
								"vector": [35.0067, 0, 0]
							},
							"lerp_mode": "catmullrom"
						}
					}
				},
				"body_up2": {
					"rotation": {
						"0.0": {
							"post": {
								"vector": [0, 0, 0]
							},
							"lerp_mode": "catmullrom"
						}
					}
				},
				"Right_arm": {
					"rotation": {
						"0.0": {
							"post": {
								"vector": [-13.27356, 4.6377, 0.43787]
							},
							"lerp_mode": "catmullrom"
						},
						"1.04": {
							"post": {
								"vector": [-23.27356, 4.6377, 0.43787]
							},
							"lerp_mode": "catmullrom"
						},
						"2.08": {
							"post": {
								"vector": [-13.27356, 4.6377, 0.43787]
							},
							"lerp_mode": "catmullrom"
						}
					}
				},
				"bone37": {
					"rotation": {
						"0.0": {
							"post": {
								"vector": [0, 0, 0]
							},
							"lerp_mode": "catmullrom"
						}
					}
				},
				"Left_arm": {
					"rotation": {
						"0.0": {
							"post": {
								"vector": [-13.91607, -5.72269, -7.44783]
							},
							"lerp_mode": "catmullrom"
						},
						"1.04": {
							"post": {
								"vector": [-23.91607, -5.72269, -7.44783]
							},
							"lerp_mode": "catmullrom"
						},
						"2.08": {
							"post": {
								"vector": [-13.91607, -5.72269, -7.44783]
							},
							"lerp_mode": "catmullrom"
						}
					}
				},
				"bone9": {
					"rotation": {
						"0.0": {
							"post": {
								"vector": [0, 0, 0]
							},
							"lerp_mode": "catmullrom"
						}
					}
				},
				"tongue": {
					"rotation": {
						"0.0": {
							"post": {
								"vector": [0, -17.5, 0]
							},
							"lerp_mode": "catmullrom"
						},
						"0.52": {
							"post": {
								"vector": [0, 5.16, 0]
							},
							"lerp_mode": "catmullrom"
						},
						"1.04": {
							"post": {
								"vector": [0, 5, 0]
							},
							"lerp_mode": "catmullrom"
						},
						"1.56": {
							"post": {
								"vector": [0, -10.76, 0]
							},
							"lerp_mode": "catmullrom"
						},
						"2.08": {
							"post": {
								"vector": [0, -17.5, 0]
							},
							"lerp_mode": "catmullrom"
						}
					}
				},
				"bone14": {
					"rotation": {
						"0.0": {
							"post": {
								"vector": [0, 12.5, 0]
							},
							"lerp_mode": "catmullrom"
						},
						"0.28": {
							"post": {
								"vector": [-7.5, 17.11197, 0]
							},
							"lerp_mode": "catmullrom"
						},
						"0.52": {
							"post": {
								"vector": [0, 20, 0]
							},
							"lerp_mode": "catmullrom"
						},
						"0.84": {
							"post": {
								"vector": [-7.06444, 16.1055, 0]
							},
							"lerp_mode": "catmullrom"
						},
						"1.12": {
							"post": {
								"vector": [0, 12.5, 0]
							},
							"lerp_mode": "catmullrom"
						}
					}
				},
				"bone15": {
					"rotation": {
						"0.0": {
							"post": {
								"vector": [0, 0, 0]
							},
							"lerp_mode": "catmullrom"
						}
					}
				},
				"tale": {
					"rotation": {
						"0.0": {
							"post": {
								"vector": [0, 30, 0]
							},
							"lerp_mode": "catmullrom"
						},
						"1.04": {
							"post": {
								"vector": [-3.79462, -7.43379, 4.64142]
							},
							"lerp_mode": "catmullrom"
						},
						"2.08": {
							"post": {
								"vector": [0, 30, 0]
							},
							"lerp_mode": "catmullrom"
						}
					}
				},
				"bone17": {
					"rotation": {
						"0.0": {
							"post": {
								"vector": [0, 10, 0]
							},
							"lerp_mode": "catmullrom"
						},
						"1.16": {
							"post": {
								"vector": [0, -7.5, 0]
							},
							"lerp_mode": "catmullrom"
						},
						"2.08": {
							"post": {
								"vector": [0, 10, 0]
							},
							"lerp_mode": "catmullrom"
						}
					}
				},
				"bone18": {
					"rotation": {
						"0.0": {
							"post": {
								"vector": [0, 12.5, 0]
							},
							"lerp_mode": "catmullrom"
						},
						"1.24": {
							"post": {
								"vector": [0, -17.5, 0]
							},
							"lerp_mode": "catmullrom"
						},
						"2.08": {
							"post": {
								"vector": [0, 12.5, 0]
							},
							"lerp_mode": "catmullrom"
						}
					}
				},
				"bone19": {
					"rotation": {
						"0.0": {
							"post": {
								"vector": [0, 5, 0]
							},
							"lerp_mode": "catmullrom"
						},
						"1.32": {
							"post": {
								"vector": [0, -5, 0]
							},
							"lerp_mode": "catmullrom"
						},
						"2.08": {
							"post": {
								"vector": [0, 5, 0]
							},
							"lerp_mode": "catmullrom"
						}
					}
				},
				"bone20": {
					"rotation": {
						"0.0": {
							"post": {
								"vector": [0, 15, 0]
							},
							"lerp_mode": "catmullrom"
						},
						"1.36": {
							"post": {
								"vector": [0, -5, 0]
							},
							"lerp_mode": "catmullrom"
						},
						"2.08": {
							"post": {
								"vector": [0, 15, 0]
							},
							"lerp_mode": "catmullrom"
						}
					}
				},
				"Right_leg_down": {
					"rotation": {
						"0.0": {
							"post": {
								"vector": [0, 0, 0]
							},
							"lerp_mode": "catmullrom"
						},
						"1.04": {
							"post": {
								"vector": [10, 0, 0]
							},
							"lerp_mode": "catmullrom"
						},
						"2.08": {
							"post": {
								"vector": [0, 0, 0]
							},
							"lerp_mode": "catmullrom"
						}
					}
				},
				"Left_leg_down": {
					"rotation": {
						"0.0": {
							"post": {
								"vector": [0, 0, 0]
							},
							"lerp_mode": "catmullrom"
						},
						"1.04": {
							"post": {
								"vector": [10, 0, 0]
							},
							"lerp_mode": "catmullrom"
						},
						"2.08": {
							"post": {
								"vector": [0, 0, 0]
							},
							"lerp_mode": "catmullrom"
						}
					}
				},
				"body_up": {
					"rotation": {
						"0.0": {
							"post": {
								"vector": [0, 0, 0]
							},
							"lerp_mode": "catmullrom"
						}
					}
				},
				"Left_arm_down": {
					"rotation": {
						"0.0": {
							"post": {
								"vector": [0, 0, 0]
							},
							"lerp_mode": "catmullrom"
						},
						"1.2": {
							"post": {
								"vector": [-10, 0, 0]
							},
							"lerp_mode": "catmullrom"
						},
						"2.08": {
							"post": {
								"vector": [0, 0, 0]
							},
							"lerp_mode": "catmullrom"
						}
					}
				},
				"Right_arm_down": {
					"rotation": {
						"0.0": {
							"post": {
								"vector": [0, 0, 0]
							},
							"lerp_mode": "catmullrom"
						},
						"1.2": {
							"post": {
								"vector": [-7.5, 0, 0]
							},
							"lerp_mode": "catmullrom"
						},
						"2.08": {
							"post": {
								"vector": [0, 0, 0]
							},
							"lerp_mode": "catmullrom"
						}
					}
				},
				"Left_arm2": {
					"rotation": {
						"vector": [0, 0, 0]
					}
				}
			}
		},
		"sprinting": {
			"loop": true,
			"animation_length": 0.64,
			"bones": {
				"Rake": {
					"rotation": {
						"0.0": {
							"post": {
								"vector": [0, 0, 2.5]
							},
							"lerp_mode": "catmullrom"
						}
					},
					"position": {
						"0.0": {
							"post": {
								"vector": [0, -2.7, 0]
							},
							"lerp_mode": "catmullrom"
						},
						"0.16": {
							"post": {
								"vector": [0, 2.5, 0]
							},
							"lerp_mode": "catmullrom"
						},
						"0.32": {
							"post": {
								"vector": [0, -3.7, 0]
							},
							"lerp_mode": "catmullrom"
						},
						"0.48": {
							"post": {
								"vector": [0, 1.2, 0]
							},
							"lerp_mode": "catmullrom"
						},
						"0.64": {
							"post": {
								"vector": [0, -2.7, 0]
							},
							"lerp_mode": "catmullrom"
						}
					}
				},
				"Right_leg": {
					"rotation": {
						"0.0": {
							"post": {
								"vector": [36.90761, 3.86098, 3.01464]
							},
							"lerp_mode": "catmullrom"
						},
						"0.16": {
							"post": {
								"vector": [-28.12107, 3.63053, 2.6942]
							},
							"lerp_mode": "catmullrom"
						},
						"0.32": {
							"post": {
								"vector": [-41.62692, 3.75126, -1.59283]
							},
							"lerp_mode": "catmullrom"
						},
						"0.48": {
							"post": {
								"vector": [0.87308, 3.75126, -1.59283]
							},
							"lerp_mode": "catmullrom"
						},
						"0.64": {
							"post": {
								"vector": [39.40761, 3.86098, 3.01464]
							},
							"lerp_mode": "catmullrom"
						}
					}
				},
				"Right_leg_down2": {
					"rotation": {
						"0.0": {
							"post": {
								"vector": [-20, 0, 0]
							},
							"lerp_mode": "catmullrom"
						},
						"0.16": {
							"post": {
								"vector": [0, 0, 0]
							},
							"lerp_mode": "catmullrom"
						},
						"0.32": {
							"post": {
								"vector": [20, 0, 0]
							},
							"lerp_mode": "catmullrom"
						},
						"0.48": {
							"post": {
								"vector": [-12.5, 0, 0]
							},
							"lerp_mode": "catmullrom"
						},
						"0.64": {
							"post": {
								"vector": [-20, 0, 0]
							},
							"lerp_mode": "catmullrom"
						}
					}
				},
				"Right_ankle": {
					"rotation": {
						"0.0": {
							"post": {
								"vector": [0, 0, 0]
							},
							"lerp_mode": "catmullrom"
						}
					}
				},
				"Right_foot": {
					"rotation": {
						"0.0": {
							"post": {
								"vector": [0, 0, 0]
							},
							"lerp_mode": "catmullrom"
						},
						"0.16": {
							"post": {
								"vector": [25, 0, 0]
							},
							"lerp_mode": "catmullrom"
						},
						"0.32": {
							"post": {
								"vector": [2.5, 0, 0]
							},
							"lerp_mode": "catmullrom"
						},
						"0.48": {
							"post": {
								"vector": [15, 0, 0]
							},
							"lerp_mode": "catmullrom"
						},
						"0.64": {
							"post": {
								"vector": [0, 0, 0]
							},
							"lerp_mode": "catmullrom"
						}
					}
				},
				"Left_leg": {
					"rotation": {
						"0.0": {
							"post": {
								"vector": [-41.62274, -5.25507, -1.91004]
							},
							"lerp_mode": "catmullrom"
						},
						"0.16": {
							"post": {
								"vector": [15.87726, -5.25507, -1.91004]
							},
							"lerp_mode": "catmullrom"
						},
						"0.32": {
							"post": {
								"vector": [39.96485, -5.50002, -5.26338]
							},
							"lerp_mode": "catmullrom"
						},
						"0.48": {
							"post": {
								"vector": [-20.03515, -5.50002, -5.26338]
							},
							"lerp_mode": "catmullrom"
						},
						"0.64": {
							"post": {
								"vector": [-44.12274, -5.25507, -1.91004]
							},
							"lerp_mode": "catmullrom"
						}
					}
				},
				"Body": {
					"rotation": {
						"0.0": {
							"post": {
								"vector": [2.50673, -4.88622, -7.71603]
							},
							"lerp_mode": "catmullrom"
						},
						"0.16": {
							"post": {
								"vector": [-2.49043, -1.33608, -2.10985]
							},
							"lerp_mode": "catmullrom"
						},
						"0.32": {
							"post": {
								"vector": [2.50673, 4.8862, 7.716]
							},
							"lerp_mode": "catmullrom"
						},
						"0.48": {
							"post": {
								"vector": [-2.49043, -1.33608, -2.10985]
							},
							"lerp_mode": "catmullrom"
						},
						"0.64": {
							"post": {
								"vector": [2.50673, -4.88622, -7.71603]
							},
							"lerp_mode": "catmullrom"
						}
					}
				},
				"body_up2": {
					"rotation": {
						"0.0": {
							"post": {
								"vector": [20, 0, 0]
							},
							"lerp_mode": "catmullrom"
						},
						"0.16": {
							"post": {
								"vector": [10, 0, 0]
							},
							"lerp_mode": "catmullrom"
						},
						"0.32": {
							"post": {
								"vector": [20, 0, 0]
							},
							"lerp_mode": "catmullrom"
						},
						"0.48": {
							"post": {
								"vector": [10, 0, 0]
							},
							"lerp_mode": "catmullrom"
						},
						"0.64": {
							"post": {
								"vector": [20, 0, 0]
							},
							"lerp_mode": "catmullrom"
						}
					}
				},
				"Right_arm": {
					"rotation": {
						"0.0": {
							"post": {
								"vector": [-24.34825, -3.3609, 24.77287]
							},
							"lerp_mode": "catmullrom"
						},
						"0.16": {
							"post": {
								"vector": [4.54, 3.93, 16.81]
							},
							"lerp_mode": "catmullrom"
						},
						"0.32": {
							"post": {
								"vector": [16.4393, 3.18993, 15.17607]
							},
							"lerp_mode": "catmullrom"
						},
						"0.48": {
							"post": {
								"vector": [3.23, 3.11, 15.76]
							},
							"lerp_mode": "catmullrom"
						},
						"0.64": {
							"post": {
								"vector": [-27.26433, -8.83665, 25.76557]
							},
							"lerp_mode": "catmullrom"
						}
					}
				},
				"bone37": {
					"rotation": {
						"0.0": {
							"post": {
								"vector": [0, 0, 0]
							},
							"lerp_mode": "catmullrom"
						}
					}
				},
				"Left_arm": {
					"rotation": {
						"0.0": {
							"post": {
								"vector": [17.20282, -3.74541, -17.7279]
							},
							"lerp_mode": "catmullrom"
						},
						"0.16": {
							"post": {
								"vector": [2.22, -5.99, -20.58]
							},
							"lerp_mode": "catmullrom"
						},
						"0.32": {
							"post": {
								"vector": [-19.40147, 6.59789, -33.18401]
							},
							"lerp_mode": "catmullrom"
						},
						"0.48": {
							"post": {
								"vector": [3.16, -5.85, -20.4]
							},
							"lerp_mode": "catmullrom"
						},
						"0.64": {
							"post": {
								"vector": [17.20282, -3.74541, -17.7279]
							},
							"lerp_mode": "catmullrom"
						}
					}
				},
				"bone9": {
					"rotation": {
						"0.0": {
							"post": {
								"vector": [0, 0, 0]
							},
							"lerp_mode": "catmullrom"
						}
					}
				},
				"tongue": {
					"rotation": {
						"0.0": {
							"post": {
								"vector": [0, -17.5, 0]
							},
							"lerp_mode": "catmullrom"
						},
						"0.16": {
							"post": {
								"vector": [0, 5.16, 0]
							},
							"lerp_mode": "catmullrom"
						},
						"0.32": {
							"post": {
								"vector": [0, 5, 0]
							},
							"lerp_mode": "catmullrom"
						},
						"0.52": {
							"post": {
								"vector": [0, -10.76, 0]
							},
							"lerp_mode": "catmullrom"
						},
						"0.64": {
							"post": {
								"vector": [0, -17.5, 0]
							},
							"lerp_mode": "catmullrom"
						}
					}
				},
				"bone14": {
					"rotation": {
						"0.0": {
							"post": {
								"vector": [0, 12.5, 0]
							},
							"lerp_mode": "catmullrom"
						},
						"0.16": {
							"post": {
								"vector": [-7.5, 17.11197, 0]
							},
							"lerp_mode": "catmullrom"
						},
						"0.28": {
							"post": {
								"vector": [0, 20, 0]
							},
							"lerp_mode": "catmullrom"
						},
						"0.48": {
							"post": {
								"vector": [-7.06444, 16.1055, 0]
							},
							"lerp_mode": "catmullrom"
						},
						"0.64": {
							"post": {
								"vector": [0, 12.5, 0]
							},
							"lerp_mode": "catmullrom"
						}
					}
				},
				"bone15": {
					"rotation": {
						"0.0": {
							"post": {
								"vector": [0, 0, 0]
							},
							"lerp_mode": "catmullrom"
						}
					}
				},
				"tale": {
					"rotation": {
						"0.0": {
							"post": {
								"vector": [0, 30, 0]
							},
							"lerp_mode": "catmullrom"
						},
						"0.28": {
							"post": {
								"vector": [-3.79462, -7.43379, 4.64142]
							},
							"lerp_mode": "catmullrom"
						},
						"0.64": {
							"post": {
								"vector": [0, 30, 0]
							},
							"lerp_mode": "catmullrom"
						}
					}
				},
				"bone17": {
					"rotation": {
						"0.0": {
							"post": {
								"vector": [0, 10, 0]
							},
							"lerp_mode": "catmullrom"
						},
						"0.36": {
							"post": {
								"vector": [0, -7.5, 0]
							},
							"lerp_mode": "catmullrom"
						},
						"0.64": {
							"post": {
								"vector": [0, 10, 0]
							},
							"lerp_mode": "catmullrom"
						}
					}
				},
				"bone18": {
					"rotation": {
						"0.0": {
							"post": {
								"vector": [0, 12.5, 0]
							},
							"lerp_mode": "catmullrom"
						},
						"0.32": {
							"post": {
								"vector": [0, -17.5, 0]
							},
							"lerp_mode": "catmullrom"
						},
						"0.64": {
							"post": {
								"vector": [0, 12.5, 0]
							},
							"lerp_mode": "catmullrom"
						}
					}
				},
				"bone19": {
					"rotation": {
						"0.0": {
							"post": {
								"vector": [0, 5, 0]
							},
							"lerp_mode": "catmullrom"
						},
						"0.4": {
							"post": {
								"vector": [0, -5, 0]
							},
							"lerp_mode": "catmullrom"
						},
						"0.64": {
							"post": {
								"vector": [0, 5, 0]
							},
							"lerp_mode": "catmullrom"
						},
						"2.24": {
							"post": {
								"vector": [0, 5, 0]
							},
							"lerp_mode": "catmullrom"
						}
					}
				},
				"bone20": {
					"rotation": {
						"0.0": {
							"post": {
								"vector": [0, 15, 0]
							},
							"lerp_mode": "catmullrom"
						},
						"0.48": {
							"post": {
								"vector": [0, -5, 0]
							},
							"lerp_mode": "catmullrom"
						},
						"0.64": {
							"post": {
								"vector": [0, 15, 0]
							},
							"lerp_mode": "catmullrom"
						}
					}
				},
				"Right_leg_down": {
					"rotation": {
						"0.0": {
							"post": {
								"vector": [-5, 0, 0]
							},
							"lerp_mode": "catmullrom"
						},
						"0.16": {
							"post": {
								"vector": [52.5, 0, 0]
							},
							"lerp_mode": "catmullrom"
						},
						"0.32": {
							"post": {
								"vector": [17.5, 0, 0]
							},
							"lerp_mode": "catmullrom"
						},
						"0.48": {
							"post": {
								"vector": [-5, 0, 0]
							},
							"lerp_mode": "catmullrom"
						},
						"0.64": {
							"post": {
								"vector": [-5, 0, 0]
							},
							"lerp_mode": "catmullrom"
						}
					},
					"scale": {
						"0.0": {
							"post": {
								"vector": [1, 1, 1]
							},
							"lerp_mode": "catmullrom"
						}
					}
				},
				"Left_leg_down": {
					"rotation": {
						"0.0": {
							"post": {
								"vector": [22.5, 0, 0]
							},
							"lerp_mode": "catmullrom"
						},
						"0.16": {
							"post": {
								"vector": [-27.5, 0, 0]
							},
							"lerp_mode": "catmullrom"
						},
						"0.32": {
							"post": {
								"vector": [17.5, 0, 0]
							},
							"lerp_mode": "catmullrom"
						},
						"0.48": {
							"post": {
								"vector": [50, 0, 0]
							},
							"lerp_mode": "catmullrom"
						},
						"0.64": {
							"post": {
								"vector": [22.5, 0, 0]
							},
							"lerp_mode": "catmullrom"
						}
					},
					"position": {
						"0.0": {
							"post": {
								"vector": [0, 0, 0]
							},
							"lerp_mode": "catmullrom"
						}
					},
					"scale": {
						"0.0": {
							"post": {
								"vector": [1, 1, 1]
							},
							"lerp_mode": "catmullrom"
						}
					}
				},
				"Left_leg_down2": {
					"rotation": {
						"0.0": {
							"post": {
								"vector": [0, 0, 0]
							},
							"lerp_mode": "catmullrom"
						},
						"0.16": {
							"post": {
								"vector": [-25, 0, 0]
							},
							"lerp_mode": "catmullrom"
						},
						"0.32": {
							"post": {
								"vector": [-30, 0, 0]
							},
							"lerp_mode": "catmullrom"
						},
						"0.48": {
							"post": {
								"vector": [5, 0, 0]
							},
							"lerp_mode": "catmullrom"
						},
						"0.64": {
							"post": {
								"vector": [0, 0, 0]
							},
							"lerp_mode": "catmullrom"
						}
					},
					"position": {
						"0.0": {
							"post": {
								"vector": [0, 0, 0]
							},
							"lerp_mode": "catmullrom"
						}
					},
					"scale": {
						"0.0": {
							"post": {
								"vector": [1, 1, 1]
							},
							"lerp_mode": "catmullrom"
						}
					}
				},
				"Left_foot": {
					"rotation": {
						"0.0": {
							"post": {
								"vector": [20, 0, 0]
							},
							"lerp_mode": "catmullrom"
						},
						"0.16": {
							"post": {
								"vector": [37.5, 0, 0]
							},
							"lerp_mode": "catmullrom"
						},
						"0.32": {
							"post": {
								"vector": [0, 0, 0]
							},
							"lerp_mode": "catmullrom"
						},
						"0.48": {
							"post": {
								"vector": [37.5, 0, 0]
							},
							"lerp_mode": "catmullrom"
						},
						"0.64": {
							"post": {
								"vector": [20, 0, 0]
							},
							"lerp_mode": "catmullrom"
						}
					}
				},
				"body_up": {
					"rotation": {
						"0.0": {
							"post": {
								"vector": [-12.5, 0, 0]
							},
							"lerp_mode": "catmullrom"
						}
					}
				},
				"Left_arm_down": {
					"rotation": {
						"0.0": {
							"post": {
								"vector": [0, 0, 0]
							},
							"lerp_mode": "catmullrom"
						}
					}
				}
			}
		}
	},
	"geckolib_format_version": 2
}