{
	"format_version": "1.12.0",
	"minecraft:geometry": [
		{
			"description": {
				"identifier": "geometry.unknown",
				"texture_width": 128,
				"texture_height": 128,
				"visible_bounds_width": 3,
				"visible_bounds_height": 4.5,
				"visible_bounds_offset": [0, 1.75, 0]
			},
			"bones": [
				{
					"name": "base",
					"pivot": [0, 20.7, 0]
				},
				{
					"name": "legRT",
					"parent": "base",
					"pivot": [-2.02583, 20.90065, 0.85],
					"cubes": [
						{
							"origin": [-4.15, 13.6, -0.85],
							"size": [3.9, 7, 3.5],
							"pivot": [-2.1, 17.6, 0.9],
							"rotation": [0, 0, -1],
							"uv": {
								"north": {"uv": [26, 48], "uv_size": [4, 7]},
								"east": {"uv": [30, 48], "uv_size": [4, 7]},
								"south": {"uv": [34, 48], "uv_size": [4, 7]},
								"west": {"uv": [38, 48], "uv_size": [4, 7]},
								"up": {"uv": [9, 35], "uv_size": [4, 4]},
								"down": {"uv": [39, 34], "uv_size": [4, -4]}
							}
						},
						{
							"origin": [-4.06374, 10.03566, -0.65],
							"size": [3.9, 4, 3.5],
							"inflate": -0.1,
							"pivot": [0, 11.50099, 1.1],
							"rotation": [4.9983, 0.13072, -1.49429],
							"uv": {
								"north": {"uv": [45, 9], "uv_size": [4, 4]},
								"east": {"uv": [57, 14], "uv_size": [4, 4]},
								"south": {"uv": [47, 58], "uv_size": [4, 4]},
								"west": {"uv": [6, 59], "uv_size": [4, 4]},
								"up": {"uv": [10, 59], "uv_size": [4, 4]},
								"down": {"uv": [14, 63], "uv_size": [4, -4]}
							}
						}
					]
				},
				{
					"name": "legRB",
					"parent": "legRT",
					"pivot": [-2, 9.9, -0.15],
					"cubes": [
						{
							"origin": [-3.55, 5, 0.15],
							"size": [2.9, 5, 2.5],
							"inflate": 0.2,
							"pivot": [-4, 7.5, 1.4],
							"rotation": [2.5, 0, 0],
							"uv": {
								"north": {"uv": [63, 33], "uv_size": [3, 5]},
								"east": {"uv": [63, 38], "uv_size": [3, 5]},
								"south": {"uv": [63, 43], "uv_size": [3, 5]},
								"west": {"uv": [63, 48], "uv_size": [3, 5]},
								"up": {"uv": [65, 64], "uv_size": [3, 3]},
								"down": {"uv": [66, 22], "uv_size": [3, -3]}
							}
						},
						{
							"origin": [-3.55, 2, 0.25],
							"size": [2.9, 3, 2.6],
							"uv": {
								"north": {"uv": [66, 33], "uv_size": [3, 3]},
								"east": {"uv": [66, 36], "uv_size": [3, 3]},
								"south": {"uv": [66, 39], "uv_size": [3, 3]},
								"west": {"uv": [66, 42], "uv_size": [3, 3]},
								"up": {"uv": [44, 66], "uv_size": [3, 3]},
								"down": {"uv": [66, 48], "uv_size": [3, -3]}
							}
						}
					]
				},
				{
					"name": "feetRT",
					"parent": "legRB",
					"pivot": [-2.1, 1.7, 1.25],
					"cubes": [
						{
							"origin": [-3.85, 1.82693, -0.35714],
							"size": [3.5, 2, 3.5],
							"pivot": [-2.1, 2.82693, 1.39286],
							"rotation": [-5, 0, 0],
							"uv": {
								"north": {"uv": [66, 22], "uv_size": [4, 2]},
								"east": {"uv": [67, 29], "uv_size": [4, 2]},
								"south": {"uv": [68, 9], "uv_size": [4, 2]},
								"west": {"uv": [68, 11], "uv_size": [4, 2]},
								"up": {"uv": [18, 59], "uv_size": [4, 4]},
								"down": {"uv": [22, 63], "uv_size": [4, -4]}
							}
						}
					]
				},
				{
					"name": "feetRB",
					"parent": "feetRT",
					"pivot": [-2.1, 1.7, -0.5],
					"cubes": [
						{
							"origin": [-3.85, 0, -2.45],
							"size": [3.5, 2, 5.5],
							"uv": {
								"north": {"uv": [68, 13], "uv_size": [4, 2]},
								"east": {"uv": [63, 58], "uv_size": [6, 2]},
								"south": {"uv": [68, 15], "uv_size": [4, 2]},
								"west": {"uv": [63, 60], "uv_size": [6, 2]},
								"up": {"uv": [49, 16], "uv_size": [4, 6]},
								"down": {"uv": [31, 61], "uv_size": [4, -6]}
							}
						}
					]
				},
				{
					"name": "legLT",
					"parent": "base",
					"pivot": [2.02583, 20.90065, 0.85],
					"cubes": [
						{
							"origin": [0.25, 13.6, -0.85],
							"size": [3.9, 7, 3.5],
							"pivot": [2.1, 17.6, 0.9],
							"rotation": [0, 0, 1],
							"uv": {
								"north": {"uv": [0, 49], "uv_size": [4, 7]},
								"east": {"uv": [4, 49], "uv_size": [4, 7]},
								"south": {"uv": [49, 9], "uv_size": [4, 7]},
								"west": {"uv": [51, 28], "uv_size": [4, 7]},
								"up": {"uv": [59, 32], "uv_size": [4, 4]},
								"down": {"uv": [59, 40], "uv_size": [4, -4]}
							}
						},
						{
							"origin": [0.13626, 10.03566, -0.65],
							"size": [3.9, 4, 3.5],
							"inflate": -0.1,
							"pivot": [0, 11.50099, 1.1],
							"rotation": [4.99924, -0.08715, 0.9962],
							"uv": {
								"north": {"uv": [59, 40], "uv_size": [4, 4]},
								"east": {"uv": [59, 44], "uv_size": [4, 4]},
								"south": {"uv": [59, 48], "uv_size": [4, 4]},
								"west": {"uv": [59, 52], "uv_size": [4, 4]},
								"up": {"uv": [55, 59], "uv_size": [4, 4]},
								"down": {"uv": [59, 60], "uv_size": [4, -4]}
							}
						}
					]
				},
				{
					"name": "legLB",
					"parent": "legLT",
					"pivot": [2, 9.8, -0.15],
					"cubes": [
						{
							"origin": [0.65, 5, 0.15],
							"size": [2.9, 5, 2.5],
							"inflate": 0.2,
							"pivot": [0, 7.5, 1.4],
							"rotation": [2.5, 0, 0],
							"uv": {
								"north": {"uv": [50, 63], "uv_size": [3, 5]},
								"east": {"uv": [53, 63], "uv_size": [3, 5]},
								"south": {"uv": [63, 53], "uv_size": [3, 5]},
								"west": {"uv": [56, 63], "uv_size": [3, 5]},
								"up": {"uv": [47, 66], "uv_size": [3, 3]},
								"down": {"uv": [66, 51], "uv_size": [3, -3]}
							}
						},
						{
							"origin": [0.65, 2, 0.25],
							"size": [2.9, 3, 2.6],
							"uv": {
								"north": {"uv": [66, 51], "uv_size": [3, 3]},
								"east": {"uv": [66, 54], "uv_size": [3, 3]},
								"south": {"uv": [0, 67], "uv_size": [3, 3]},
								"west": {"uv": [3, 67], "uv_size": [3, 3]},
								"up": {"uv": [67, 26], "uv_size": [3, 3]},
								"down": {"uv": [39, 70], "uv_size": [3, -3]}
							}
						}
					]
				},
				{
					"name": "feetLT",
					"parent": "legLB",
					"pivot": [2.1, 1.7, 1.25],
					"cubes": [
						{
							"origin": [0.35, 1.82693, -0.35714],
							"size": [3.5, 2, 3.5],
							"pivot": [2.1, 2.82693, 1.39286],
							"rotation": [-5, 0, 0],
							"uv": {
								"north": {"uv": [23, 68], "uv_size": [4, 2]},
								"east": {"uv": [50, 68], "uv_size": [4, 2]},
								"south": {"uv": [54, 68], "uv_size": [4, 2]},
								"west": {"uv": [58, 68], "uv_size": [4, 2]},
								"up": {"uv": [60, 0], "uv_size": [4, 4]},
								"down": {"uv": [60, 8], "uv_size": [4, -4]}
							}
						}
					]
				},
				{
					"name": "feetLB",
					"parent": "feetLT",
					"pivot": [2.1, 1.7, -0.5],
					"cubes": [
						{
							"origin": [0.35, 0, -2.45],
							"size": [3.5, 2, 5.5],
							"uv": {
								"north": {"uv": [68, 64], "uv_size": [4, 2]},
								"east": {"uv": [63, 62], "uv_size": [6, 2]},
								"south": {"uv": [68, 66], "uv_size": [4, 2]},
								"west": {"uv": [64, 0], "uv_size": [6, 2]},
								"up": {"uv": [55, 32], "uv_size": [4, 6]},
								"down": {"uv": [35, 61], "uv_size": [4, -6]}
							}
						}
					]
				},
				{
					"name": "bodyB",
					"parent": "base",
					"pivot": [0, 20.7, 0.9],
					"cubes": [
						{
							"origin": [-3.75, 23.4, -1.3],
							"size": [7.5, 6, 4.1],
							"inflate": -0.2,
							"pivot": [0.5, 24.5, 2.05],
							"rotation": [2, 0, 0],
							"uv": {
								"north": {"uv": [31, 22], "uv_size": [8, 6]},
								"east": {"uv": [39, 55], "uv_size": [4, 6]},
								"south": {"uv": [31, 28], "uv_size": [8, 6]},
								"west": {"uv": [43, 55], "uv_size": [4, 6]},
								"up": {"uv": [41, 14], "uv_size": [8, 4]},
								"down": {"uv": [41, 22], "uv_size": [8, -4]}
							}
						},
						{
							"origin": [-4.4, 23.4, -1.55],
							"size": [8.7, 6, 4.6],
							"inflate": -0.2,
							"pivot": [0.5, 24.5, 2.05],
							"rotation": [2, 0, 0],
							"uv": {
								"north": {"uv": [29, 0], "uv_size": [9, 6]},
								"east": {"uv": [47, 47], "uv_size": [5, 6]},
								"south": {"uv": [31, 6], "uv_size": [9, 6]},
								"west": {"uv": [16, 48], "uv_size": [5, 6]},
								"up": {"uv": [25, 34], "uv_size": [9, 5]},
								"down": {"uv": [34, 39], "uv_size": [9, -5]}
							}
						},
						{
							"origin": [-4.3, 20.5, -0.85],
							"size": [8.5, 3, 3.5],
							"inflate": 0.1,
							"pivot": [0.4, 22, 0.9],
							"rotation": [2.5, 0, 0],
							"uv": {
								"north": {"uv": [53, 21], "uv_size": [9, 3]},
								"east": {"uv": [57, 18], "uv_size": [4, 3]},
								"south": {"uv": [53, 24], "uv_size": [9, 3]},
								"west": {"uv": [64, 2], "uv_size": [4, 3]},
								"up": {"uv": [39, 22], "uv_size": [9, 4]},
								"down": {"uv": [39, 30], "uv_size": [9, -4]}
							}
						},
						{
							"origin": [-1, 22.4, -1.2],
							"size": [2, 1, 0],
							"pivot": [0, 22.9, -1.1],
							"rotation": [2.5, 0, 0],
							"uv": {
								"north": {"uv": [24, 15], "uv_size": [2, 1]},
								"east": {"uv": [0, 0], "uv_size": [0, 1]},
								"south": {"uv": [29, 10], "uv_size": [2, 1]},
								"west": {"uv": [0, 0], "uv_size": [0, 1]},
								"up": {"uv": [0, 0], "uv_size": [2, 0]},
								"down": {"uv": [0, 0], "uv_size": [2, 0]}
							}
						}
					]
				},
				{
					"name": "bone",
					"parent": "bodyB",
					"pivot": [-2.3, 23.6, 2.88604],
					"cubes": [
						{
							"origin": [-4.7, 12.79976, -1.41396],
							"size": [4.9, 11, 4.5],
							"inflate": -0.2,
							"uv": {
								"north": {"uv": [0, 24], "uv_size": [5, 11]},
								"east": {"uv": [24, 0], "uv_size": [5, 11]},
								"south": {"uv": [5, 24], "uv_size": [5, 11]},
								"west": {"uv": [10, 24], "uv_size": [5, 11]},
								"up": {"uv": [47, 0], "uv_size": [5, 5]},
								"down": {"uv": [47, 58], "uv_size": [5, -5]}
							}
						}
					]
				},
				{
					"name": "bone2",
					"parent": "bodyB",
					"pivot": [2.45, 23.6, 2.886],
					"cubes": [
						{
							"origin": [-0.2, 12.79976, -1.41396],
							"size": [4.9, 11, 4.5],
							"inflate": -0.2,
							"uv": {
								"north": {"uv": [26, 11], "uv_size": [5, 11]},
								"east": {"uv": [26, 22], "uv_size": [5, 11]},
								"south": {"uv": [15, 28], "uv_size": [5, 11]},
								"west": {"uv": [20, 28], "uv_size": [5, 11]},
								"up": {"uv": [16, 54], "uv_size": [5, 5]},
								"down": {"uv": [21, 59], "uv_size": [5, -5]}
							}
						}
					]
				},
				{
					"name": "bodyT",
					"parent": "bodyB",
					"pivot": [0, 28.9, 1.5],
					"cubes": [
						{
							"origin": [-4.25, 29, -1.65],
							"size": [8.5, 5, 4.6],
							"pivot": [0.4, 30.5, 0.45],
							"rotation": [-2.5, 0, 0],
							"uv": {
								"north": {"uv": [0, 35], "uv_size": [9, 5]},
								"east": {"uv": [26, 55], "uv_size": [5, 5]},
								"south": {"uv": [38, 0], "uv_size": [9, 5]},
								"west": {"uv": [55, 27], "uv_size": [5, 5]},
								"up": {"uv": [9, 39], "uv_size": [9, 5]},
								"down": {"uv": [18, 44], "uv_size": [9, -5]}
							}
						},
						{
							"origin": [-5.1, 28.75, -1.9],
							"size": [10.1, 5.5, 5.1],
							"pivot": [0.4, 30.5, 0.45],
							"rotation": [-2.5, 0, 0],
							"uv": {
								"north": {"uv": [16, 16], "uv_size": [10, 6]},
								"east": {"uv": [21, 48], "uv_size": [5, 6]},
								"south": {"uv": [16, 22], "uv_size": [10, 6]},
								"west": {"uv": [48, 22], "uv_size": [5, 6]},
								"up": {"uv": [31, 12], "uv_size": [10, 5]},
								"down": {"uv": [31, 22], "uv_size": [10, -5]}
							}
						},
						{
							"origin": [-1.5, 33.9, -0.35],
							"size": [3, 2, 3],
							"uv": {
								"north": {"uv": [48, 28], "uv_size": [3, 2]},
								"east": {"uv": [27, 68], "uv_size": [3, 2]},
								"south": {"uv": [62, 68], "uv_size": [3, 2]},
								"west": {"uv": [30, 69], "uv_size": [3, 2]},
								"up": {"uv": [65, 67], "uv_size": [3, 3]},
								"down": {"uv": [68, 5], "uv_size": [3, -3]}
							}
						},
						{
							"origin": [-2, 32.9, -1.45],
							"size": [4, 2, 4.1],
							"pivot": [1, 35.5, 0.7],
							"rotation": [5, 0, 0],
							"uv": {
								"north": {"uv": [68, 68], "uv_size": [4, 2]},
								"east": {"uv": [6, 69], "uv_size": [4, 2]},
								"south": {"uv": [10, 69], "uv_size": [4, 2]},
								"west": {"uv": [14, 69], "uv_size": [4, 2]},
								"up": {"uv": [60, 8], "uv_size": [4, 4]},
								"down": {"uv": [26, 64], "uv_size": [4, -4]}
							}
						}
					]
				},
				{
					"name": "tie",
					"parent": "bodyT",
					"pivot": [0, 34.00562, -1.37851],
					"cubes": [
						{
							"origin": [-2, 32, -1.7],
							"size": [4, 2, 0.01],
							"pivot": [0.4, 30.5, 0.35],
							"rotation": [-2.5, 0, 0],
							"uv": {
								"north": {"uv": [18, 69], "uv_size": [4, 2]},
								"east": {"uv": [40, 10], "uv_size": [1, 2]},
								"south": {"uv": [69, 19], "uv_size": [4, 2]},
								"west": {"uv": [52, 3], "uv_size": [1, 2]},
								"up": {"uv": [45, 13], "uv_size": [4, 1]},
								"down": {"uv": [47, 39], "uv_size": [4, -1]}
							}
						},
						{
							"origin": [-1, 29, -1.7],
							"size": [2, 3, 0.01],
							"pivot": [0.4, 30.5, 0.35],
							"rotation": [-2.5, 0, 0],
							"uv": {
								"north": {"uv": [13, 35], "uv_size": [2, 3]},
								"east": {"uv": [52, 0], "uv_size": [1, 3]},
								"south": {"uv": [6, 56], "uv_size": [2, 3]},
								"west": {"uv": [42, 52], "uv_size": [1, 3]},
								"up": {"uv": [38, 5], "uv_size": [2, 1]},
								"down": {"uv": [13, 39], "uv_size": [2, -1]}
							}
						}
					]
				},
				{
					"name": "tie_2",
					"parent": "tie",
					"pivot": [0, 29.09085, -1.65848],
					"cubes": [
						{
							"origin": [-1, 25.09085, -1.76348],
							"size": [2, 4, 0.01],
							"uv": {
								"north": {"uv": [24, 11], "uv_size": [2, 4]},
								"east": {"uv": [15, 24], "uv_size": [1, 4]},
								"south": {"uv": [29, 6], "uv_size": [2, 4]},
								"west": {"uv": [8, 40], "uv_size": [1, 4]},
								"up": {"uv": [53, 27], "uv_size": [2, 1]},
								"down": {"uv": [62, 27], "uv_size": [2, -1]}
							}
						}
					]
				},
				{
					"name": "bone3",
					"parent": "bodyT",
					"pivot": [1, 35.5, 0.7]
				},
				{
					"name": "head",
					"parent": "bodyT",
					"pivot": [-0.02957, 35.14839, 1.46722],
					"cubes": [
						{
							"origin": [-2.3, 34.36946, -3.40067],
							"size": [4.6, 0.6, 2],
							"inflate": -0.3,
							"pivot": [2, 34.66946, -2.40067],
							"rotation": [-2.5, 0, 0],
							"uv": {
								"north": {"uv": [25, 33], "uv_size": [5, 1]},
								"east": {"uv": [50, 62], "uv_size": [2, 1]},
								"south": {"uv": [66, 57], "uv_size": [5, 1]},
								"west": {"uv": [24, 63], "uv_size": [2, 1]},
								"up": {"uv": [65, 17], "uv_size": [5, 2]},
								"down": {"uv": [39, 67], "uv_size": [5, -2]}
							}
						},
						{
							"origin": [-3, 34.7, -3.1],
							"size": [6, 2, 0.01],
							"uv": {
								"north": {"uv": [64, 5], "uv_size": [6, 2]},
								"east": {"uv": [0, 0], "uv_size": [0, 2]},
								"south": {"uv": [64, 7], "uv_size": [6, 2]},
								"west": {"uv": [0, 0], "uv_size": [0, 2]},
								"up": {"uv": [0, 0], "uv_size": [6, 0]},
								"down": {"uv": [0, 0], "uv_size": [6, 0]}
							}
						},
						{
							"origin": [-4.12957, 38.64839, -3.13278],
							"size": [4, 4, 8],
							"pivot": [-2.02957, 40.64839, 0.86722],
							"rotation": [0, 0, 2.5],
							"uv": {
								"north": {"uv": [60, 27], "uv_size": [4, 4]},
								"east": {"uv": [43, 39], "uv_size": [8, 4]},
								"south": {"uv": [59, 60], "uv_size": [4, 4]},
								"west": {"uv": [43, 43], "uv_size": [8, 4]},
								"up": {"uv": [8, 44], "uv_size": [4, 8]},
								"down": {"uv": [12, 52], "uv_size": [4, -8]}
							}
						},
						{
							"origin": [-4.12521, 37.64829, -3.13278],
							"size": [1, 1, 0],
							"pivot": [-2.02521, 40.74829, 0.86722],
							"rotation": [0, 0, 2.5],
							"uv": {
								"north": {"uv": [30, 33], "uv_size": [1, 1]},
								"east": {"uv": [0, 0], "uv_size": [0, 1]},
								"south": {"uv": [51, 46], "uv_size": [1, 1]},
								"west": {"uv": [0, 0], "uv_size": [0, 1]},
								"up": {"uv": [0, 0], "uv_size": [1, 0]},
								"down": {"uv": [0, 0], "uv_size": [1, 0]}
							}
						},
						{
							"origin": [0.07033, 38.65275, -3.13278],
							"size": [4, 4, 8],
							"pivot": [2.07033, 40.65275, 0.86722],
							"rotation": [0, 0, -2.5],
							"uv": {
								"north": {"uv": [61, 12], "uv_size": [4, 4]},
								"east": {"uv": [16, 44], "uv_size": [8, 4]},
								"south": {"uv": [61, 16], "uv_size": [4, 4]},
								"west": {"uv": [45, 5], "uv_size": [8, 4]},
								"up": {"uv": [47, 30], "uv_size": [4, 8]},
								"down": {"uv": [43, 55], "uv_size": [4, -8]}
							}
						},
						{
							"origin": [-4, 34.7, -3.1],
							"size": [8, 8, 8],
							"inflate": -0.3,
							"uv": {
								"north": {"uv": [0, 0], "uv_size": [8, 8]},
								"east": {"uv": [0, 8], "uv_size": [8, 8]},
								"south": {"uv": [8, 0], "uv_size": [8, 8]},
								"west": {"uv": [8, 8], "uv_size": [8, 8]},
								"up": {"uv": [0, 16], "uv_size": [8, 8]},
								"down": {"uv": [16, 8], "uv_size": [8, -8]}
							}
						}
					]
				},
				{
					"name": "bandage",
					"parent": "head",
					"pivot": [0.04446, 37.76468, 4.79378],
					"cubes": [
						{
							"origin": [-0.95495, 33.79292, 4.99007],
							"size": [1, 4, 0],
							"pivot": [0.04457, 36.06465, 4.99197],
							"rotation": [7.5, 0, 2.5],
							"uv": {
								"north": {"uv": [42, 48], "uv_size": [1, 4]},
								"east": {"uv": [0, 0], "uv_size": [0, 4]},
								"south": {"uv": [51, 42], "uv_size": [1, 4]},
								"west": {"uv": [0, 0], "uv_size": [0, 4]},
								"up": {"uv": [0, 0], "uv_size": [1, 0]},
								"down": {"uv": [0, 0], "uv_size": [1, 0]}
							}
						},
						{
							"origin": [-0.00295, 32.7534, 4.98661],
							"size": [1, 5, 0],
							"pivot": [0.04457, 36.06465, 4.99197],
							"rotation": [7.5, 0, -7.5],
							"uv": {
								"north": {"uv": [25, 28], "uv_size": [1, 5]},
								"east": {"uv": [0, 0], "uv_size": [0, 5]},
								"south": {"uv": [40, 5], "uv_size": [1, 5]},
								"west": {"uv": [0, 0], "uv_size": [0, 5]},
								"up": {"uv": [0, 0], "uv_size": [1, 0]},
								"down": {"uv": [0, 0], "uv_size": [1, 0]}
							}
						}
					]
				},
				{
					"name": "red",
					"parent": "head",
					"pivot": [-0.02957, 35.14839, 1.46722],
					"cubes": [
						{
							"origin": [-3.72957, 37.64839, -2.93278],
							"size": [7.5, 2, 7.7],
							"uv": {
								"north": {"uv": [62, 24], "uv_size": [8, 2]},
								"east": {"uv": [8, 63], "uv_size": [8, 2]},
								"south": {"uv": [16, 63], "uv_size": [8, 2]},
								"west": {"uv": [63, 31], "uv_size": [8, 2]},
								"up": {"uv": [8, 16], "uv_size": [8, 8]},
								"down": {"uv": [16, 16], "uv_size": [8, -8]}
							}
						}
					]
				},
				{
					"name": "armRT",
					"parent": "bodyT",
					"pivot": [-5.78026, 32.22752, 1.08086],
					"cubes": [
						{
							"origin": [-7.95, 24.7, -0.9],
							"size": [3.7, 8.5, 3.85],
							"pivot": [5.65, 32.2, 0.95],
							"rotation": [2.5, 0, 2.5],
							"uv": {
								"north": {"uv": [27, 39], "uv_size": [4, 9]},
								"east": {"uv": [31, 39], "uv_size": [4, 9]},
								"south": {"uv": [35, 39], "uv_size": [4, 9]},
								"west": {"uv": [39, 39], "uv_size": [4, 9]},
								"up": {"uv": [30, 61], "uv_size": [4, 4]},
								"down": {"uv": [34, 65], "uv_size": [4, -4]}
							}
						},
						{
							"origin": [-8.4, 31.2, -0.9],
							"size": [2, 1, 3],
							"pivot": [-7.6, 27.5, 0.5],
							"rotation": [2.5, 0, 2.5],
							"uv": {
								"north": {"uv": [44, 65], "uv_size": [2, 1]},
								"east": {"uv": [60, 31], "uv_size": [3, 1]},
								"south": {"uv": [69, 49], "uv_size": [2, 1]},
								"west": {"uv": [64, 30], "uv_size": [3, 1]},
								"up": {"uv": [42, 67], "uv_size": [2, 3]},
								"down": {"uv": [33, 72], "uv_size": [2, -3]}
							}
						},
						{
							"origin": [-8.4, 29.2, -0.9],
							"size": [2, 1, 3],
							"pivot": [-7.6, 27.5, 0.5],
							"rotation": [2.5, 0, 2.5],
							"uv": {
								"north": {"uv": [69, 50], "uv_size": [2, 1]},
								"east": {"uv": [69, 21], "uv_size": [3, 1]},
								"south": {"uv": [69, 51], "uv_size": [2, 1]},
								"west": {"uv": [69, 45], "uv_size": [3, 1]},
								"up": {"uv": [69, 33], "uv_size": [2, 3]},
								"down": {"uv": [35, 72], "uv_size": [2, -3]}
							}
						}
					]
				},
				{
					"name": "armRB",
					"parent": "armRT",
					"pivot": [-7.1612, 25.2775, 3.15],
					"cubes": [
						{
							"origin": [-7.83876, 18.72752, -0.4],
							"size": [2.75, 7, 3.5],
							"inflate": -0.2,
							"uv": {
								"north": {"uv": [0, 56], "uv_size": [3, 7]},
								"east": {"uv": [51, 35], "uv_size": [4, 7]},
								"south": {"uv": [3, 56], "uv_size": [3, 7]},
								"west": {"uv": [8, 52], "uv_size": [4, 7]},
								"up": {"uv": [24, 44], "uv_size": [3, 4]},
								"down": {"uv": [24, 68], "uv_size": [3, -4]}
							}
						},
						{
							"origin": [-8.18876, 18.72752, -0.75],
							"size": [3.45, 7, 4.1],
							"inflate": -0.2,
							"uv": {
								"north": {"uv": [56, 38], "uv_size": [3, 7]},
								"east": {"uv": [12, 52], "uv_size": [4, 7]},
								"south": {"uv": [56, 45], "uv_size": [3, 7]},
								"west": {"uv": [52, 42], "uv_size": [4, 7]},
								"up": {"uv": [64, 26], "uv_size": [3, 4]},
								"down": {"uv": [27, 68], "uv_size": [3, -4]}
							}
						}
					]
				},
				{
					"name": "handR",
					"parent": "armRB",
					"pivot": [-6.53876, 18.92752, 2.9],
					"cubes": [
						{
							"origin": [-7.58876, 15.42752, -0.6],
							"size": [2.5, 3.5, 3.5],
							"uv": {
								"north": {"uv": [59, 64], "uv_size": [3, 4]},
								"east": {"uv": [38, 61], "uv_size": [4, 4]},
								"south": {"uv": [62, 64], "uv_size": [3, 4]},
								"west": {"uv": [42, 61], "uv_size": [4, 4]},
								"up": {"uv": [8, 65], "uv_size": [3, 4]},
								"down": {"uv": [65, 13], "uv_size": [3, -4]}
							}
						}
					]
				},
				{
					"name": "armLT",
					"parent": "bodyT",
					"pivot": [5.68121, 32.1839, 1.08086],
					"cubes": [
						{
							"origin": [6.18121, 31.15916, -1.05314],
							"size": [2, 1, 3],
							"pivot": [7.08121, 31.65916, 0.54686],
							"rotation": [2.5, 0, -2.5],
							"uv": {
								"north": {"uv": [69, 52], "uv_size": [2, 1]},
								"east": {"uv": [46, 69], "uv_size": [3, 1]},
								"south": {"uv": [69, 53], "uv_size": [2, 1]},
								"west": {"uv": [69, 46], "uv_size": [3, 1]},
								"up": {"uv": [69, 36], "uv_size": [2, 3]},
								"down": {"uv": [37, 72], "uv_size": [2, -3]}
							}
						},
						{
							"origin": [6.18121, 29.15916, -1.05314],
							"size": [2, 1, 3],
							"pivot": [7.08121, 31.65916, 0.54686],
							"rotation": [2.5, 0, -2.5],
							"uv": {
								"north": {"uv": [69, 54], "uv_size": [2, 1]},
								"east": {"uv": [69, 47], "uv_size": [3, 1]},
								"south": {"uv": [69, 55], "uv_size": [2, 1]},
								"west": {"uv": [69, 48], "uv_size": [3, 1]},
								"up": {"uv": [69, 39], "uv_size": [2, 3]},
								"down": {"uv": [69, 45], "uv_size": [2, -3]}
							}
						},
						{
							"origin": [4.25, 25.2, -0.9],
							"size": [3.7, 8.5, 3.85],
							"pivot": [6.85, 32.2, 0.95],
							"rotation": [2.5, 0, -2.5],
							"uv": {
								"north": {"uv": [0, 40], "uv_size": [4, 9]},
								"east": {"uv": [4, 40], "uv_size": [4, 9]},
								"south": {"uv": [41, 5], "uv_size": [4, 9]},
								"west": {"uv": [43, 30], "uv_size": [4, 9]},
								"up": {"uv": [62, 20], "uv_size": [4, 4]},
								"down": {"uv": [46, 66], "uv_size": [4, -4]}
							}
						}
					]
				},
				{
					"name": "armLB",
					"parent": "armLT",
					"pivot": [7.06124, 25.27752, 3.15],
					"cubes": [
						{
							"origin": [5.11124, 18.72752, -0.4],
							"size": [2.75, 7, 3.5],
							"inflate": -0.2,
							"uv": {
								"north": {"uv": [52, 56], "uv_size": [3, 7]},
								"east": {"uv": [52, 49], "uv_size": [4, 7]},
								"south": {"uv": [56, 52], "uv_size": [3, 7]},
								"west": {"uv": [53, 0], "uv_size": [4, 7]},
								"up": {"uv": [11, 65], "uv_size": [3, 4]},
								"down": {"uv": [65, 17], "uv_size": [3, -4]}
							}
						},
						{
							"origin": [4.76124, 18.72752, -0.75],
							"size": [3.45, 7, 4.1],
							"inflate": -0.2,
							"uv": {
								"north": {"uv": [57, 0], "uv_size": [3, 7]},
								"east": {"uv": [53, 7], "uv_size": [4, 7]},
								"south": {"uv": [57, 7], "uv_size": [3, 7]},
								"west": {"uv": [53, 14], "uv_size": [4, 7]},
								"up": {"uv": [14, 65], "uv_size": [3, 4]},
								"down": {"uv": [17, 69], "uv_size": [3, -4]}
							}
						}
					]
				},
				{
					"name": "handL",
					"parent": "armLB",
					"pivot": [7.06124, 18.92752, 2.9],
					"cubes": [
						{
							"origin": [5.11124, 15.42752, -0.6],
							"size": [2.5, 3.5, 3.5],
							"uv": {
								"north": {"uv": [20, 65], "uv_size": [3, 4]},
								"east": {"uv": [0, 63], "uv_size": [4, 4]},
								"south": {"uv": [30, 65], "uv_size": [3, 4]},
								"west": {"uv": [4, 63], "uv_size": [4, 4]},
								"up": {"uv": [33, 65], "uv_size": [3, 4]},
								"down": {"uv": [36, 69], "uv_size": [3, -4]}
							}
						},
						{
							"origin": [7.76124, 16.12752, 0.1],
							"size": [0, 2, 2],
							"uv": {
								"north": {"uv": [0, 0], "uv_size": [0, 2]},
								"east": {"uv": [6, 67], "uv_size": [2, 2]},
								"south": {"uv": [0, 0], "uv_size": [0, 2]},
								"west": {"uv": [44, 69], "uv_size": [2, 2]},
								"up": {"uv": [0, 0], "uv_size": [0, 2]},
								"down": {"uv": [0, 2], "uv_size": [0, -2]}
							}
						}
					]
				}
			]
		}
	]
}