{
	"format_version": "1.12.0",
	"minecraft:geometry": [
		{
			"description": {
				"identifier": "geometry.unknown",
				"texture_width": 64,
				"texture_height": 64,
				"visible_bounds_width": 2,
				"visible_bounds_height": 3.5,
				"visible_bounds_offset": [0, 1.25, 0]
			},
			"bones": [
				{
					"name": "bone14",
					"pivot": [0, 0, 0]
				},
				{
					"name": "bone5",
					"parent": "bone14",
					"pivot": [0, 12, 0],
					"cubes": [
						{
							"origin": [-3, 13, -1.5],
							"size": [6, 1, 3],
							"uv": {
								"north": {"uv": [34, 32], "uv_size": [6, 1]},
								"east": {"uv": [37, 14], "uv_size": [3, 1]},
								"south": {"uv": [34, 33], "uv_size": [6, 1]},
								"west": {"uv": [37, 28], "uv_size": [3, 1]},
								"up": {"uv": [17, 18], "uv_size": [6, 3]},
								"down": {"uv": [19, 3], "uv_size": [6, -3]}
							}
						},
						{
							"origin": [-0.5, 14, -0.5],
							"size": [1, 4, 1],
							"uv": {
								"north": {"uv": [5, 24], "uv_size": [1, 4]},
								"east": {"uv": [33, 17], "uv_size": [1, 4]},
								"south": {"uv": [11, 36], "uv_size": [1, 4]},
								"west": {"uv": [36, 11], "uv_size": [1, 4]},
								"up": {"uv": [2, 41], "uv_size": [1, 1]},
								"down": {"uv": [41, 4], "uv_size": [1, -1]}
							}
						},
						{
							"origin": [-1, 14, -1],
							"size": [2, 4, 2],
							"uv": {
								"north": {"uv": [16, 32], "uv_size": [2, 4]},
								"east": {"uv": [18, 32], "uv_size": [2, 4]},
								"south": {"uv": [20, 32], "uv_size": [2, 4]},
								"west": {"uv": [32, 22], "uv_size": [2, 4]},
								"up": {"uv": [25, 36], "uv_size": [2, 2]},
								"down": {"uv": [36, 28], "uv_size": [2, -2]}
							}
						},
						{
							"origin": [-2, 12, -1.5],
							"size": [4, 1, 3],
							"uv": {
								"north": {"uv": [35, 18], "uv_size": [4, 1]},
								"east": {"uv": [37, 8], "uv_size": [3, 1]},
								"south": {"uv": [35, 19], "uv_size": [4, 1]},
								"west": {"uv": [37, 9], "uv_size": [3, 1]},
								"up": {"uv": [8, 20], "uv_size": [4, 3]},
								"down": {"uv": [12, 23], "uv_size": [4, -3]}
							}
						}
					]
				},
				{
					"name": "bone6",
					"parent": "bone5",
					"pivot": [0, 18, 1],
					"cubes": [
						{
							"origin": [-3, 22, -1],
							"size": [6, 2, 2],
							"uv": {
								"north": {"uv": [20, 14], "uv_size": [6, 2]},
								"east": {"uv": [26, 16], "uv_size": [2, 2]},
								"south": {"uv": [20, 16], "uv_size": [6, 2]},
								"west": {"uv": [14, 36], "uv_size": [2, 2]},
								"up": {"uv": [16, 21], "uv_size": [6, 2]},
								"down": {"uv": [0, 24], "uv_size": [6, -2]}
							}
						},
						{
							"origin": [3, 19, -1],
							"size": [0, 4, 2],
							"pivot": [3, 23, 0],
							"rotation": [0, 0, -17.5],
							"uv": {
								"north": {"uv": [0, 0], "uv_size": [0, 4]},
								"east": {"uv": [6, 32], "uv_size": [2, 4]},
								"south": {"uv": [0, 0], "uv_size": [0, 4]},
								"west": {"uv": [8, 32], "uv_size": [2, 4]},
								"up": {"uv": [0, 0], "uv_size": [0, 2]},
								"down": {"uv": [0, 2], "uv_size": [0, -2]}
							}
						},
						{
							"origin": [4.2089, 15.18714, -1],
							"size": [0, 4, 2],
							"pivot": [4.20801, 19.17962, 0],
							"rotation": [0, 0, -50],
							"uv": {
								"north": {"uv": [0, 0], "uv_size": [0, 4]},
								"east": {"uv": [10, 32], "uv_size": [2, 4]},
								"south": {"uv": [0, 0], "uv_size": [0, 4]},
								"west": {"uv": [14, 32], "uv_size": [2, 4]},
								"up": {"uv": [0, 0], "uv_size": [0, 2]},
								"down": {"uv": [0, 2], "uv_size": [0, -2]}
							}
						},
						{
							"origin": [3, 17, -1],
							"size": [0, 6, 2],
							"pivot": [3, 23, 0],
							"rotation": [-18.27432, 44.66112, -15.66402],
							"uv": {
								"north": {"uv": [0, 0], "uv_size": [0, 6]},
								"east": {"uv": [6, 23], "uv_size": [2, 6]},
								"south": {"uv": [0, 0], "uv_size": [0, 6]},
								"west": {"uv": [8, 23], "uv_size": [2, 6]},
								"up": {"uv": [0, 0], "uv_size": [0, 2]},
								"down": {"uv": [0, 2], "uv_size": [0, -2]}
							}
						},
						{
							"origin": [3, 18, -1],
							"size": [0, 6, 2],
							"pivot": [3, 24, 0],
							"rotation": [21.35184, -10.19943, -34.27712],
							"uv": {
								"north": {"uv": [0, 0], "uv_size": [0, 6]},
								"east": {"uv": [10, 23], "uv_size": [2, 6]},
								"south": {"uv": [0, 0], "uv_size": [0, 6]},
								"west": {"uv": [12, 23], "uv_size": [2, 6]},
								"up": {"uv": [0, 0], "uv_size": [0, 2]},
								"down": {"uv": [0, 2], "uv_size": [0, -2]}
							}
						},
						{
							"origin": [-0.85, 18.25, -0.75],
							"size": [1.7, 4.25, 1.5],
							"uv": {
								"north": {"uv": [12, 29], "uv_size": [2, 4]},
								"east": {"uv": [23, 29], "uv_size": [2, 4]},
								"south": {"uv": [0, 30], "uv_size": [2, 4]},
								"west": {"uv": [31, 9], "uv_size": [2, 4]},
								"up": {"uv": [23, 18], "uv_size": [2, 2]},
								"down": {"uv": [25, 2], "uv_size": [2, -2]}
							}
						},
						{
							"origin": [-1, 18, -1],
							"size": [2, 4, 2],
							"uv": {
								"north": {"uv": [25, 32], "uv_size": [2, 4]},
								"east": {"uv": [32, 26], "uv_size": [2, 4]},
								"south": {"uv": [27, 32], "uv_size": [2, 4]},
								"west": {"uv": [2, 33], "uv_size": [2, 4]},
								"up": {"uv": [27, 36], "uv_size": [2, 2]},
								"down": {"uv": [36, 37], "uv_size": [2, -2]}
							}
						}
					]
				},
				{
					"name": "bone7",
					"parent": "bone6",
					"pivot": [-3, 23, 0],
					"rotation": [10, -25, 10],
					"cubes": [
						{
							"origin": [-3.5, 18, -0.5],
							"size": [1, 5, 1],
							"uv": {
								"north": {"uv": [7, 36], "uv_size": [1, 5]},
								"east": {"uv": [8, 36], "uv_size": [1, 5]},
								"south": {"uv": [9, 36], "uv_size": [1, 5]},
								"west": {"uv": [10, 36], "uv_size": [1, 5]},
								"up": {"uv": [11, 42], "uv_size": [1, 1]},
								"down": {"uv": [42, 12], "uv_size": [1, -1]}
							}
						},
						{
							"origin": [-4, 18, -1],
							"size": [2, 4.75, 2],
							"uv": {
								"north": {"uv": [25, 22], "uv_size": [2, 5]},
								"east": {"uv": [26, 11], "uv_size": [2, 5]},
								"south": {"uv": [27, 0], "uv_size": [2, 5]},
								"west": {"uv": [14, 27], "uv_size": [2, 5]},
								"up": {"uv": [18, 36], "uv_size": [2, 2]},
								"down": {"uv": [20, 38], "uv_size": [2, -2]}
							}
						}
					]
				},
				{
					"name": "bone8",
					"parent": "bone7",
					"pivot": [-3, 18, 0],
					"rotation": [-22.5, 0, 0],
					"cubes": [
						{
							"origin": [-3.6, 12, -0.5],
							"size": [1.2, 6, 1],
							"uv": {
								"north": {"uv": [35, 6], "uv_size": [1, 6]},
								"east": {"uv": [35, 12], "uv_size": [1, 6]},
								"south": {"uv": [35, 22], "uv_size": [1, 6]},
								"west": {"uv": [29, 35], "uv_size": [1, 6]},
								"up": {"uv": [12, 42], "uv_size": [1, 1]},
								"down": {"uv": [42, 13], "uv_size": [1, -1]}
							}
						},
						{
							"origin": [-4, 13, -1],
							"size": [2, 5, 2],
							"uv": {
								"north": {"uv": [16, 27], "uv_size": [2, 5]},
								"east": {"uv": [18, 27], "uv_size": [2, 5]},
								"south": {"uv": [27, 22], "uv_size": [2, 5]},
								"west": {"uv": [25, 27], "uv_size": [2, 5]},
								"up": {"uv": [36, 22], "uv_size": [2, 2]},
								"down": {"uv": [36, 26], "uv_size": [2, -2]}
							}
						}
					]
				},
				{
					"name": "bone9",
					"parent": "bone8",
					"pivot": [-3, 12, 0],
					"rotation": [15, 57.5, 0],
					"cubes": [
						{
							"origin": [-2.575, 6, -0.5],
							"size": [0.825, 3, 1],
							"pivot": [-2.1625, 8.5, 0],
							"rotation": [24.81197, 3.1622, -6.80423],
							"uv": {
								"north": {"uv": [2, 37], "uv_size": [1, 3]},
								"east": {"uv": [3, 37], "uv_size": [1, 3]},
								"south": {"uv": [36, 37], "uv_size": [1, 3]},
								"west": {"uv": [37, 37], "uv_size": [1, 3]},
								"up": {"uv": [13, 42], "uv_size": [1, 1]},
								"down": {"uv": [42, 14], "uv_size": [1, -1]}
							}
						},
						{
							"origin": [-1.75, 9, -0.5],
							"size": [0.825, 3, 1],
							"pivot": [-1.3375, 11.5, 0],
							"rotation": [25, 0, -12.5],
							"uv": {
								"north": {"uv": [38, 22], "uv_size": [1, 3]},
								"east": {"uv": [25, 38], "uv_size": [1, 3]},
								"south": {"uv": [38, 25], "uv_size": [1, 3]},
								"west": {"uv": [26, 38], "uv_size": [1, 3]},
								"up": {"uv": [16, 42], "uv_size": [1, 1]},
								"down": {"uv": [42, 17], "uv_size": [1, -1]}
							}
						},
						{
							"origin": [-3.4, 6, -0.5],
							"size": [0.825, 3, 1],
							"pivot": [-2.9875, 8.5, 0],
							"rotation": [12.5, 0, 0],
							"uv": {
								"north": {"uv": [14, 38], "uv_size": [1, 3]},
								"east": {"uv": [15, 38], "uv_size": [1, 3]},
								"south": {"uv": [16, 38], "uv_size": [1, 3]},
								"west": {"uv": [17, 38], "uv_size": [1, 3]},
								"up": {"uv": [14, 42], "uv_size": [1, 1]},
								"down": {"uv": [42, 15], "uv_size": [1, -1]}
							}
						},
						{
							"origin": [-4.225, 6, -0.5],
							"size": [0.825, 3, 1],
							"pivot": [-3.8125, 8.5, 0],
							"rotation": [17.5, 0, 7.5],
							"uv": {
								"north": {"uv": [18, 38], "uv_size": [1, 3]},
								"east": {"uv": [19, 38], "uv_size": [1, 3]},
								"south": {"uv": [20, 38], "uv_size": [1, 3]},
								"west": {"uv": [21, 38], "uv_size": [1, 3]},
								"up": {"uv": [15, 42], "uv_size": [1, 1]},
								"down": {"uv": [42, 16], "uv_size": [1, -1]}
							}
						},
						{
							"origin": [-4.25, 9, -0.5],
							"size": [2.5, 3, 1],
							"uv": {
								"north": {"uv": [28, 19], "uv_size": [3, 3]},
								"east": {"uv": [25, 11], "uv_size": [1, 3]},
								"south": {"uv": [29, 0], "uv_size": [3, 3]},
								"west": {"uv": [33, 36], "uv_size": [1, 3]},
								"up": {"uv": [37, 29], "uv_size": [3, 1]},
								"down": {"uv": [37, 31], "uv_size": [3, -1]}
							}
						}
					]
				},
				{
					"name": "bone10",
					"parent": "bone6",
					"pivot": [0, 24, 0],
					"cubes": [
						{
							"origin": [-4, 25, -4],
							"size": [1, 1, 1],
							"uv": {
								"north": {"uv": [41, 14], "uv_size": [1, 1]},
								"east": {"uv": [15, 41], "uv_size": [1, 1]},
								"south": {"uv": [41, 15], "uv_size": [1, 1]},
								"west": {"uv": [16, 41], "uv_size": [1, 1]},
								"up": {"uv": [41, 16], "uv_size": [1, 1]},
								"down": {"uv": [17, 42], "uv_size": [1, -1]}
							}
						},
						{
							"origin": [-2, 25, -4],
							"size": [1, 1, 1],
							"uv": {
								"north": {"uv": [30, 41], "uv_size": [1, 1]},
								"east": {"uv": [31, 41], "uv_size": [1, 1]},
								"south": {"uv": [41, 31], "uv_size": [1, 1]},
								"west": {"uv": [41, 32], "uv_size": [1, 1]},
								"up": {"uv": [34, 41], "uv_size": [1, 1]},
								"down": {"uv": [35, 42], "uv_size": [1, -1]}
							}
						},
						{
							"origin": [1, 25, -4],
							"size": [1, 1, 1],
							"uv": {
								"north": {"uv": [41, 35], "uv_size": [1, 1]},
								"east": {"uv": [41, 36], "uv_size": [1, 1]},
								"south": {"uv": [41, 37], "uv_size": [1, 1]},
								"west": {"uv": [38, 41], "uv_size": [1, 1]},
								"up": {"uv": [41, 38], "uv_size": [1, 1]},
								"down": {"uv": [39, 42], "uv_size": [1, -1]}
							}
						},
						{
							"origin": [3, 25, -4],
							"size": [1, 1, 1],
							"uv": {
								"north": {"uv": [7, 42], "uv_size": [1, 1]},
								"east": {"uv": [42, 7], "uv_size": [1, 1]},
								"south": {"uv": [8, 42], "uv_size": [1, 1]},
								"west": {"uv": [9, 42], "uv_size": [1, 1]},
								"up": {"uv": [10, 42], "uv_size": [1, 1]},
								"down": {"uv": [42, 11], "uv_size": [1, -1]}
							}
						},
						{
							"origin": [3, 25, -2],
							"size": [1, 1, 1],
							"uv": {
								"north": {"uv": [4, 42], "uv_size": [1, 1]},
								"east": {"uv": [42, 4], "uv_size": [1, 1]},
								"south": {"uv": [5, 42], "uv_size": [1, 1]},
								"west": {"uv": [42, 5], "uv_size": [1, 1]},
								"up": {"uv": [6, 42], "uv_size": [1, 1]},
								"down": {"uv": [42, 7], "uv_size": [1, -1]}
							}
						},
						{
							"origin": [3, 25, 0],
							"size": [1, 1, 1],
							"uv": {
								"north": {"uv": [41, 39], "uv_size": [1, 1]},
								"east": {"uv": [41, 40], "uv_size": [1, 1]},
								"south": {"uv": [41, 41], "uv_size": [1, 1]},
								"west": {"uv": [1, 42], "uv_size": [1, 1]},
								"up": {"uv": [2, 42], "uv_size": [1, 1]},
								"down": {"uv": [42, 4], "uv_size": [1, -1]}
							}
						},
						{
							"origin": [-4, 25, -2],
							"size": [1, 1, 1],
							"uv": {
								"north": {"uv": [41, 17], "uv_size": [1, 1]},
								"east": {"uv": [18, 41], "uv_size": [1, 1]},
								"south": {"uv": [19, 41], "uv_size": [1, 1]},
								"west": {"uv": [20, 41], "uv_size": [1, 1]},
								"up": {"uv": [21, 41], "uv_size": [1, 1]},
								"down": {"uv": [25, 42], "uv_size": [1, -1]}
							}
						},
						{
							"origin": [-4, 25, 0],
							"size": [1, 1, 1],
							"uv": {
								"north": {"uv": [26, 41], "uv_size": [1, 1]},
								"east": {"uv": [27, 41], "uv_size": [1, 1]},
								"south": {"uv": [28, 41], "uv_size": [1, 1]},
								"west": {"uv": [41, 28], "uv_size": [1, 1]},
								"up": {"uv": [29, 41], "uv_size": [1, 1]},
								"down": {"uv": [41, 30], "uv_size": [1, -1]}
							}
						},
						{
							"origin": [-4, 25, 1],
							"size": [1, 7, 1],
							"uv": {
								"north": {"uv": [22, 32], "uv_size": [1, 7]},
								"east": {"uv": [33, 3], "uv_size": [1, 7]},
								"south": {"uv": [4, 33], "uv_size": [1, 7]},
								"west": {"uv": [5, 33], "uv_size": [1, 7]},
								"up": {"uv": [10, 41], "uv_size": [1, 1]},
								"down": {"uv": [12, 42], "uv_size": [1, -1]}
							}
						},
						{
							"origin": [3, 25, 1],
							"size": [1, 7, 1],
							"uv": {
								"north": {"uv": [33, 10], "uv_size": [1, 7]},
								"east": {"uv": [12, 33], "uv_size": [1, 7]},
								"south": {"uv": [13, 33], "uv_size": [1, 7]},
								"west": {"uv": [23, 33], "uv_size": [1, 7]},
								"up": {"uv": [41, 12], "uv_size": [1, 1]},
								"down": {"uv": [13, 42], "uv_size": [1, -1]}
							}
						},
						{
							"origin": [-3, 31, 1],
							"size": [6, 1, 1],
							"uv": {
								"north": {"uv": [34, 34], "uv_size": [6, 1]},
								"east": {"uv": [41, 13], "uv_size": [1, 1]},
								"south": {"uv": [35, 3], "uv_size": [6, 1]},
								"west": {"uv": [14, 41], "uv_size": [1, 1]},
								"up": {"uv": [35, 4], "uv_size": [6, 1]},
								"down": {"uv": [35, 6], "uv_size": [6, -1]}
							}
						},
						{
							"origin": [-4, 25, 2],
							"size": [8, 7, 2],
							"uv": {
								"north": {"uv": [8, 0], "uv_size": [8, 7]},
								"east": {"uv": [6, 16], "uv_size": [2, 7]},
								"south": {"uv": [8, 7], "uv_size": [8, 7]},
								"west": {"uv": [20, 7], "uv_size": [2, 7]},
								"up": {"uv": [19, 3], "uv_size": [8, 2]},
								"down": {"uv": [19, 7], "uv_size": [8, -2]}
							}
						},
						{
							"origin": [-0.75, 25.25, 1],
							"size": [2, 6, 0],
							"pivot": [0.25, 28.75, 1],
							"rotation": [-7.67583, 1.61888, 2.60362],
							"uv": {
								"north": {"uv": [20, 23], "uv_size": [2, 6]},
								"east": {"uv": [0, 0], "uv_size": [0, 6]},
								"south": {"uv": [0, 24], "uv_size": [2, 6]},
								"west": {"uv": [0, 0], "uv_size": [0, 6]},
								"up": {"uv": [0, 0], "uv_size": [2, 0]},
								"down": {"uv": [0, 0], "uv_size": [2, 0]}
							}
						},
						{
							"origin": [-3, 26.25, 1.5],
							"size": [2, 5, 0],
							"pivot": [-2, 28.75, 1.5],
							"rotation": [0, 0, 15],
							"uv": {
								"north": {"uv": [4, 28], "uv_size": [2, 5]},
								"east": {"uv": [0, 0], "uv_size": [0, 5]},
								"south": {"uv": [28, 5], "uv_size": [2, 5]},
								"west": {"uv": [0, 0], "uv_size": [0, 5]},
								"up": {"uv": [0, 0], "uv_size": [2, 0]},
								"down": {"uv": [0, 0], "uv_size": [2, 0]}
							}
						},
						{
							"origin": [1.25, 26.25, 1.5],
							"size": [2, 5, 0],
							"pivot": [2.25, 28.75, 1.5],
							"rotation": [7.5, 0, -15],
							"uv": {
								"north": {"uv": [27, 27], "uv_size": [2, 5]},
								"east": {"uv": [0, 0], "uv_size": [0, 5]},
								"south": {"uv": [2, 28], "uv_size": [2, 5]},
								"west": {"uv": [0, 0], "uv_size": [0, 5]},
								"up": {"uv": [0, 0], "uv_size": [2, 0]},
								"down": {"uv": [0, 0], "uv_size": [2, 0]}
							}
						},
						{
							"origin": [-4, 24, -4],
							"size": [8, 1, 8],
							"uv": {
								"north": {"uv": [31, 21], "uv_size": [8, 1]},
								"east": {"uv": [32, 0], "uv_size": [8, 1]},
								"south": {"uv": [32, 1], "uv_size": [8, 1]},
								"west": {"uv": [32, 2], "uv_size": [8, 1]},
								"up": {"uv": [0, 0], "uv_size": [8, 8]},
								"down": {"uv": [0, 16], "uv_size": [8, -8]}
							}
						}
					]
				},
				{
					"name": "bone12",
					"parent": "bone10",
					"pivot": [2.25, 32, 3],
					"cubes": [
						{
							"origin": [0.75, 33, 2.5],
							"size": [3, 3, 1],
							"uv": {
								"north": {"uv": [20, 29], "uv_size": [3, 3]},
								"east": {"uv": [22, 39], "uv_size": [1, 3]},
								"south": {"uv": [29, 22], "uv_size": [3, 3]},
								"west": {"uv": [24, 39], "uv_size": [1, 3]},
								"up": {"uv": [39, 25], "uv_size": [3, 1]},
								"down": {"uv": [39, 27], "uv_size": [3, -1]}
							}
						},
						{
							"origin": [1, 32, 2.6],
							"size": [2.5, 1, 0.8],
							"uv": {
								"north": {"uv": [39, 27], "uv_size": [3, 1]},
								"east": {"uv": [20, 42], "uv_size": [1, 1]},
								"south": {"uv": [38, 39], "uv_size": [3, 1]},
								"west": {"uv": [42, 20], "uv_size": [1, 1]},
								"up": {"uv": [0, 40], "uv_size": [3, 1]},
								"down": {"uv": [40, 1], "uv_size": [3, -1]}
							}
						}
					]
				},
				{
					"name": "bone13",
					"parent": "bone12",
					"pivot": [2.25, 36, 3],
					"cubes": [
						{
							"origin": [0.75, 37, 2.5],
							"size": [3, 3, 1],
							"uv": {
								"north": {"uv": [29, 25], "uv_size": [3, 3]},
								"east": {"uv": [33, 39], "uv_size": [1, 3]},
								"south": {"uv": [29, 28], "uv_size": [3, 3]},
								"west": {"uv": [3, 40], "uv_size": [1, 3]},
								"up": {"uv": [40, 1], "uv_size": [3, 1]},
								"down": {"uv": [40, 3], "uv_size": [3, -1]}
							}
						},
						{
							"origin": [1, 36, 2.6],
							"size": [2.5, 1, 0.8],
							"uv": {
								"north": {"uv": [39, 21], "uv_size": [3, 1]},
								"east": {"uv": [19, 42], "uv_size": [1, 1]},
								"south": {"uv": [39, 22], "uv_size": [3, 1]},
								"west": {"uv": [42, 19], "uv_size": [1, 1]},
								"up": {"uv": [39, 23], "uv_size": [3, 1]},
								"down": {"uv": [39, 25], "uv_size": [3, -1]}
							}
						}
					]
				},
				{
					"name": "bone11",
					"parent": "bone10",
					"pivot": [-2.5, 32, 3],
					"cubes": [
						{
							"origin": [-4, 33, 2.5],
							"size": [3, 3, 1],
							"uv": {
								"north": {"uv": [6, 29], "uv_size": [3, 3]},
								"east": {"uv": [27, 38], "uv_size": [1, 3]},
								"south": {"uv": [9, 29], "uv_size": [3, 3]},
								"west": {"uv": [28, 38], "uv_size": [1, 3]},
								"up": {"uv": [38, 36], "uv_size": [3, 1]},
								"down": {"uv": [38, 38], "uv_size": [3, -1]}
							}
						},
						{
							"origin": [-3.75, 36, 2.6],
							"size": [2.5, 1, 0.8],
							"uv": {
								"north": {"uv": [38, 38], "uv_size": [3, 1]},
								"east": {"uv": [18, 42], "uv_size": [1, 1]},
								"south": {"uv": [39, 18], "uv_size": [3, 1]},
								"west": {"uv": [42, 18], "uv_size": [1, 1]},
								"up": {"uv": [39, 19], "uv_size": [3, 1]},
								"down": {"uv": [39, 21], "uv_size": [3, -1]}
							}
						},
						{
							"origin": [-3.75, 32, 2.6],
							"size": [2.5, 1, 0.8],
							"uv": {
								"north": {"uv": [37, 31], "uv_size": [3, 1]},
								"east": {"uv": [17, 42], "uv_size": [1, 1]},
								"south": {"uv": [38, 16], "uv_size": [3, 1]},
								"west": {"uv": [42, 17], "uv_size": [1, 1]},
								"up": {"uv": [38, 17], "uv_size": [3, 1]},
								"down": {"uv": [38, 36], "uv_size": [3, -1]}
							}
						}
					]
				},
				{
					"name": "bone3",
					"parent": "bone14",
					"pivot": [2, 12, 0],
					"cubes": [
						{
							"origin": [1.5, 6, -0.5],
							"size": [1, 6, 1],
							"uv": {
								"north": {"uv": [34, 3], "uv_size": [1, 6]},
								"east": {"uv": [34, 9], "uv_size": [1, 6]},
								"south": {"uv": [34, 15], "uv_size": [1, 6]},
								"west": {"uv": [34, 22], "uv_size": [1, 6]},
								"up": {"uv": [7, 41], "uv_size": [1, 1]},
								"down": {"uv": [41, 8], "uv_size": [1, -1]}
							}
						},
						{
							"origin": [0.25, 6, -1.5],
							"size": [3, 6, 3],
							"pivot": [2, 9, 0],
							"rotation": [0, 0, -5],
							"uv": {
								"north": {"uv": [16, 0], "uv_size": [3, 6]},
								"east": {"uv": [3, 16], "uv_size": [3, 6]},
								"south": {"uv": [16, 6], "uv_size": [3, 6]},
								"west": {"uv": [17, 12], "uv_size": [3, 6]},
								"up": {"uv": [28, 13], "uv_size": [3, 3]},
								"down": {"uv": [28, 19], "uv_size": [3, -3]}
							}
						}
					]
				},
				{
					"name": "bone4",
					"parent": "bone3",
					"pivot": [2, 6, -1],
					"cubes": [
						{
							"origin": [0.5, 0, -2],
							"size": [3, 1.25, 3.5],
							"uv": {
								"north": {"uv": [40, 8], "uv_size": [3, 1]},
								"east": {"uv": [37, 6], "uv_size": [4, 1]},
								"south": {"uv": [40, 9], "uv_size": [3, 1]},
								"west": {"uv": [37, 7], "uv_size": [4, 1]},
								"up": {"uv": [14, 23], "uv_size": [3, 4]},
								"down": {"uv": [17, 27], "uv_size": [3, -4]}
							}
						},
						{
							"origin": [2.65, 0, -3.46967],
							"size": [1.05, 1, 1.5],
							"uv": {
								"north": {"uv": [23, 42], "uv_size": [1, 1]},
								"east": {"uv": [40, 34], "uv_size": [2, 1]},
								"south": {"uv": [42, 23], "uv_size": [1, 1]},
								"west": {"uv": [38, 40], "uv_size": [2, 1]},
								"up": {"uv": [40, 40], "uv_size": [1, 2]},
								"down": {"uv": [0, 43], "uv_size": [1, -2]}
							}
						},
						{
							"origin": [1.45, 0, -3.46967],
							"size": [1.1, 1, 1.5],
							"uv": {
								"north": {"uv": [22, 42], "uv_size": [1, 1]},
								"east": {"uv": [40, 33], "uv_size": [2, 1]},
								"south": {"uv": [42, 22], "uv_size": [1, 1]},
								"west": {"uv": [34, 40], "uv_size": [2, 1]},
								"up": {"uv": [36, 40], "uv_size": [1, 2]},
								"down": {"uv": [37, 42], "uv_size": [1, -2]}
							}
						},
						{
							"origin": [0.3, 0, -3.46967],
							"size": [1.05, 1, 1.5],
							"uv": {
								"north": {"uv": [21, 42], "uv_size": [1, 1]},
								"east": {"uv": [30, 40], "uv_size": [2, 1]},
								"south": {"uv": [42, 21], "uv_size": [1, 1]},
								"west": {"uv": [40, 30], "uv_size": [2, 1]},
								"up": {"uv": [40, 31], "uv_size": [1, 2]},
								"down": {"uv": [32, 42], "uv_size": [1, -2]}
							}
						},
						{
							"origin": [1.5, 1.25, -0.5],
							"size": [1, 4.75, 1],
							"uv": {
								"north": {"uv": [34, 35], "uv_size": [1, 5]},
								"east": {"uv": [35, 35], "uv_size": [1, 5]},
								"south": {"uv": [6, 36], "uv_size": [1, 5]},
								"west": {"uv": [36, 6], "uv_size": [1, 5]},
								"up": {"uv": [8, 41], "uv_size": [1, 1]},
								"down": {"uv": [9, 42], "uv_size": [1, -1]}
							}
						},
						{
							"origin": [0.5, 1.75, -1.5],
							"size": [3, 3.75, 3],
							"uv": {
								"north": {"uv": [2, 24], "uv_size": [3, 4]},
								"east": {"uv": [25, 7], "uv_size": [3, 4]},
								"south": {"uv": [25, 18], "uv_size": [3, 4]},
								"west": {"uv": [22, 25], "uv_size": [3, 4]},
								"up": {"uv": [30, 3], "uv_size": [3, 3]},
								"down": {"uv": [30, 9], "uv_size": [3, -3]}
							}
						},
						{
							"origin": [0.75, 4.75, -1.75],
							"size": [2.5, 1.75, 1],
							"uv": {
								"north": {"uv": [34, 28], "uv_size": [3, 2]},
								"east": {"uv": [23, 40], "uv_size": [1, 2]},
								"south": {"uv": [34, 30], "uv_size": [3, 2]},
								"west": {"uv": [40, 28], "uv_size": [1, 2]},
								"up": {"uv": [37, 12], "uv_size": [3, 1]},
								"down": {"uv": [37, 14], "uv_size": [3, -1]}
							}
						}
					]
				},
				{
					"name": "bone",
					"parent": "bone14",
					"pivot": [-2, 12, 0],
					"cubes": [
						{
							"origin": [-2.5, 6, -0.5],
							"size": [1, 6, 1],
							"uv": {
								"north": {"uv": [24, 33], "uv_size": [1, 6]},
								"east": {"uv": [33, 30], "uv_size": [1, 6]},
								"south": {"uv": [0, 34], "uv_size": [1, 6]},
								"west": {"uv": [1, 34], "uv_size": [1, 6]},
								"up": {"uv": [32, 30], "uv_size": [1, 1]},
								"down": {"uv": [1, 42], "uv_size": [1, -1]}
							}
						},
						{
							"origin": [-3.25, 6, -1.5],
							"size": [3, 6, 3],
							"pivot": [-2, 9, 0],
							"rotation": [0, 0, 5],
							"uv": {
								"north": {"uv": [8, 14], "uv_size": [3, 6]},
								"east": {"uv": [11, 14], "uv_size": [3, 6]},
								"south": {"uv": [14, 14], "uv_size": [3, 6]},
								"west": {"uv": [0, 16], "uv_size": [3, 6]},
								"up": {"uv": [22, 11], "uv_size": [3, 3]},
								"down": {"uv": [28, 13], "uv_size": [3, -3]}
							}
						}
					]
				},
				{
					"name": "bone2",
					"parent": "bone",
					"pivot": [-2, 6, -1],
					"cubes": [
						{
							"origin": [-3.5, 0, -2],
							"size": [3, 1.25, 3.5],
							"uv": {
								"north": {"uv": [37, 10], "uv_size": [3, 1]},
								"east": {"uv": [35, 20], "uv_size": [4, 1]},
								"south": {"uv": [37, 11], "uv_size": [3, 1]},
								"west": {"uv": [36, 15], "uv_size": [4, 1]},
								"up": {"uv": [22, 7], "uv_size": [3, 4]},
								"down": {"uv": [22, 25], "uv_size": [3, -4]}
							}
						},
						{
							"origin": [-3.7, 0, -3.46967],
							"size": [1.05, 1, 1.5],
							"uv": {
								"north": {"uv": [4, 41], "uv_size": [1, 1]},
								"east": {"uv": [23, 20], "uv_size": [2, 1]},
								"south": {"uv": [41, 4], "uv_size": [1, 1]},
								"west": {"uv": [25, 2], "uv_size": [2, 1]},
								"up": {"uv": [16, 12], "uv_size": [1, 2]},
								"down": {"uv": [27, 7], "uv_size": [1, -2]}
							}
						},
						{
							"origin": [-2.55, 0, -3.46967],
							"size": [1.1, 1, 1.5],
							"uv": {
								"north": {"uv": [5, 41], "uv_size": [1, 1]},
								"east": {"uv": [4, 40], "uv_size": [2, 1]},
								"south": {"uv": [41, 5], "uv_size": [1, 1]},
								"west": {"uv": [40, 10], "uv_size": [2, 1]},
								"up": {"uv": [29, 3], "uv_size": [1, 2]},
								"down": {"uv": [11, 42], "uv_size": [1, -2]}
							}
						},
						{
							"origin": [-1.35, 0, -3.46967],
							"size": [1.05, 1, 1.5],
							"uv": {
								"north": {"uv": [6, 41], "uv_size": [1, 1]},
								"east": {"uv": [40, 11], "uv_size": [2, 1]},
								"south": {"uv": [41, 6], "uv_size": [1, 1]},
								"west": {"uv": [12, 40], "uv_size": [2, 1]},
								"up": {"uv": [40, 12], "uv_size": [1, 2]},
								"down": {"uv": [40, 16], "uv_size": [1, -2]}
							}
						},
						{
							"origin": [-2.5, 1.25, -0.5],
							"size": [1, 4.75, 1],
							"uv": {
								"north": {"uv": [19, 7], "uv_size": [1, 5]},
								"east": {"uv": [30, 35], "uv_size": [1, 5]},
								"south": {"uv": [31, 35], "uv_size": [1, 5]},
								"west": {"uv": [32, 35], "uv_size": [1, 5]},
								"up": {"uv": [16, 20], "uv_size": [1, 1]},
								"down": {"uv": [30, 10], "uv_size": [1, -1]}
							}
						},
						{
							"origin": [-3, 1.75, -1],
							"size": [2, 3.75, 2],
							"uv": {
								"north": {"uv": [31, 13], "uv_size": [2, 4]},
								"east": {"uv": [31, 17], "uv_size": [2, 4]},
								"south": {"uv": [29, 31], "uv_size": [2, 4]},
								"west": {"uv": [31, 31], "uv_size": [2, 4]},
								"up": {"uv": [16, 36], "uv_size": [2, 2]},
								"down": {"uv": [36, 18], "uv_size": [2, -2]}
							}
						}
					]
				}
			]
		}
	]
}