{
	"format_version": "1.12.0",
	"minecraft:geometry": [
		{
			"description": {
				"identifier": "geometry.unknown",
				"texture_width": 128,
				"texture_height": 128,
				"visible_bounds_width": 5,
				"visible_bounds_height": 5.5,
				"visible_bounds_offset": [0, 2.25, 0]
			},
			"bones": [
				{
					"name": "Monster",
					"pivot": [0, 0, 0]
				},
				{
					"name": "LeftLeg",
					"parent": "Monster",
					"pivot": [6, 37, 0],
					"rotation": [-27.5, 0, 0],
					"cubes": [
						{
							"origin": [3, 17, -2],
							"size": [6, 22, 4],
							"uv": {
								"north": {"uv": [28, 16], "uv_size": [6, 22]},
								"east": {"uv": [18, 50], "uv_size": [4, 22]},
								"south": {"uv": [34, 0], "uv_size": [6, 22]},
								"west": {"uv": [22, 50], "uv_size": [4, 22]},
								"up": {"uv": [28, 98], "uv_size": [6, 4]},
								"down": {"uv": [98, 91], "uv_size": [6, -4]}
							}
						},
						{
							"origin": [2, 32, -1],
							"size": [2, 7, 3],
							"uv": {
								"north": {"uv": [46, 101], "uv_size": [2, 7]},
								"east": {"uv": [98, 98], "uv_size": [3, 7]},
								"south": {"uv": [48, 101], "uv_size": [2, 7]},
								"west": {"uv": [6, 99], "uv_size": [3, 7]},
								"up": {"uv": [102, 84], "uv_size": [2, 3]},
								"down": {"uv": [110, 3], "uv_size": [2, -3]}
							}
						},
						{
							"origin": [6, 29, -3],
							"size": [2, 10, 1],
							"uv": {
								"north": {"uv": [36, 99], "uv_size": [2, 10]},
								"east": {"uv": [84, 107], "uv_size": [1, 10]},
								"south": {"uv": [38, 99], "uv_size": [2, 10]},
								"west": {"uv": [96, 107], "uv_size": [1, 10]},
								"up": {"uv": [11, 114], "uv_size": [2, 1]},
								"down": {"uv": [13, 115], "uv_size": [2, -1]}
							}
						},
						{
							"origin": [4, 28, 2],
							"size": [4, 11, 2],
							"uv": {
								"north": {"uv": [20, 87], "uv_size": [4, 11]},
								"east": {"uv": [51, 95], "uv_size": [2, 11]},
								"south": {"uv": [87, 20], "uv_size": [4, 11]},
								"west": {"uv": [4, 98], "uv_size": [2, 11]},
								"up": {"uv": [109, 16], "uv_size": [4, 2]},
								"down": {"uv": [109, 20], "uv_size": [4, -2]}
							}
						},
						{
							"origin": [5, 17, 2],
							"size": [3, 11, 1],
							"uv": {
								"north": {"uv": [78, 93], "uv_size": [3, 11]},
								"east": {"uv": [18, 102], "uv_size": [1, 11]},
								"south": {"uv": [94, 64], "uv_size": [3, 11]},
								"west": {"uv": [19, 102], "uv_size": [1, 11]},
								"up": {"uv": [112, 72], "uv_size": [3, 1]},
								"down": {"uv": [73, 113], "uv_size": [3, -1]}
							}
						}
					]
				},
				{
					"name": "LeftLegDown",
					"parent": "LeftLeg",
					"pivot": [6, 17, -2],
					"rotation": [52.5, 0, 0],
					"cubes": [
						{
							"origin": [3.5, -3, -2],
							"size": [5, 20, 3],
							"uv": {
								"north": {"uv": [0, 50], "uv_size": [5, 20]},
								"east": {"uv": [44, 72], "uv_size": [3, 20]},
								"south": {"uv": [5, 50], "uv_size": [5, 20]},
								"west": {"uv": [72, 70], "uv_size": [3, 20]},
								"up": {"uv": [100, 73], "uv_size": [5, 3]},
								"down": {"uv": [100, 79], "uv_size": [5, -3]}
							}
						},
						{
							"origin": [4.5, 5, 1],
							"size": [3, 12, 1],
							"uv": {
								"north": {"uv": [90, 88], "uv_size": [3, 12]},
								"east": {"uv": [57, 100], "uv_size": [1, 12]},
								"south": {"uv": [91, 18], "uv_size": [3, 12]},
								"west": {"uv": [97, 100], "uv_size": [1, 12]},
								"up": {"uv": [112, 73], "uv_size": [3, 1]},
								"down": {"uv": [112, 75], "uv_size": [3, -1]}
							}
						},
						{
							"origin": [5, 7, -3],
							"size": [2, 10, 1],
							"uv": {
								"north": {"uv": [40, 99], "uv_size": [2, 10]},
								"east": {"uv": [46, 108], "uv_size": [1, 10]},
								"south": {"uv": [42, 99], "uv_size": [2, 10]},
								"west": {"uv": [47, 108], "uv_size": [1, 10]},
								"up": {"uv": [33, 114], "uv_size": [2, 1]},
								"down": {"uv": [114, 43], "uv_size": [2, -1]}
							}
						}
					]
				},
				{
					"name": "ankle2",
					"parent": "LeftLegDown",
					"pivot": [6, -3, -1],
					"rotation": [-22.5, 0, 0],
					"cubes": [
						{
							"origin": [4, -5, -3],
							"size": [4, 2, 2],
							"uv": {
								"north": {"uv": [109, 20], "uv_size": [4, 2]},
								"east": {"uv": [61, 112], "uv_size": [2, 2]},
								"south": {"uv": [109, 22], "uv_size": [4, 2]},
								"west": {"uv": [112, 61], "uv_size": [2, 2]},
								"up": {"uv": [109, 24], "uv_size": [4, 2]},
								"down": {"uv": [109, 28], "uv_size": [4, -2]}
							}
						},
						{
							"origin": [3.5, -5, -8],
							"size": [5, 2, 5],
							"uv": {
								"north": {"uv": [108, 79], "uv_size": [5, 2]},
								"east": {"uv": [108, 81], "uv_size": [5, 2]},
								"south": {"uv": [108, 83], "uv_size": [5, 2]},
								"west": {"uv": [108, 85], "uv_size": [5, 2]},
								"up": {"uv": [96, 5], "uv_size": [5, 5]},
								"down": {"uv": [96, 15], "uv_size": [5, -5]}
							}
						},
						{
							"origin": [7.6, -4.25, -9.5],
							"size": [0.8, 1, 2],
							"pivot": [5.875, -4, -7.25],
							"rotation": [20, 0, 0],
							"uv": {
								"north": {"uv": [114, 114], "uv_size": [1, 1]},
								"east": {"uv": [15, 114], "uv_size": [2, 1]},
								"south": {"uv": [115, 0], "uv_size": [1, 1]},
								"west": {"uv": [17, 114], "uv_size": [2, 1]},
								"up": {"uv": [7, 114], "uv_size": [1, 2]},
								"down": {"uv": [20, 116], "uv_size": [1, -2]}
							}
						},
						{
							"origin": [6.6, -4.25, -9.6],
							"size": [0.8, 1, 2.1],
							"pivot": [5.875, -4, -7.25],
							"rotation": [20, 0, 0],
							"uv": {
								"north": {"uv": [115, 1], "uv_size": [1, 1]},
								"east": {"uv": [21, 114], "uv_size": [2, 1]},
								"south": {"uv": [115, 2], "uv_size": [1, 1]},
								"west": {"uv": [23, 114], "uv_size": [2, 1]},
								"up": {"uv": [25, 114], "uv_size": [1, 2]},
								"down": {"uv": [26, 116], "uv_size": [1, -2]}
							}
						},
						{
							"origin": [5.7, -4.25, -9.8],
							"size": [0.8, 1, 2.3],
							"pivot": [5.875, -4, -7.25],
							"rotation": [20, 0, 0],
							"uv": {
								"north": {"uv": [115, 3], "uv_size": [1, 1]},
								"east": {"uv": [27, 114], "uv_size": [2, 1]},
								"south": {"uv": [115, 4], "uv_size": [1, 1]},
								"west": {"uv": [29, 114], "uv_size": [2, 1]},
								"up": {"uv": [31, 114], "uv_size": [1, 2]},
								"down": {"uv": [32, 116], "uv_size": [1, -2]}
							}
						},
						{
							"origin": [4.6, -4.25, -10],
							"size": [1, 1, 2.5],
							"pivot": [5.875, -4, -7.25],
							"rotation": [20, 0, 0],
							"uv": {
								"north": {"uv": [115, 5], "uv_size": [1, 1]},
								"east": {"uv": [112, 75], "uv_size": [3, 1]},
								"south": {"uv": [115, 6], "uv_size": [1, 1]},
								"west": {"uv": [112, 76], "uv_size": [3, 1]},
								"up": {"uv": [85, 111], "uv_size": [1, 3]},
								"down": {"uv": [50, 115], "uv_size": [1, -3]}
							}
						},
						{
							"origin": [3.25, -4.25, -10.5],
							"size": [1, 1, 3],
							"pivot": [5.875, -4, -7.25],
							"rotation": [20, 0, 0],
							"uv": {
								"north": {"uv": [115, 7], "uv_size": [1, 1]},
								"east": {"uv": [80, 112], "uv_size": [3, 1]},
								"south": {"uv": [115, 8], "uv_size": [1, 1]},
								"west": {"uv": [86, 112], "uv_size": [3, 1]},
								"up": {"uv": [57, 112], "uv_size": [1, 3]},
								"down": {"uv": [83, 115], "uv_size": [1, -3]}
							}
						},
						{
							"origin": [4.5, -5, -1],
							"size": [3, 2, 2],
							"uv": {
								"north": {"uv": [110, 3], "uv_size": [3, 2]},
								"east": {"uv": [63, 112], "uv_size": [2, 2]},
								"south": {"uv": [110, 5], "uv_size": [3, 2]},
								"west": {"uv": [112, 63], "uv_size": [2, 2]},
								"up": {"uv": [110, 34], "uv_size": [3, 2]},
								"down": {"uv": [110, 38], "uv_size": [3, -2]}
							}
						}
					]
				},
				{
					"name": "RighLeg",
					"parent": "Monster",
					"pivot": [-6, 37, 0],
					"rotation": [-27.5, 0, 0],
					"cubes": [
						{
							"origin": [-9, 17, -2],
							"size": [6, 22, 4],
							"uv": {
								"north": {"uv": [0, 28], "uv_size": [6, 22]},
								"east": {"uv": [10, 50], "uv_size": [4, 22]},
								"south": {"uv": [6, 28], "uv_size": [6, 22]},
								"west": {"uv": [14, 50], "uv_size": [4, 22]},
								"up": {"uv": [12, 98], "uv_size": [6, 4]},
								"down": {"uv": [18, 102], "uv_size": [6, -4]}
							}
						},
						{
							"origin": [-4, 32, -1],
							"size": [2, 7, 3],
							"uv": {
								"north": {"uv": [101, 21], "uv_size": [2, 7]},
								"east": {"uv": [31, 75], "uv_size": [3, 7]},
								"south": {"uv": [101, 28], "uv_size": [2, 7]},
								"west": {"uv": [98, 91], "uv_size": [3, 7]},
								"up": {"uv": [28, 95], "uv_size": [2, 3]},
								"down": {"uv": [95, 64], "uv_size": [2, -3]}
							}
						},
						{
							"origin": [-8, 29, -3],
							"size": [2, 10, 1],
							"uv": {
								"north": {"uv": [34, 98], "uv_size": [2, 10]},
								"east": {"uv": [37, 82], "uv_size": [1, 10]},
								"south": {"uv": [9, 99], "uv_size": [2, 10]},
								"west": {"uv": [60, 104], "uv_size": [1, 10]},
								"up": {"uv": [87, 113], "uv_size": [2, 1]},
								"down": {"uv": [89, 114], "uv_size": [2, -1]}
							}
						},
						{
							"origin": [-8, 28, 2],
							"size": [4, 11, 2],
							"uv": {
								"north": {"uv": [12, 87], "uv_size": [4, 11]},
								"east": {"uv": [32, 0], "uv_size": [2, 11]},
								"south": {"uv": [16, 87], "uv_size": [4, 11]},
								"west": {"uv": [62, 73], "uv_size": [2, 11]},
								"up": {"uv": [78, 35], "uv_size": [4, 2]},
								"down": {"uv": [96, 49], "uv_size": [4, -2]}
							}
						},
						{
							"origin": [-8, 17, 2],
							"size": [3, 11, 1],
							"uv": {
								"north": {"uv": [86, 92], "uv_size": [3, 11]},
								"east": {"uv": [50, 101], "uv_size": [1, 11]},
								"south": {"uv": [58, 93], "uv_size": [3, 11]},
								"west": {"uv": [17, 102], "uv_size": [1, 11]},
								"up": {"uv": [112, 65], "uv_size": [3, 1]},
								"down": {"uv": [112, 67], "uv_size": [3, -1]}
							}
						}
					]
				},
				{
					"name": "RightLegDown",
					"parent": "RighLeg",
					"pivot": [-6, 17, -2],
					"rotation": [52.5, 0, 0],
					"cubes": [
						{
							"origin": [-8.5, -3, -2],
							"size": [5, 20, 3],
							"uv": {
								"north": {"uv": [42, 44], "uv_size": [5, 20]},
								"east": {"uv": [38, 72], "uv_size": [3, 20]},
								"south": {"uv": [47, 44], "uv_size": [5, 20]},
								"west": {"uv": [41, 72], "uv_size": [3, 20]},
								"up": {"uv": [90, 49], "uv_size": [5, 3]},
								"down": {"uv": [73, 103], "uv_size": [5, -3]}
							}
						},
						{
							"origin": [-7.5, 5, 1],
							"size": [3, 12, 1],
							"uv": {
								"north": {"uv": [28, 83], "uv_size": [3, 12]},
								"east": {"uv": [69, 97], "uv_size": [1, 12]},
								"south": {"uv": [70, 90], "uv_size": [3, 12]},
								"west": {"uv": [85, 99], "uv_size": [1, 12]},
								"up": {"uv": [112, 67], "uv_size": [3, 1]},
								"down": {"uv": [112, 69], "uv_size": [3, -1]}
							}
						},
						{
							"origin": [-7, 7, -3],
							"size": [2, 10, 1],
							"uv": {
								"north": {"uv": [99, 15], "uv_size": [2, 10]},
								"east": {"uv": [100, 105], "uv_size": [1, 10]},
								"south": {"uv": [99, 25], "uv_size": [2, 10]},
								"west": {"uv": [8, 106], "uv_size": [1, 10]},
								"up": {"uv": [91, 113], "uv_size": [2, 1]},
								"down": {"uv": [93, 114], "uv_size": [2, -1]}
							}
						}
					]
				},
				{
					"name": "ankle",
					"parent": "RightLegDown",
					"pivot": [-6, -3, -1],
					"rotation": [-22.5, 0, 0],
					"cubes": [
						{
							"origin": [-8, -5, -3],
							"size": [4, 2, 2],
							"uv": {
								"north": {"uv": [109, 8], "uv_size": [4, 2]},
								"east": {"uv": [112, 57], "uv_size": [2, 2]},
								"south": {"uv": [109, 10], "uv_size": [4, 2]},
								"west": {"uv": [112, 59], "uv_size": [2, 2]},
								"up": {"uv": [109, 12], "uv_size": [4, 2]},
								"down": {"uv": [109, 16], "uv_size": [4, -2]}
							}
						},
						{
							"origin": [-8.5, -5, -8],
							"size": [5, 2, 5],
							"uv": {
								"north": {"uv": [108, 52], "uv_size": [5, 2]},
								"east": {"uv": [61, 108], "uv_size": [5, 2]},
								"south": {"uv": [72, 108], "uv_size": [5, 2]},
								"west": {"uv": [108, 77], "uv_size": [5, 2]},
								"up": {"uv": [93, 95], "uv_size": [5, 5]},
								"down": {"uv": [96, 5], "uv_size": [5, -5]}
							}
						},
						{
							"origin": [-8.4, -4.25, -9.5],
							"size": [0.8, 1, 2],
							"pivot": [-5.875, -4, -7.25],
							"rotation": [20, 0, 0],
							"uv": {
								"north": {"uv": [114, 111], "uv_size": [1, 1]},
								"east": {"uv": [113, 112], "uv_size": [2, 1]},
								"south": {"uv": [113, 114], "uv_size": [1, 1]},
								"west": {"uv": [113, 113], "uv_size": [2, 1]},
								"up": {"uv": [114, 0], "uv_size": [1, 2]},
								"down": {"uv": [6, 116], "uv_size": [1, -2]}
							}
						},
						{
							"origin": [-7.4, -4.25, -9.6],
							"size": [0.8, 1, 2.1],
							"pivot": [-5.875, -4, -7.25],
							"rotation": [20, 0, 0],
							"uv": {
								"north": {"uv": [110, 114], "uv_size": [1, 1]},
								"east": {"uv": [107, 113], "uv_size": [2, 1]},
								"south": {"uv": [114, 110], "uv_size": [1, 1]},
								"west": {"uv": [109, 113], "uv_size": [2, 1]},
								"up": {"uv": [111, 113], "uv_size": [1, 2]},
								"down": {"uv": [112, 115], "uv_size": [1, -2]}
							}
						},
						{
							"origin": [-6.5, -4.25, -9.8],
							"size": [0.8, 1, 2.3],
							"pivot": [-5.875, -4, -7.25],
							"rotation": [20, 0, 0],
							"uv": {
								"north": {"uv": [109, 114], "uv_size": [1, 1]},
								"east": {"uv": [97, 113], "uv_size": [2, 1]},
								"south": {"uv": [114, 109], "uv_size": [1, 1]},
								"west": {"uv": [101, 113], "uv_size": [2, 1]},
								"up": {"uv": [103, 113], "uv_size": [1, 2]},
								"down": {"uv": [104, 115], "uv_size": [1, -2]}
							}
						},
						{
							"origin": [-5.6, -4.25, -10],
							"size": [1, 1, 2.5],
							"pivot": [-5.875, -4, -7.25],
							"rotation": [20, 0, 0],
							"uv": {
								"north": {"uv": [108, 114], "uv_size": [1, 1]},
								"east": {"uv": [112, 70], "uv_size": [3, 1]},
								"south": {"uv": [114, 108], "uv_size": [1, 1]},
								"west": {"uv": [112, 71], "uv_size": [3, 1]},
								"up": {"uv": [65, 110], "uv_size": [1, 3]},
								"down": {"uv": [76, 113], "uv_size": [1, -3]}
							}
						},
						{
							"origin": [-4.25, -4.25, -10.5],
							"size": [1, 1, 3],
							"pivot": [-5.875, -4, -7.25],
							"rotation": [20, 0, 0],
							"uv": {
								"north": {"uv": [107, 114], "uv_size": [1, 1]},
								"east": {"uv": [112, 69], "uv_size": [3, 1]},
								"south": {"uv": [114, 107], "uv_size": [1, 1]},
								"west": {"uv": [70, 112], "uv_size": [3, 1]},
								"up": {"uv": [11, 99], "uv_size": [1, 3]},
								"down": {"uv": [80, 107], "uv_size": [1, -3]}
							}
						},
						{
							"origin": [-7.5, -5, -1],
							"size": [3, 2, 2],
							"uv": {
								"north": {"uv": [87, 6], "uv_size": [3, 2]},
								"east": {"uv": [112, 48], "uv_size": [2, 2]},
								"south": {"uv": [96, 15], "uv_size": [3, 2]},
								"west": {"uv": [112, 55], "uv_size": [2, 2]},
								"up": {"uv": [97, 73], "uv_size": [3, 2]},
								"down": {"uv": [109, 75], "uv_size": [3, -2]}
							}
						}
					]
				},
				{
					"name": "body",
					"parent": "Monster",
					"pivot": [0, 34, 0],
					"rotation": [-80, 0, 0],
					"cubes": [
						{
							"origin": [-5.9, 31, -23],
							"size": [11.8, 6, 6],
							"uv": {
								"north": {"uv": [61, 12], "uv_size": [12, 6]},
								"east": {"uv": [89, 58], "uv_size": [6, 6]},
								"south": {"uv": [61, 18], "uv_size": [12, 6]},
								"west": {"uv": [90, 6], "uv_size": [6, 6]},
								"up": {"uv": [61, 24], "uv_size": [12, 6]},
								"down": {"uv": [26, 67], "uv_size": [12, -6]}
							}
						},
						{
							"origin": [-7, 30, -17],
							"size": [14, 8, 10],
							"uv": {
								"north": {"uv": [40, 8], "uv_size": [14, 8]},
								"east": {"uv": [52, 43], "uv_size": [10, 8]},
								"south": {"uv": [28, 44], "uv_size": [14, 8]},
								"west": {"uv": [52, 51], "uv_size": [10, 8]},
								"up": {"uv": [14, 16], "uv_size": [14, 10]},
								"down": {"uv": [14, 36], "uv_size": [14, -10]}
							}
						},
						{
							"origin": [-8, 31, -16],
							"size": [1, 6, 9],
							"uv": {
								"north": {"uv": [55, 109], "uv_size": [1, 6]},
								"east": {"uv": [75, 46], "uv_size": [9, 6]},
								"south": {"uv": [109, 55], "uv_size": [1, 6]},
								"west": {"uv": [78, 29], "uv_size": [9, 6]},
								"up": {"uv": [48, 108], "uv_size": [1, 9]},
								"down": {"uv": [49, 117], "uv_size": [1, -9]}
							}
						},
						{
							"origin": [-9, 30, -7],
							"size": [18, 8, 7],
							"uv": {
								"north": {"uv": [14, 0], "uv_size": [18, 8]},
								"east": {"uv": [75, 0], "uv_size": [7, 8]},
								"south": {"uv": [14, 8], "uv_size": [18, 8]},
								"west": {"uv": [24, 75], "uv_size": [7, 8]},
								"up": {"uv": [34, 22], "uv_size": [18, 7]},
								"down": {"uv": [34, 36], "uv_size": [18, -7]}
							}
						},
						{
							"origin": [-10, 29, -7],
							"size": [9, 8, 9],
							"pivot": [-5.5, 33, -2],
							"rotation": [0, -22.5, 0],
							"uv": {
								"north": {"uv": [61, 30], "uv_size": [9, 8]},
								"east": {"uv": [62, 38], "uv_size": [9, 8]},
								"south": {"uv": [62, 46], "uv_size": [9, 8]},
								"west": {"uv": [38, 64], "uv_size": [9, 8]},
								"up": {"uv": [52, 16], "uv_size": [9, 9]},
								"down": {"uv": [52, 34], "uv_size": [9, -9]}
							}
						},
						{
							"origin": [1, 29, -7],
							"size": [9, 8, 9],
							"pivot": [5.5, 33, -2],
							"rotation": [0, 22.5, 0],
							"uv": {
								"north": {"uv": [64, 54], "uv_size": [9, 8]},
								"east": {"uv": [64, 62], "uv_size": [9, 8]},
								"south": {"uv": [47, 65], "uv_size": [9, 8]},
								"west": {"uv": [66, 0], "uv_size": [9, 8]},
								"up": {"uv": [26, 52], "uv_size": [9, 9]},
								"down": {"uv": [52, 43], "uv_size": [9, -9]}
							}
						},
						{
							"origin": [-3.5, 29.5, -6],
							"size": [7, 7.5, 8],
							"pivot": [0, 33, -2],
							"rotation": [15, 0, 0],
							"uv": {
								"north": {"uv": [75, 38], "uv_size": [7, 8]},
								"east": {"uv": [0, 70], "uv_size": [8, 8]},
								"south": {"uv": [75, 69], "uv_size": [7, 8]},
								"west": {"uv": [70, 30], "uv_size": [8, 8]},
								"up": {"uv": [75, 77], "uv_size": [7, 8]},
								"down": {"uv": [0, 86], "uv_size": [7, -8]}
							}
						},
						{
							"origin": [7, 31, -16],
							"size": [1, 6, 9],
							"uv": {
								"north": {"uv": [56, 109], "uv_size": [1, 6]},
								"east": {"uv": [80, 52], "uv_size": [9, 6]},
								"south": {"uv": [58, 109], "uv_size": [1, 6]},
								"west": {"uv": [80, 58], "uv_size": [9, 6]},
								"up": {"uv": [66, 108], "uv_size": [1, 9]},
								"down": {"uv": [67, 117], "uv_size": [1, -9]}
							}
						}
					]
				},
				{
					"name": "bodyup",
					"parent": "body",
					"pivot": [0, 37, -23],
					"rotation": [155, 0, 0],
					"cubes": [
						{
							"origin": [7, 44, -29],
							"size": [1, 6, 6],
							"uv": {
								"north": {"uv": [94, 25], "uv_size": [1, 6]},
								"east": {"uv": [28, 38], "uv_size": [6, 6]},
								"south": {"uv": [94, 37], "uv_size": [1, 6]},
								"west": {"uv": [88, 37], "uv_size": [6, 6]},
								"up": {"uv": [36, 109], "uv_size": [1, 6]},
								"down": {"uv": [37, 115], "uv_size": [1, -6]}
							}
						},
						{
							"origin": [7, 50, -30],
							"size": [2, 7, 8],
							"uv": {
								"north": {"uv": [91, 100], "uv_size": [2, 7]},
								"east": {"uv": [73, 22], "uv_size": [8, 7]},
								"south": {"uv": [93, 100], "uv_size": [2, 7]},
								"west": {"uv": [47, 73], "uv_size": [8, 7]},
								"up": {"uv": [81, 99], "uv_size": [2, 8]},
								"down": {"uv": [83, 107], "uv_size": [2, -8]}
							}
						},
						{
							"origin": [-9, 50, -30],
							"size": [2, 7, 8],
							"uv": {
								"north": {"uv": [100, 79], "uv_size": [2, 7]},
								"east": {"uv": [73, 8], "uv_size": [8, 7]},
								"south": {"uv": [89, 100], "uv_size": [2, 7]},
								"west": {"uv": [73, 15], "uv_size": [8, 7]},
								"up": {"uv": [12, 28], "uv_size": [2, 8]},
								"down": {"uv": [44, 107], "uv_size": [2, -8]}
							}
						},
						{
							"origin": [-12, 52, -29.75],
							"size": [6, 6, 8.5],
							"uv": {
								"north": {"uv": [90, 12], "uv_size": [6, 6]},
								"east": {"uv": [81, 8], "uv_size": [9, 6]},
								"south": {"uv": [90, 43], "uv_size": [6, 6]},
								"west": {"uv": [81, 14], "uv_size": [9, 6]},
								"up": {"uv": [47, 80], "uv_size": [6, 9]},
								"down": {"uv": [81, 29], "uv_size": [6, -9]}
							}
						},
						{
							"origin": [6, 52, -29.75],
							"size": [6, 6, 8.5],
							"uv": {
								"north": {"uv": [90, 76], "uv_size": [6, 6]},
								"east": {"uv": [53, 81], "uv_size": [9, 6]},
								"south": {"uv": [90, 82], "uv_size": [6, 6]},
								"west": {"uv": [82, 0], "uv_size": [9, 6]},
								"up": {"uv": [31, 82], "uv_size": [6, 9]},
								"down": {"uv": [82, 44], "uv_size": [6, -9]}
							}
						},
						{
							"origin": [-8, 44, -29],
							"size": [1, 6, 6],
							"uv": {
								"north": {"uv": [38, 109], "uv_size": [1, 6]},
								"east": {"uv": [88, 64], "uv_size": [6, 6]},
								"south": {"uv": [39, 109], "uv_size": [1, 6]},
								"west": {"uv": [88, 70], "uv_size": [6, 6]},
								"up": {"uv": [40, 109], "uv_size": [1, 6]},
								"down": {"uv": [41, 115], "uv_size": [1, -6]}
							}
						},
						{
							"origin": [-6, 37, -29],
							"size": [12, 6, 6],
							"uv": {
								"north": {"uv": [40, 16], "uv_size": [12, 6]},
								"east": {"uv": [47, 89], "uv_size": [6, 6]},
								"south": {"uv": [54, 0], "uv_size": [12, 6]},
								"west": {"uv": [89, 52], "uv_size": [6, 6]},
								"up": {"uv": [54, 6], "uv_size": [12, 6]},
								"down": {"uv": [52, 65], "uv_size": [12, -6]}
							}
						},
						{
							"origin": [-7, 43, -30],
							"size": [14, 14, 8],
							"uv": {
								"north": {"uv": [0, 0], "uv_size": [14, 14]},
								"east": {"uv": [12, 36], "uv_size": [8, 14]},
								"south": {"uv": [0, 14], "uv_size": [14, 14]},
								"west": {"uv": [20, 36], "uv_size": [8, 14]},
								"up": {"uv": [34, 36], "uv_size": [14, 8]},
								"down": {"uv": [40, 8], "uv_size": [14, -8]}
							}
						},
						{
							"origin": [-0.5, 54, -22],
							"size": [1, 2, 1],
							"uv": {
								"north": {"uv": [104, 89], "uv_size": [1, 2]},
								"east": {"uv": [106, 71], "uv_size": [1, 2]},
								"south": {"uv": [95, 112], "uv_size": [1, 2]},
								"west": {"uv": [99, 112], "uv_size": [1, 2]},
								"up": {"uv": [101, 114], "uv_size": [1, 1]},
								"down": {"uv": [114, 102], "uv_size": [1, -1]}
							}
						},
						{
							"origin": [-0.5, 50, -22],
							"size": [1, 2, 1],
							"uv": {
								"north": {"uv": [19, 113], "uv_size": [1, 2]},
								"east": {"uv": [65, 113], "uv_size": [1, 2]},
								"south": {"uv": [76, 113], "uv_size": [1, 2]},
								"west": {"uv": [113, 77], "uv_size": [1, 2]},
								"up": {"uv": [102, 114], "uv_size": [1, 1]},
								"down": {"uv": [114, 103], "uv_size": [1, -1]}
							}
						},
						{
							"origin": [-0.5, 46, -22],
							"size": [1, 2, 1],
							"uv": {
								"north": {"uv": [113, 79], "uv_size": [1, 2]},
								"east": {"uv": [80, 113], "uv_size": [1, 2]},
								"south": {"uv": [81, 113], "uv_size": [1, 2]},
								"west": {"uv": [113, 81], "uv_size": [1, 2]},
								"up": {"uv": [114, 103], "uv_size": [1, 1]},
								"down": {"uv": [114, 105], "uv_size": [1, -1]}
							}
						},
						{
							"origin": [-0.5, 41, -23],
							"size": [1, 2, 1],
							"uv": {
								"north": {"uv": [82, 113], "uv_size": [1, 2]},
								"east": {"uv": [113, 83], "uv_size": [1, 2]},
								"south": {"uv": [113, 85], "uv_size": [1, 2]},
								"west": {"uv": [86, 113], "uv_size": [1, 2]},
								"up": {"uv": [114, 105], "uv_size": [1, 1]},
								"down": {"uv": [114, 107], "uv_size": [1, -1]}
							}
						}
					]
				},
				{
					"name": "RightArm",
					"parent": "bodyup",
					"pivot": [-12, 55, -24.75],
					"rotation": [-75, 0, 0],
					"cubes": [
						{
							"origin": [-14, 40, -26.75],
							"size": [4, 15, 4],
							"uv": {
								"north": {"uv": [34, 67], "uv_size": [4, 15]},
								"east": {"uv": [64, 70], "uv_size": [4, 15]},
								"south": {"uv": [68, 70], "uv_size": [4, 15]},
								"west": {"uv": [71, 38], "uv_size": [4, 15]},
								"up": {"uv": [38, 60], "uv_size": [4, 4]},
								"down": {"uv": [99, 39], "uv_size": [4, -4]}
							}
						},
						{
							"origin": [-15, 49, -26.75],
							"size": [1, 6, 4],
							"uv": {
								"north": {"uv": [109, 100], "uv_size": [1, 6]},
								"east": {"uv": [97, 61], "uv_size": [4, 6]},
								"south": {"uv": [105, 109], "uv_size": [1, 6]},
								"west": {"uv": [65, 97], "uv_size": [4, 6]},
								"up": {"uv": [61, 93], "uv_size": [1, 4]},
								"down": {"uv": [103, 39], "uv_size": [1, -4]}
							}
						}
					]
				},
				{
					"name": "RightArmDown",
					"parent": "RightArm",
					"pivot": [-12, 40, -22.75],
					"cubes": [
						{
							"origin": [-13.9, 28, -26.75],
							"size": [3.8, 12, 4],
							"uv": {
								"north": {"uv": [82, 80], "uv_size": [4, 12]},
								"east": {"uv": [24, 83], "uv_size": [4, 12]},
								"south": {"uv": [62, 85], "uv_size": [4, 12]},
								"west": {"uv": [66, 85], "uv_size": [4, 12]},
								"up": {"uv": [100, 39], "uv_size": [4, 4]},
								"down": {"uv": [100, 47], "uv_size": [4, -4]}
							}
						}
					]
				},
				{
					"name": "palm",
					"parent": "RightArmDown",
					"pivot": [-12, 28, -24.75],
					"cubes": [
						{
							"origin": [-9.5, 21, -25.75],
							"size": [2, 5, 2],
							"uv": {
								"north": {"uv": [32, 11], "uv_size": [2, 5]},
								"east": {"uv": [62, 54], "uv_size": [2, 5]},
								"south": {"uv": [80, 64], "uv_size": [2, 5]},
								"west": {"uv": [70, 85], "uv_size": [2, 5]},
								"up": {"uv": [26, 50], "uv_size": [2, 2]},
								"down": {"uv": [8, 72], "uv_size": [2, -2]}
							}
						},
						{
							"origin": [-14.5, 21, -25.75],
							"size": [5, 7, 2],
							"uv": {
								"north": {"uv": [31, 91], "uv_size": [5, 7]},
								"east": {"uv": [95, 100], "uv_size": [2, 7]},
								"south": {"uv": [36, 92], "uv_size": [5, 7]},
								"west": {"uv": [101, 0], "uv_size": [2, 7]},
								"up": {"uv": [82, 6], "uv_size": [5, 2]},
								"down": {"uv": [101, 73], "uv_size": [5, -2]}
							}
						}
					]
				},
				{
					"name": "Finger",
					"parent": "palm",
					"pivot": [-8, 21, -24.75],
					"cubes": [
						{
							"origin": [-9, 16, -25.75],
							"size": [2, 5, 2],
							"uv": {
								"north": {"uv": [20, 102], "uv_size": [2, 5]},
								"east": {"uv": [22, 102], "uv_size": [2, 5]},
								"south": {"uv": [28, 102], "uv_size": [2, 5]},
								"west": {"uv": [30, 102], "uv_size": [2, 5]},
								"up": {"uv": [82, 44], "uv_size": [2, 2]},
								"down": {"uv": [110, 46], "uv_size": [2, -2]}
							}
						}
					]
				},
				{
					"name": "finger1down",
					"parent": "Finger",
					"pivot": [-8, 16, -25.75],
					"cubes": [
						{
							"origin": [-8.9, 11, -25.75],
							"size": [1.8, 5, 2],
							"uv": {
								"north": {"uv": [32, 102], "uv_size": [2, 5]},
								"east": {"uv": [70, 102], "uv_size": [2, 5]},
								"south": {"uv": [102, 79], "uv_size": [2, 5]},
								"west": {"uv": [103, 0], "uv_size": [2, 5]},
								"up": {"uv": [110, 46], "uv_size": [2, 2]},
								"down": {"uv": [110, 50], "uv_size": [2, -2]}
							}
						},
						{
							"origin": [-8, 8, -26.75],
							"size": [0, 5, 2],
							"uv": {
								"north": {"uv": [0, 0], "uv_size": [0, 5]},
								"east": {"uv": [103, 5], "uv_size": [2, 5]},
								"south": {"uv": [0, 0], "uv_size": [0, 5]},
								"west": {"uv": [103, 10], "uv_size": [2, 5]},
								"up": {"uv": [0, 0], "uv_size": [0, 2]},
								"down": {"uv": [0, 2], "uv_size": [0, -2]}
							}
						}
					]
				},
				{
					"name": "bigfinger",
					"parent": "palm",
					"pivot": [-7.5, 24, -24.75],
					"cubes": [
						{
							"origin": [-8.5, 19, -25.75],
							"size": [2, 5, 2],
							"uv": {
								"north": {"uv": [104, 79], "uv_size": [2, 5]},
								"east": {"uv": [104, 84], "uv_size": [2, 5]},
								"south": {"uv": [105, 0], "uv_size": [2, 5]},
								"west": {"uv": [105, 5], "uv_size": [2, 5]},
								"up": {"uv": [74, 110], "uv_size": [2, 2]},
								"down": {"uv": [110, 90], "uv_size": [2, -2]}
							}
						}
					]
				},
				{
					"name": "bigfingerdown",
					"parent": "bigfinger",
					"pivot": [-7.5, 19, -25.75],
					"cubes": [
						{
							"origin": [-8.4, 14, -25.75],
							"size": [1.8, 5, 2],
							"uv": {
								"north": {"uv": [105, 10], "uv_size": [2, 5]},
								"east": {"uv": [105, 15], "uv_size": [2, 5]},
								"south": {"uv": [105, 20], "uv_size": [2, 5]},
								"west": {"uv": [105, 25], "uv_size": [2, 5]},
								"up": {"uv": [110, 90], "uv_size": [2, 2]},
								"down": {"uv": [110, 94], "uv_size": [2, -2]}
							}
						},
						{
							"origin": [-7.5, 11, -26.75],
							"size": [0, 5, 2],
							"uv": {
								"north": {"uv": [0, 0], "uv_size": [0, 5]},
								"east": {"uv": [105, 30], "uv_size": [2, 5]},
								"south": {"uv": [0, 0], "uv_size": [0, 5]},
								"west": {"uv": [105, 55], "uv_size": [2, 5]},
								"up": {"uv": [0, 0], "uv_size": [0, 2]},
								"down": {"uv": [0, 2], "uv_size": [0, -2]}
							}
						}
					]
				},
				{
					"name": "finger2",
					"parent": "palm",
					"pivot": [-10, 21, -24.75],
					"cubes": [
						{
							"origin": [-11, 16, -25.75],
							"size": [2, 5, 2],
							"uv": {
								"north": {"uv": [103, 15], "uv_size": [2, 5]},
								"east": {"uv": [103, 20], "uv_size": [2, 5]},
								"south": {"uv": [24, 103], "uv_size": [2, 5]},
								"west": {"uv": [103, 25], "uv_size": [2, 5]},
								"up": {"uv": [110, 55], "uv_size": [2, 2]},
								"down": {"uv": [110, 59], "uv_size": [2, -2]}
							}
						}
					]
				},
				{
					"name": "finger2down",
					"parent": "finger2",
					"pivot": [-10, 16, -25.75],
					"cubes": [
						{
							"origin": [-10.9, 11, -25.75],
							"size": [1.8, 5, 2],
							"uv": {
								"north": {"uv": [26, 103], "uv_size": [2, 5]},
								"east": {"uv": [103, 30], "uv_size": [2, 5]},
								"south": {"uv": [103, 59], "uv_size": [2, 5]},
								"west": {"uv": [61, 103], "uv_size": [2, 5]},
								"up": {"uv": [110, 59], "uv_size": [2, 2]},
								"down": {"uv": [61, 112], "uv_size": [2, -2]}
							}
						},
						{
							"origin": [-10, 8, -26.75],
							"size": [0, 5, 2],
							"uv": {
								"north": {"uv": [0, 0], "uv_size": [0, 5]},
								"east": {"uv": [63, 103], "uv_size": [2, 5]},
								"south": {"uv": [0, 0], "uv_size": [0, 5]},
								"west": {"uv": [103, 64], "uv_size": [2, 5]},
								"up": {"uv": [0, 0], "uv_size": [0, 2]},
								"down": {"uv": [0, 2], "uv_size": [0, -2]}
							}
						}
					]
				},
				{
					"name": "finger3",
					"parent": "palm",
					"pivot": [-12, 21, -24.75],
					"cubes": [
						{
							"origin": [-13, 16, -25.75],
							"size": [2, 5, 2],
							"uv": {
								"north": {"uv": [65, 103], "uv_size": [2, 5]},
								"east": {"uv": [67, 103], "uv_size": [2, 5]},
								"south": {"uv": [72, 103], "uv_size": [2, 5]},
								"west": {"uv": [74, 103], "uv_size": [2, 5]},
								"up": {"uv": [110, 61], "uv_size": [2, 2]},
								"down": {"uv": [63, 112], "uv_size": [2, -2]}
							}
						}
					]
				},
				{
					"name": "finger3down",
					"parent": "finger3",
					"pivot": [-12, 16, -25.75],
					"cubes": [
						{
							"origin": [-12.9, 11, -25.75],
							"size": [1.8, 5, 2],
							"uv": {
								"north": {"uv": [76, 103], "uv_size": [2, 5]},
								"east": {"uv": [86, 103], "uv_size": [2, 5]},
								"south": {"uv": [103, 91], "uv_size": [2, 5]},
								"west": {"uv": [103, 96], "uv_size": [2, 5]},
								"up": {"uv": [110, 63], "uv_size": [2, 2]},
								"down": {"uv": [110, 67], "uv_size": [2, -2]}
							}
						},
						{
							"origin": [-12, 8, -26.75],
							"size": [0, 5, 2],
							"uv": {
								"north": {"uv": [0, 0], "uv_size": [0, 5]},
								"east": {"uv": [101, 103], "uv_size": [2, 5]},
								"south": {"uv": [0, 0], "uv_size": [0, 5]},
								"west": {"uv": [103, 101], "uv_size": [2, 5]},
								"up": {"uv": [0, 0], "uv_size": [0, 2]},
								"down": {"uv": [0, 2], "uv_size": [0, -2]}
							}
						}
					]
				},
				{
					"name": "finger4",
					"parent": "palm",
					"pivot": [-14, 21, -24.75],
					"cubes": [
						{
							"origin": [-15, 16, -25.75],
							"size": [2, 5, 2],
							"uv": {
								"north": {"uv": [0, 104], "uv_size": [2, 5]},
								"east": {"uv": [2, 104], "uv_size": [2, 5]},
								"south": {"uv": [104, 35], "uv_size": [2, 5]},
								"west": {"uv": [104, 40], "uv_size": [2, 5]},
								"up": {"uv": [110, 67], "uv_size": [2, 2]},
								"down": {"uv": [110, 71], "uv_size": [2, -2]}
							}
						}
					]
				},
				{
					"name": "finger4down",
					"parent": "finger4",
					"pivot": [-14, 16, -25.75],
					"cubes": [
						{
							"origin": [-14.9, 11, -25.75],
							"size": [1.8, 5, 2],
							"uv": {
								"north": {"uv": [104, 45], "uv_size": [2, 5]},
								"east": {"uv": [104, 50], "uv_size": [2, 5]},
								"south": {"uv": [53, 104], "uv_size": [2, 5]},
								"west": {"uv": [55, 104], "uv_size": [2, 5]},
								"up": {"uv": [110, 71], "uv_size": [2, 2]},
								"down": {"uv": [72, 112], "uv_size": [2, -2]}
							}
						},
						{
							"origin": [-14, 8, -26.75],
							"size": [0, 5, 2],
							"uv": {
								"north": {"uv": [0, 0], "uv_size": [0, 5]},
								"east": {"uv": [58, 104], "uv_size": [2, 5]},
								"south": {"uv": [0, 0], "uv_size": [0, 5]},
								"west": {"uv": [78, 104], "uv_size": [2, 5]},
								"up": {"uv": [0, 0], "uv_size": [0, 2]},
								"down": {"uv": [0, 2], "uv_size": [0, -2]}
							}
						}
					]
				},
				{
					"name": "LeftArm",
					"parent": "bodyup",
					"pivot": [12, 55, -24.75],
					"rotation": [-75, 0, 0],
					"cubes": [
						{
							"origin": [10, 40, -26.75],
							"size": [4, 15, 4],
							"uv": {
								"north": {"uv": [8, 72], "uv_size": [4, 15]},
								"east": {"uv": [12, 72], "uv_size": [4, 15]},
								"south": {"uv": [16, 72], "uv_size": [4, 15]},
								"west": {"uv": [20, 72], "uv_size": [4, 15]},
								"up": {"uv": [100, 47], "uv_size": [4, 4]},
								"down": {"uv": [100, 55], "uv_size": [4, -4]}
							}
						},
						{
							"origin": [14, 49, -26.75],
							"size": [1, 6, 4],
							"uv": {
								"north": {"uv": [106, 109], "uv_size": [1, 6]},
								"east": {"uv": [97, 67], "uv_size": [4, 6]},
								"south": {"uv": [109, 106], "uv_size": [1, 6]},
								"west": {"uv": [0, 98], "uv_size": [4, 6]},
								"up": {"uv": [88, 103], "uv_size": [1, 4]},
								"down": {"uv": [104, 59], "uv_size": [1, -4]}
							}
						}
					]
				},
				{
					"name": "LeftArmDown",
					"parent": "LeftArm",
					"pivot": [12, 40, -22.75],
					"cubes": [
						{
							"origin": [10.1, 28, -26.75],
							"size": [3.8, 12, 4],
							"uv": {
								"north": {"uv": [0, 86], "uv_size": [4, 12]},
								"east": {"uv": [4, 86], "uv_size": [4, 12]},
								"south": {"uv": [86, 80], "uv_size": [4, 12]},
								"west": {"uv": [8, 87], "uv_size": [4, 12]},
								"up": {"uv": [53, 100], "uv_size": [4, 4]},
								"down": {"uv": [100, 59], "uv_size": [4, -4]}
							}
						}
					]
				},
				{
					"name": "palm2",
					"parent": "LeftArmDown",
					"pivot": [12, 28, -24.75],
					"cubes": [
						{
							"origin": [7.5, 21, -25.75],
							"size": [2, 5, 2],
							"uv": {
								"north": {"uv": [105, 60], "uv_size": [2, 5]},
								"east": {"uv": [105, 65], "uv_size": [2, 5]},
								"south": {"uv": [105, 73], "uv_size": [2, 5]},
								"west": {"uv": [105, 89], "uv_size": [2, 5]},
								"up": {"uv": [110, 94], "uv_size": [2, 2]},
								"down": {"uv": [110, 98], "uv_size": [2, -2]}
							}
						},
						{
							"origin": [9.5, 21, -25.75],
							"size": [5, 7, 2],
							"uv": {
								"north": {"uv": [93, 88], "uv_size": [5, 7]},
								"east": {"uv": [101, 7], "uv_size": [2, 7]},
								"south": {"uv": [94, 18], "uv_size": [5, 7]},
								"west": {"uv": [101, 14], "uv_size": [2, 7]},
								"up": {"uv": [107, 75], "uv_size": [5, 2]},
								"down": {"uv": [108, 52], "uv_size": [5, -2]}
							}
						}
					]
				},
				{
					"name": "finger1",
					"parent": "palm2",
					"pivot": [8, 21, -24.75],
					"cubes": [
						{
							"origin": [7, 16, -25.75],
							"size": [2, 5, 2],
							"uv": {
								"north": {"uv": [105, 94], "uv_size": [2, 5]},
								"east": {"uv": [98, 105], "uv_size": [2, 5]},
								"south": {"uv": [105, 99], "uv_size": [2, 5]},
								"west": {"uv": [105, 104], "uv_size": [2, 5]},
								"up": {"uv": [98, 110], "uv_size": [2, 2]},
								"down": {"uv": [110, 100], "uv_size": [2, -2]}
							}
						}
					]
				},
				{
					"name": "finger1down1",
					"parent": "finger1",
					"pivot": [8, 16, -25.75],
					"cubes": [
						{
							"origin": [7.1, 11, -25.75],
							"size": [1.8, 5, 2],
							"uv": {
								"north": {"uv": [6, 106], "uv_size": [2, 5]},
								"east": {"uv": [106, 35], "uv_size": [2, 5]},
								"south": {"uv": [106, 40], "uv_size": [2, 5]},
								"west": {"uv": [106, 45], "uv_size": [2, 5]},
								"up": {"uv": [110, 100], "uv_size": [2, 2]},
								"down": {"uv": [110, 104], "uv_size": [2, -2]}
							}
						},
						{
							"origin": [8, 8, -26.75],
							"size": [0, 5, 2],
							"uv": {
								"north": {"uv": [0, 0], "uv_size": [0, 5]},
								"east": {"uv": [106, 50], "uv_size": [2, 5]},
								"south": {"uv": [0, 0], "uv_size": [0, 5]},
								"west": {"uv": [51, 106], "uv_size": [2, 5]},
								"up": {"uv": [0, 0], "uv_size": [0, 2]},
								"down": {"uv": [0, 2], "uv_size": [0, -2]}
							}
						}
					]
				},
				{
					"name": "finger5",
					"parent": "palm2",
					"pivot": [7.5, 24, -24.75],
					"cubes": [
						{
							"origin": [6.5, 19, -25.75],
							"size": [2, 5, 2],
							"uv": {
								"north": {"uv": [106, 78], "uv_size": [2, 5]},
								"east": {"uv": [106, 83], "uv_size": [2, 5]},
								"south": {"uv": [103, 106], "uv_size": [2, 5]},
								"west": {"uv": [107, 0], "uv_size": [2, 5]},
								"up": {"uv": [110, 104], "uv_size": [2, 2]},
								"down": {"uv": [110, 108], "uv_size": [2, -2]}
							}
						}
					]
				},
				{
					"name": "finger5down5",
					"parent": "finger5",
					"pivot": [7.5, 19, -25.75],
					"cubes": [
						{
							"origin": [6.6, 14, -25.75],
							"size": [1.8, 5, 2],
							"uv": {
								"north": {"uv": [107, 5], "uv_size": [2, 5]},
								"east": {"uv": [107, 10], "uv_size": [2, 5]},
								"south": {"uv": [107, 15], "uv_size": [2, 5]},
								"west": {"uv": [20, 107], "uv_size": [2, 5]},
								"up": {"uv": [110, 108], "uv_size": [2, 2]},
								"down": {"uv": [110, 112], "uv_size": [2, -2]}
							}
						},
						{
							"origin": [7.5, 11, -26.75],
							"size": [0, 5, 2],
							"uv": {
								"north": {"uv": [0, 0], "uv_size": [0, 5]},
								"east": {"uv": [107, 20], "uv_size": [2, 5]},
								"south": {"uv": [0, 0], "uv_size": [0, 5]},
								"west": {"uv": [22, 107], "uv_size": [2, 5]},
								"up": {"uv": [0, 0], "uv_size": [0, 2]},
								"down": {"uv": [0, 2], "uv_size": [0, -2]}
							}
						}
					]
				},
				{
					"name": "finger6",
					"parent": "palm2",
					"pivot": [10, 21, -24.75],
					"cubes": [
						{
							"origin": [9, 16, -25.75],
							"size": [2, 5, 2],
							"uv": {
								"north": {"uv": [107, 25], "uv_size": [2, 5]},
								"east": {"uv": [28, 107], "uv_size": [2, 5]},
								"south": {"uv": [30, 107], "uv_size": [2, 5]},
								"west": {"uv": [107, 30], "uv_size": [2, 5]},
								"up": {"uv": [6, 111], "uv_size": [2, 2]},
								"down": {"uv": [51, 113], "uv_size": [2, -2]}
							}
						}
					]
				},
				{
					"name": "finger6down6",
					"parent": "finger6",
					"pivot": [10, 16, -25.75],
					"cubes": [
						{
							"origin": [9.1, 11, -25.75],
							"size": [1.8, 5, 2],
							"uv": {
								"north": {"uv": [32, 107], "uv_size": [2, 5]},
								"east": {"uv": [44, 107], "uv_size": [2, 5]},
								"south": {"uv": [107, 55], "uv_size": [2, 5]},
								"west": {"uv": [107, 60], "uv_size": [2, 5]},
								"up": {"uv": [103, 111], "uv_size": [2, 2]},
								"down": {"uv": [112, 2], "uv_size": [2, -2]}
							}
						},
						{
							"origin": [10, 8, -26.75],
							"size": [0, 5, 2],
							"uv": {
								"north": {"uv": [0, 0], "uv_size": [0, 5]},
								"east": {"uv": [107, 65], "uv_size": [2, 5]},
								"south": {"uv": [0, 0], "uv_size": [0, 5]},
								"west": {"uv": [70, 107], "uv_size": [2, 5]},
								"up": {"uv": [0, 0], "uv_size": [0, 2]},
								"down": {"uv": [0, 2], "uv_size": [0, -2]}
							}
						}
					]
				},
				{
					"name": "finger7",
					"parent": "palm2",
					"pivot": [12, 21, -24.75],
					"cubes": [
						{
							"origin": [11, 16, -25.75],
							"size": [2, 5, 2],
							"uv": {
								"north": {"uv": [107, 70], "uv_size": [2, 5]},
								"east": {"uv": [80, 107], "uv_size": [2, 5]},
								"south": {"uv": [82, 107], "uv_size": [2, 5]},
								"west": {"uv": [88, 107], "uv_size": [2, 5]},
								"up": {"uv": [20, 112], "uv_size": [2, 2]},
								"down": {"uv": [22, 114], "uv_size": [2, -2]}
							}
						}
					]
				},
				{
					"name": "finger7down7",
					"parent": "finger7",
					"pivot": [12, 16, -25.75],
					"cubes": [
						{
							"origin": [11.1, 11, -25.75],
							"size": [1.8, 5, 2],
							"uv": {
								"north": {"uv": [107, 88], "uv_size": [2, 5]},
								"east": {"uv": [90, 107], "uv_size": [2, 5]},
								"south": {"uv": [92, 107], "uv_size": [2, 5]},
								"west": {"uv": [107, 93], "uv_size": [2, 5]},
								"up": {"uv": [28, 112], "uv_size": [2, 2]},
								"down": {"uv": [30, 114], "uv_size": [2, -2]}
							}
						},
						{
							"origin": [12, 8, -26.75],
							"size": [0, 5, 2],
							"uv": {
								"north": {"uv": [0, 0], "uv_size": [0, 5]},
								"east": {"uv": [94, 107], "uv_size": [2, 5]},
								"south": {"uv": [0, 0], "uv_size": [0, 5]},
								"west": {"uv": [107, 98], "uv_size": [2, 5]},
								"up": {"uv": [0, 0], "uv_size": [0, 2]},
								"down": {"uv": [0, 2], "uv_size": [0, -2]}
							}
						}
					]
				},
				{
					"name": "finger8",
					"parent": "palm2",
					"pivot": [14, 21, -24.75],
					"cubes": [
						{
							"origin": [13, 16, -25.75],
							"size": [2, 5, 2],
							"uv": {
								"north": {"uv": [107, 103], "uv_size": [2, 5]},
								"east": {"uv": [11, 108], "uv_size": [2, 5]},
								"south": {"uv": [13, 108], "uv_size": [2, 5]},
								"west": {"uv": [15, 108], "uv_size": [2, 5]},
								"up": {"uv": [32, 112], "uv_size": [2, 2]},
								"down": {"uv": [44, 114], "uv_size": [2, -2]}
							}
						}
					]
				},
				{
					"name": "finger8down8",
					"parent": "finger8",
					"pivot": [14, 16, -25.75],
					"cubes": [
						{
							"origin": [13.1, 11, -25.75],
							"size": [1.8, 5, 2],
							"uv": {
								"north": {"uv": [24, 108], "uv_size": [2, 5]},
								"east": {"uv": [26, 108], "uv_size": [2, 5]},
								"south": {"uv": [34, 108], "uv_size": [2, 5]},
								"west": {"uv": [108, 35], "uv_size": [2, 5]},
								"up": {"uv": [112, 44], "uv_size": [2, 2]},
								"down": {"uv": [112, 48], "uv_size": [2, -2]}
							}
						},
						{
							"origin": [14, 8, -26.75],
							"size": [0, 5, 2],
							"uv": {
								"north": {"uv": [0, 0], "uv_size": [0, 5]},
								"east": {"uv": [108, 40], "uv_size": [2, 5]},
								"south": {"uv": [0, 0], "uv_size": [0, 5]},
								"west": {"uv": [108, 45], "uv_size": [2, 5]},
								"up": {"uv": [0, 0], "uv_size": [0, 2]},
								"down": {"uv": [0, 2], "uv_size": [0, -2]}
							}
						}
					]
				},
				{
					"name": "head",
					"parent": "bodyup",
					"pivot": [0, 57, -28],
					"rotation": [-27.5, 0, 0]
				},
				{
					"name": "headRight",
					"parent": "head",
					"pivot": [0, 57, -28],
					"rotation": [-47.5, 0, 0],
					"cubes": [
						{
							"origin": [-3, 54, -32],
							"size": [2, 6, 4],
							"uv": {
								"north": {"uv": [60, 87], "uv_size": [2, 6]},
								"east": {"uv": [96, 41], "uv_size": [4, 6]},
								"south": {"uv": [101, 59], "uv_size": [2, 6]},
								"west": {"uv": [96, 75], "uv_size": [4, 6]},
								"up": {"uv": [88, 76], "uv_size": [2, 4]},
								"down": {"uv": [86, 112], "uv_size": [2, -4]}
							}
						},
						{
							"origin": [-1, 54, -30],
							"size": [1, 6, 2],
							"uv": {
								"north": {"uv": [109, 88], "uv_size": [1, 6]},
								"east": {"uv": [13, 102], "uv_size": [2, 6]},
								"south": {"uv": [109, 94], "uv_size": [1, 6]},
								"west": {"uv": [15, 102], "uv_size": [2, 6]},
								"up": {"uv": [99, 39], "uv_size": [1, 2]},
								"down": {"uv": [100, 61], "uv_size": [1, -2]}
							}
						},
						{
							"origin": [-1, 59, -34],
							"size": [1.75, 1, 1],
							"uv": {
								"north": {"uv": [88, 43], "uv_size": [2, 1]},
								"east": {"uv": [72, 102], "uv_size": [1, 1]},
								"south": {"uv": [94, 75], "uv_size": [2, 1]},
								"west": {"uv": [105, 78], "uv_size": [1, 1]},
								"up": {"uv": [96, 87], "uv_size": [2, 1]},
								"down": {"uv": [6, 99], "uv_size": [2, -1]}
							}
						},
						{
							"origin": [-1, 59, -32],
							"size": [1.75, 1, 1],
							"uv": {
								"north": {"uv": [113, 53], "uv_size": [2, 1]},
								"east": {"uv": [114, 99], "uv_size": [1, 1]},
								"south": {"uv": [70, 113], "uv_size": [2, 1]},
								"west": {"uv": [114, 100], "uv_size": [1, 1]},
								"up": {"uv": [72, 113], "uv_size": [2, 1]},
								"down": {"uv": [74, 114], "uv_size": [2, -1]}
							}
						},
						{
							"origin": [-1, 59, -36],
							"size": [1.75, 1, 1],
							"uv": {
								"north": {"uv": [112, 89], "uv_size": [2, 1]},
								"east": {"uv": [109, 34], "uv_size": [1, 1]},
								"south": {"uv": [112, 90], "uv_size": [2, 1]},
								"west": {"uv": [35, 114], "uv_size": [1, 1]},
								"up": {"uv": [91, 112], "uv_size": [2, 1]},
								"down": {"uv": [112, 92], "uv_size": [2, -1]}
							}
						},
						{
							"origin": [-1, 59, -38],
							"size": [1.75, 1, 1],
							"uv": {
								"north": {"uv": [112, 95], "uv_size": [2, 1]},
								"east": {"uv": [70, 114], "uv_size": [1, 1]},
								"south": {"uv": [112, 96], "uv_size": [2, 1]},
								"west": {"uv": [71, 114], "uv_size": [1, 1]},
								"up": {"uv": [97, 112], "uv_size": [2, 1]},
								"down": {"uv": [112, 98], "uv_size": [2, -1]}
							}
						},
						{
							"origin": [-1, 58, -39],
							"size": [1.75, 1, 1],
							"uv": {
								"north": {"uv": [112, 101], "uv_size": [2, 1]},
								"east": {"uv": [74, 114], "uv_size": [1, 1]},
								"south": {"uv": [112, 102], "uv_size": [2, 1]},
								"west": {"uv": [75, 114], "uv_size": [1, 1]},
								"up": {"uv": [112, 103], "uv_size": [2, 1]},
								"down": {"uv": [112, 105], "uv_size": [2, -1]}
							}
						},
						{
							"origin": [-1, 56, -39],
							"size": [1.75, 1, 1],
							"uv": {
								"north": {"uv": [112, 108], "uv_size": [2, 1]},
								"east": {"uv": [114, 79], "uv_size": [1, 1]},
								"south": {"uv": [109, 112], "uv_size": [2, 1]},
								"west": {"uv": [114, 80], "uv_size": [1, 1]},
								"up": {"uv": [112, 109], "uv_size": [2, 1]},
								"down": {"uv": [112, 111], "uv_size": [2, -1]}
							}
						},
						{
							"origin": [-0.475, 52.725, -40],
							"size": [1.75, 1, 1],
							"pivot": [-0.1, 55.625, -39.5],
							"rotation": [0, 0, 90],
							"uv": {
								"north": {"uv": [114, 58], "uv_size": [2, 1]},
								"east": {"uv": [13, 115], "uv_size": [1, 1]},
								"south": {"uv": [114, 59], "uv_size": [2, 1]},
								"west": {"uv": [115, 13], "uv_size": [1, 1]},
								"up": {"uv": [60, 114], "uv_size": [2, 1]},
								"down": {"uv": [114, 61], "uv_size": [2, -1]}
							}
						},
						{
							"origin": [-0.475, 50.725, -40],
							"size": [1.75, 1, 1],
							"pivot": [-0.1, 55.625, -39.5],
							"rotation": [0, 0, 90],
							"uv": {
								"north": {"uv": [114, 61], "uv_size": [2, 1]},
								"east": {"uv": [14, 115], "uv_size": [1, 1]},
								"south": {"uv": [62, 114], "uv_size": [2, 1]},
								"west": {"uv": [115, 14], "uv_size": [1, 1]},
								"up": {"uv": [114, 62], "uv_size": [2, 1]},
								"down": {"uv": [114, 64], "uv_size": [2, -1]}
							}
						},
						{
							"origin": [-1, 54, -38],
							"size": [1.75, 1, 1],
							"uv": {
								"north": {"uv": [113, 5], "uv_size": [2, 1]},
								"east": {"uv": [114, 83], "uv_size": [1, 1]},
								"south": {"uv": [6, 113], "uv_size": [2, 1]},
								"west": {"uv": [114, 84], "uv_size": [1, 1]},
								"up": {"uv": [113, 6], "uv_size": [2, 1]},
								"down": {"uv": [113, 9], "uv_size": [2, -1]}
							}
						},
						{
							"origin": [-1, 54, -33],
							"size": [1.75, 1, 1],
							"uv": {
								"north": {"uv": [113, 24], "uv_size": [2, 1]},
								"east": {"uv": [91, 114], "uv_size": [1, 1]},
								"south": {"uv": [113, 25], "uv_size": [2, 1]},
								"west": {"uv": [114, 91], "uv_size": [1, 1]},
								"up": {"uv": [26, 113], "uv_size": [2, 1]},
								"down": {"uv": [113, 27], "uv_size": [2, -1]}
							}
						},
						{
							"origin": [-2, 54, -39],
							"size": [1, 8, 7],
							"uv": {
								"north": {"uv": [7, 78], "uv_size": [1, 8]},
								"east": {"uv": [35, 52], "uv_size": [7, 8]},
								"south": {"uv": [89, 92], "uv_size": [1, 8]},
								"west": {"uv": [73, 53], "uv_size": [7, 8]},
								"up": {"uv": [81, 85], "uv_size": [1, 7]},
								"down": {"uv": [3, 116], "uv_size": [1, -7]}
							}
						},
						{
							"origin": [-8, 56, -40],
							"size": [7, 6, 1],
							"uv": {
								"north": {"uv": [53, 87], "uv_size": [7, 6]},
								"east": {"uv": [53, 109], "uv_size": [1, 6]},
								"south": {"uv": [88, 31], "uv_size": [7, 6]},
								"west": {"uv": [54, 109], "uv_size": [1, 6]},
								"up": {"uv": [109, 28], "uv_size": [7, 1]},
								"down": {"uv": [109, 30], "uv_size": [7, -1]}
							}
						},
						{
							"origin": [-8, 55, -40],
							"size": [3, 1, 1],
							"uv": {
								"north": {"uv": [35, 60], "uv_size": [3, 1]},
								"east": {"uv": [114, 97], "uv_size": [1, 1]},
								"south": {"uv": [91, 30], "uv_size": [3, 1]},
								"west": {"uv": [98, 114], "uv_size": [1, 1]},
								"up": {"uv": [96, 17], "uv_size": [3, 1]},
								"down": {"uv": [112, 3], "uv_size": [3, -1]}
							}
						},
						{
							"origin": [-8, 54, -40],
							"size": [2, 1, 1],
							"uv": {
								"north": {"uv": [113, 50], "uv_size": [2, 1]},
								"east": {"uv": [114, 98], "uv_size": [1, 1]},
								"south": {"uv": [51, 113], "uv_size": [2, 1]},
								"west": {"uv": [99, 114], "uv_size": [1, 1]},
								"up": {"uv": [113, 51], "uv_size": [2, 1]},
								"down": {"uv": [113, 53], "uv_size": [2, -1]}
							}
						},
						{
							"origin": [-8, 54, -39],
							"size": [1, 8, 7],
							"uv": {
								"north": {"uv": [1, 109], "uv_size": [1, 8]},
								"east": {"uv": [55, 73], "uv_size": [7, 8]},
								"south": {"uv": [2, 109], "uv_size": [1, 8]},
								"west": {"uv": [73, 61], "uv_size": [7, 8]},
								"up": {"uv": [4, 109], "uv_size": [1, 7]},
								"down": {"uv": [5, 116], "uv_size": [1, -7]}
							}
						},
						{
							"origin": [-7, 61, -39],
							"size": [5, 1, 7],
							"uv": {
								"north": {"uv": [47, 64], "uv_size": [5, 1]},
								"east": {"uv": [109, 30], "uv_size": [7, 1]},
								"south": {"uv": [73, 29], "uv_size": [5, 1]},
								"west": {"uv": [109, 31], "uv_size": [7, 1]},
								"up": {"uv": [41, 92], "uv_size": [5, 7]},
								"down": {"uv": [81, 99], "uv_size": [5, -7]}
							}
						},
						{
							"origin": [-7, 55, -33],
							"size": [5, 6, 1],
							"uv": {
								"north": {"uv": [95, 49], "uv_size": [5, 6]},
								"east": {"uv": [109, 67], "uv_size": [1, 6]},
								"south": {"uv": [95, 55], "uv_size": [5, 6]},
								"west": {"uv": [69, 109], "uv_size": [1, 6]},
								"up": {"uv": [110, 40], "uv_size": [5, 1]},
								"down": {"uv": [110, 42], "uv_size": [5, -1]}
							}
						}
					]
				},
				{
					"name": "headDown",
					"parent": "headRight",
					"pivot": [-3.94135, 53.98534, -32.22037],
					"cubes": [
						{
							"origin": [-8, 49.25, -37.5],
							"size": [1, 8, 6],
							"pivot": [-6, 53, -21],
							"rotation": [10, 0, 0],
							"uv": {
								"north": {"uv": [0, 109], "uv_size": [1, 8]},
								"east": {"uv": [84, 44], "uv_size": [6, 8]},
								"south": {"uv": [109, 0], "uv_size": [1, 8]},
								"west": {"uv": [75, 85], "uv_size": [6, 8]},
								"up": {"uv": [59, 109], "uv_size": [1, 6]},
								"down": {"uv": [109, 67], "uv_size": [1, -6]}
							}
						},
						{
							"origin": [-8, 49.25, -38.5],
							"size": [7, 4, 1],
							"pivot": [0, 53, -21],
							"rotation": [10, 0, 0],
							"uv": {
								"north": {"uv": [54, 12], "uv_size": [7, 4]},
								"east": {"uv": [61, 38], "uv_size": [1, 4]},
								"south": {"uv": [66, 8], "uv_size": [7, 4]},
								"west": {"uv": [87, 31], "uv_size": [1, 4]},
								"up": {"uv": [108, 54], "uv_size": [7, 1]},
								"down": {"uv": [108, 88], "uv_size": [7, -1]}
							}
						},
						{
							"origin": [-8, 53.25, -38.5],
							"size": [4, 1, 1],
							"pivot": [0, 53, -21],
							"rotation": [10, 0, 0],
							"uv": {
								"north": {"uv": [78, 37], "uv_size": [4, 1]},
								"east": {"uv": [93, 114], "uv_size": [1, 1]},
								"south": {"uv": [103, 70], "uv_size": [4, 1]},
								"west": {"uv": [114, 93], "uv_size": [1, 1]},
								"up": {"uv": [110, 42], "uv_size": [4, 1]},
								"down": {"uv": [110, 44], "uv_size": [4, -1]}
							}
						},
						{
							"origin": [-3, 53.25, -38.5],
							"size": [2, 1, 1],
							"pivot": [0, 53, -21],
							"rotation": [10, 0, 0],
							"uv": {
								"north": {"uv": [113, 27], "uv_size": [2, 1]},
								"east": {"uv": [92, 114], "uv_size": [1, 1]},
								"south": {"uv": [34, 113], "uv_size": [2, 1]},
								"west": {"uv": [114, 92], "uv_size": [1, 1]},
								"up": {"uv": [113, 34], "uv_size": [2, 1]},
								"down": {"uv": [113, 36], "uv_size": [2, -1]}
							}
						},
						{
							"origin": [-2, 49.25, -37.5],
							"size": [1, 8, 6],
							"pivot": [0, 53, -21],
							"rotation": [10, 0, 0],
							"uv": {
								"north": {"uv": [68, 108], "uv_size": [1, 8]},
								"east": {"uv": [82, 64], "uv_size": [6, 8]},
								"south": {"uv": [77, 108], "uv_size": [1, 8]},
								"west": {"uv": [82, 72], "uv_size": [6, 8]},
								"up": {"uv": [42, 109], "uv_size": [1, 6]},
								"down": {"uv": [43, 115], "uv_size": [1, -6]}
							}
						},
						{
							"origin": [-1.725, 49.29601, -38.54996],
							"size": [1.75, 1, 1],
							"pivot": [-1.5, 51.79601, -38.04996],
							"rotation": [0, -10, 90],
							"uv": {
								"north": {"uv": [114, 46], "uv_size": [2, 1]},
								"east": {"uv": [11, 115], "uv_size": [1, 1]},
								"south": {"uv": [114, 47], "uv_size": [2, 1]},
								"west": {"uv": [115, 11], "uv_size": [1, 1]},
								"up": {"uv": [114, 48], "uv_size": [2, 1]},
								"down": {"uv": [114, 50], "uv_size": [2, -1]}
							}
						},
						{
							"origin": [-2.725, 47.29601, -38.54996],
							"size": [1.75, 1, 1],
							"pivot": [-1.5, 51.79601, -38.04996],
							"rotation": [0, -10, 90],
							"uv": {
								"north": {"uv": [51, 114], "uv_size": [2, 1]},
								"east": {"uv": [12, 115], "uv_size": [1, 1]},
								"south": {"uv": [114, 55], "uv_size": [2, 1]},
								"west": {"uv": [115, 12], "uv_size": [1, 1]},
								"up": {"uv": [114, 56], "uv_size": [2, 1]},
								"down": {"uv": [114, 58], "uv_size": [2, -1]}
							}
						},
						{
							"origin": [-7.975, 54.25, -38.5],
							"size": [1.975, 3, 1],
							"pivot": [0, 53, -21],
							"rotation": [10, 0, 0],
							"uv": {
								"north": {"uv": [24, 72], "uv_size": [2, 3]},
								"east": {"uv": [46, 92], "uv_size": [1, 3]},
								"south": {"uv": [73, 90], "uv_size": [2, 3]},
								"west": {"uv": [30, 95], "uv_size": [1, 3]},
								"up": {"uv": [113, 36], "uv_size": [2, 1]},
								"down": {"uv": [113, 38], "uv_size": [2, -1]}
							}
						},
						{
							"origin": [-5, 54.25, -38.5],
							"size": [1, 1, 1],
							"pivot": [0, 53, -21],
							"rotation": [10, 0, 0],
							"uv": {
								"north": {"uv": [94, 114], "uv_size": [1, 1]},
								"east": {"uv": [114, 94], "uv_size": [1, 1]},
								"south": {"uv": [95, 114], "uv_size": [1, 1]},
								"west": {"uv": [114, 95], "uv_size": [1, 1]},
								"up": {"uv": [114, 96], "uv_size": [1, 1]},
								"down": {"uv": [97, 115], "uv_size": [1, -1]}
							}
						},
						{
							"origin": [-7, 50.25, -32.5],
							"size": [5, 7, 1],
							"pivot": [-6, 53, -21],
							"rotation": [10, 0, 0],
							"uv": {
								"north": {"uv": [53, 93], "uv_size": [5, 7]},
								"east": {"uv": [9, 109], "uv_size": [1, 7]},
								"south": {"uv": [73, 93], "uv_size": [5, 7]},
								"west": {"uv": [10, 109], "uv_size": [1, 7]},
								"up": {"uv": [110, 38], "uv_size": [5, 1]},
								"down": {"uv": [110, 40], "uv_size": [5, -1]}
							}
						},
						{
							"origin": [-1, 51, -37],
							"size": [1.75, 1, 1],
							"uv": {
								"north": {"uv": [113, 12], "uv_size": [2, 1]},
								"east": {"uv": [114, 86], "uv_size": [1, 1]},
								"south": {"uv": [13, 113], "uv_size": [2, 1]},
								"west": {"uv": [87, 114], "uv_size": [1, 1]},
								"up": {"uv": [113, 13], "uv_size": [2, 1]},
								"down": {"uv": [113, 15], "uv_size": [2, -1]}
							}
						},
						{
							"origin": [-1, 52, -35],
							"size": [1.75, 1, 1],
							"uv": {
								"north": {"uv": [113, 17], "uv_size": [2, 1]},
								"east": {"uv": [89, 114], "uv_size": [1, 1]},
								"south": {"uv": [113, 18], "uv_size": [2, 1]},
								"west": {"uv": [114, 89], "uv_size": [1, 1]},
								"up": {"uv": [113, 19], "uv_size": [2, 1]},
								"down": {"uv": [113, 21], "uv_size": [2, -1]}
							}
						},
						{
							"origin": [-7, 49.25, -37.5],
							"size": [5, 1, 6],
							"pivot": [-6, 53, -21],
							"rotation": [10, 0, 0],
							"uv": {
								"north": {"uv": [75, 52], "uv_size": [5, 1]},
								"east": {"uv": [109, 32], "uv_size": [6, 1]},
								"south": {"uv": [110, 7], "uv_size": [5, 1]},
								"west": {"uv": [109, 33], "uv_size": [6, 1]},
								"up": {"uv": [91, 0], "uv_size": [5, 6]},
								"down": {"uv": [46, 101], "uv_size": [5, -6]}
							}
						},
						{
							"origin": [-2.725, 51.29601, -38.54996],
							"size": [1.75, 1, 1],
							"pivot": [-1.5, 51.79601, -38.04996],
							"rotation": [0, -10, 90],
							"uv": {
								"north": {"uv": [114, 43], "uv_size": [2, 1]},
								"east": {"uv": [115, 9], "uv_size": [1, 1]},
								"south": {"uv": [44, 114], "uv_size": [2, 1]},
								"west": {"uv": [115, 10], "uv_size": [1, 1]},
								"up": {"uv": [114, 44], "uv_size": [2, 1]},
								"down": {"uv": [114, 46], "uv_size": [2, -1]}
							}
						}
					]
				},
				{
					"name": "headLeft",
					"parent": "head",
					"pivot": [0, 57, -28],
					"rotation": [-47.5, 0, 0],
					"cubes": [
						{
							"origin": [1, 54, -32],
							"size": [2, 6, 4],
							"uv": {
								"north": {"uv": [101, 65], "uv_size": [2, 6]},
								"east": {"uv": [96, 81], "uv_size": [4, 6]},
								"south": {"uv": [101, 91], "uv_size": [2, 6]},
								"west": {"uv": [61, 97], "uv_size": [4, 6]},
								"up": {"uv": [101, 108], "uv_size": [2, 4]},
								"down": {"uv": [107, 112], "uv_size": [2, -4]}
							}
						},
						{
							"origin": [0, 54, -30],
							"size": [1, 6, 2],
							"uv": {
								"north": {"uv": [78, 109], "uv_size": [1, 6]},
								"east": {"uv": [101, 97], "uv_size": [2, 6]},
								"south": {"uv": [79, 109], "uv_size": [1, 6]},
								"west": {"uv": [11, 102], "uv_size": [2, 6]},
								"up": {"uv": [90, 18], "uv_size": [1, 2]},
								"down": {"uv": [95, 43], "uv_size": [1, -2]}
							}
						},
						{
							"origin": [1, 54, -40],
							"size": [4, 8, 8],
							"uv": {
								"north": {"uv": [48, 36], "uv_size": [4, 8]},
								"east": {"uv": [56, 65], "uv_size": [8, 8]},
								"south": {"uv": [24, 95], "uv_size": [4, 8]},
								"west": {"uv": [26, 67], "uv_size": [8, 8]},
								"up": {"uv": [95, 25], "uv_size": [4, 8]},
								"down": {"uv": [95, 41], "uv_size": [4, -8]}
							}
						},
						{
							"origin": [-0.75, 59, -33],
							"size": [1.75, 1, 1],
							"uv": {
								"north": {"uv": [71, 53], "uv_size": [2, 1]},
								"east": {"uv": [61, 42], "uv_size": [1, 1]},
								"south": {"uv": [73, 69], "uv_size": [2, 1]},
								"west": {"uv": [36, 91], "uv_size": [1, 1]},
								"up": {"uv": [53, 80], "uv_size": [2, 1]},
								"down": {"uv": [62, 85], "uv_size": [2, -1]}
							}
						},
						{
							"origin": [-0.75, 59, -35],
							"size": [1.75, 1, 1],
							"uv": {
								"north": {"uv": [100, 86], "uv_size": [2, 1]},
								"east": {"uv": [106, 88], "uv_size": [1, 1]},
								"south": {"uv": [103, 69], "uv_size": [2, 1]},
								"west": {"uv": [107, 77], "uv_size": [1, 1]},
								"up": {"uv": [112, 88], "uv_size": [2, 1]},
								"down": {"uv": [89, 113], "uv_size": [2, -1]}
							}
						},
						{
							"origin": [-0.75, 59, -37],
							"size": [1.75, 1, 1],
							"uv": {
								"north": {"uv": [112, 92], "uv_size": [2, 1]},
								"east": {"uv": [64, 114], "uv_size": [1, 1]},
								"south": {"uv": [93, 112], "uv_size": [2, 1]},
								"west": {"uv": [114, 64], "uv_size": [1, 1]},
								"up": {"uv": [112, 93], "uv_size": [2, 1]},
								"down": {"uv": [112, 95], "uv_size": [2, -1]}
							}
						},
						{
							"origin": [-0.75, 59, -39],
							"size": [1.75, 1, 1],
							"uv": {
								"north": {"uv": [112, 98], "uv_size": [2, 1]},
								"east": {"uv": [72, 114], "uv_size": [1, 1]},
								"south": {"uv": [112, 99], "uv_size": [2, 1]},
								"west": {"uv": [73, 114], "uv_size": [1, 1]},
								"up": {"uv": [112, 100], "uv_size": [2, 1]},
								"down": {"uv": [101, 113], "uv_size": [2, -1]}
							}
						},
						{
							"origin": [-0.75, 57, -39],
							"size": [1.75, 1, 1],
							"uv": {
								"north": {"uv": [112, 105], "uv_size": [2, 1]},
								"east": {"uv": [114, 77], "uv_size": [1, 1]},
								"south": {"uv": [112, 106], "uv_size": [2, 1]},
								"west": {"uv": [114, 78], "uv_size": [1, 1]},
								"up": {"uv": [107, 112], "uv_size": [2, 1]},
								"down": {"uv": [112, 108], "uv_size": [2, -1]}
							}
						},
						{
							"origin": [-0.75, 55, -39],
							"size": [1.75, 1, 1],
							"uv": {
								"north": {"uv": [111, 112], "uv_size": [2, 1]},
								"east": {"uv": [114, 81], "uv_size": [1, 1]},
								"south": {"uv": [112, 111], "uv_size": [2, 1]},
								"west": {"uv": [114, 82], "uv_size": [1, 1]},
								"up": {"uv": [113, 3], "uv_size": [2, 1]},
								"down": {"uv": [113, 5], "uv_size": [2, -1]}
							}
						},
						{
							"origin": [-0.75, 54, -38],
							"size": [1.75, 1, 1],
							"uv": {
								"north": {"uv": [113, 9], "uv_size": [2, 1]},
								"east": {"uv": [85, 114], "uv_size": [1, 1]},
								"south": {"uv": [113, 10], "uv_size": [2, 1]},
								"west": {"uv": [114, 85], "uv_size": [1, 1]},
								"up": {"uv": [11, 113], "uv_size": [2, 1]},
								"down": {"uv": [113, 12], "uv_size": [2, -1]}
							}
						},
						{
							"origin": [-0.75, 54, -36],
							"size": [1.75, 1, 1],
							"uv": {
								"north": {"uv": [15, 113], "uv_size": [2, 1]},
								"east": {"uv": [88, 114], "uv_size": [1, 1]},
								"south": {"uv": [113, 15], "uv_size": [2, 1]},
								"west": {"uv": [114, 88], "uv_size": [1, 1]},
								"up": {"uv": [113, 16], "uv_size": [2, 1]},
								"down": {"uv": [17, 114], "uv_size": [2, -1]}
							}
						},
						{
							"origin": [-0.75, 54, -34],
							"size": [1.75, 1, 1],
							"uv": {
								"north": {"uv": [113, 21], "uv_size": [2, 1]},
								"east": {"uv": [90, 114], "uv_size": [1, 1]},
								"south": {"uv": [113, 22], "uv_size": [2, 1]},
								"west": {"uv": [114, 90], "uv_size": [1, 1]},
								"up": {"uv": [113, 23], "uv_size": [2, 1]},
								"down": {"uv": [24, 114], "uv_size": [2, -1]}
							}
						}
					]
				}
			]
		}
	]
}