{
	"format_version": "1.12.0",
	"minecraft:geometry": [
		{
			"description": {
				"identifier": "geometry.unknown",
				"texture_width": 128,
				"texture_height": 128,
				"visible_bounds_width": 2,
				"visible_bounds_height": 6.5,
				"visible_bounds_offset": [0, 2.75, 0]
			},
			"bones": [
				{
					"name": "base",
					"pivot": [0, 20.7, 0]
				},
				{
					"name": "legRT",
					"parent": "base",
					"pivot": [-2.02583, 20.90065, 0.85],
					"cubes": [
						{
							"origin": [-3.85, 13.6, -0.85],
							"size": [3.5, 7, 3.5],
							"pivot": [-2.1, 17.6, 0.9],
							"rotation": [0, 0, -1],
							"uv": {
								"north": {"uv": [13, 52], "uv_size": [4, 7]},
								"east": {"uv": [17, 52], "uv_size": [4, 7]},
								"south": {"uv": [52, 26], "uv_size": [4, 7]},
								"west": {"uv": [43, 52], "uv_size": [4, 7]},
								"up": {"uv": [37, 29], "uv_size": [4, 4]},
								"down": {"uv": [36, 64], "uv_size": [4, -4]}
							}
						},
						{
							"origin": [-3.76374, 10.03566, -0.65],
							"size": [3.5, 4, 3.5],
							"inflate": -0.1,
							"pivot": [0, 11.50099, 1.1],
							"rotation": [4.9983, 0.13072, -1.49429],
							"uv": {
								"north": {"uv": [61, 5], "uv_size": [4, 4]},
								"east": {"uv": [61, 34], "uv_size": [4, 4]},
								"south": {"uv": [61, 38], "uv_size": [4, 4]},
								"west": {"uv": [61, 42], "uv_size": [4, 4]},
								"up": {"uv": [61, 46], "uv_size": [4, 4]},
								"down": {"uv": [49, 65], "uv_size": [4, -4]}
							}
						}
					]
				},
				{
					"name": "legRB",
					"parent": "legRT",
					"pivot": [-2, 9.9, -0.15],
					"cubes": [
						{
							"origin": [-3.25, 5, 0.15],
							"size": [2.5, 5, 2.5],
							"inflate": 0.2,
							"pivot": [-4, 7.5, 1.4],
							"rotation": [2.5, 0, 0],
							"uv": {
								"north": {"uv": [65, 40], "uv_size": [3, 5]},
								"east": {"uv": [65, 45], "uv_size": [3, 5]},
								"south": {"uv": [48, 65], "uv_size": [3, 5]},
								"west": {"uv": [51, 65], "uv_size": [3, 5]},
								"up": {"uv": [62, 58], "uv_size": [3, 3]},
								"down": {"uv": [68, 15], "uv_size": [3, -3]}
							}
						},
						{
							"origin": [-3.25, 2, 0.25],
							"size": [2.5, 3, 2.5],
							"uv": {
								"north": {"uv": [63, 68], "uv_size": [3, 3]},
								"east": {"uv": [68, 65], "uv_size": [3, 3]},
								"south": {"uv": [66, 68], "uv_size": [3, 3]},
								"west": {"uv": [69, 4], "uv_size": [3, 3]},
								"up": {"uv": [10, 69], "uv_size": [3, 3]},
								"down": {"uv": [13, 72], "uv_size": [3, -3]}
							}
						}
					]
				},
				{
					"name": "feetRT",
					"parent": "legRB",
					"pivot": [-2, 1.7, 1.25],
					"cubes": [
						{
							"origin": [-3.75, 1.82693, -0.35714],
							"size": [3.5, 2, 3.5],
							"pivot": [-2, 2.82693, 1.39286],
							"rotation": [-5, 0, 0],
							"uv": {
								"north": {"uv": [53, 14], "uv_size": [4, 2]},
								"east": {"uv": [68, 48], "uv_size": [4, 2]},
								"south": {"uv": [68, 61], "uv_size": [4, 2]},
								"west": {"uv": [70, 21], "uv_size": [4, 2]},
								"up": {"uv": [61, 50], "uv_size": [4, 4]},
								"down": {"uv": [53, 65], "uv_size": [4, -4]}
							}
						}
					]
				},
				{
					"name": "feetRB",
					"parent": "feetRT",
					"pivot": [-2, 1.7, -0.5],
					"cubes": [
						{
							"origin": [-3.75, 0, -2.45],
							"size": [3.5, 2, 5.5],
							"uv": {
								"north": {"uv": [70, 23], "uv_size": [4, 2]},
								"east": {"uv": [46, 27], "uv_size": [6, 2]},
								"south": {"uv": [70, 25], "uv_size": [4, 2]},
								"west": {"uv": [65, 63], "uv_size": [6, 2]},
								"up": {"uv": [57, 5], "uv_size": [4, 6]},
								"down": {"uv": [5, 64], "uv_size": [4, -6]}
							}
						}
					]
				},
				{
					"name": "legLT",
					"parent": "base",
					"pivot": [2.02583, 20.90065, 0.85],
					"cubes": [
						{
							"origin": [0.35, 13.6, -0.85],
							"size": [3.5, 7, 3.5],
							"pivot": [2.1, 17.6, 0.9],
							"rotation": [0, 0, 1],
							"uv": {
								"north": {"uv": [47, 52], "uv_size": [4, 7]},
								"east": {"uv": [53, 0], "uv_size": [4, 7]},
								"south": {"uv": [53, 7], "uv_size": [4, 7]},
								"west": {"uv": [21, 53], "uv_size": [4, 7]},
								"up": {"uv": [57, 61], "uv_size": [4, 4]},
								"down": {"uv": [61, 65], "uv_size": [4, -4]}
							}
						},
						{
							"origin": [0.23626, 10.03566, -0.65],
							"size": [3.5, 4, 3.5],
							"inflate": -0.1,
							"pivot": [0, 11.50099, 1.1],
							"rotation": [4.99924, -0.08715, 0.9962],
							"uv": {
								"north": {"uv": [0, 62], "uv_size": [4, 4]},
								"east": {"uv": [62, 0], "uv_size": [4, 4]},
								"south": {"uv": [62, 9], "uv_size": [4, 4]},
								"west": {"uv": [62, 13], "uv_size": [4, 4]},
								"up": {"uv": [40, 62], "uv_size": [4, 4]},
								"down": {"uv": [44, 66], "uv_size": [4, -4]}
							}
						}
					]
				},
				{
					"name": "legLB",
					"parent": "legLT",
					"pivot": [2, 9.8, -0.15],
					"cubes": [
						{
							"origin": [0.75, 5, 0.15],
							"size": [2.5, 5, 2.5],
							"inflate": 0.2,
							"pivot": [0, 7.5, 1.4],
							"rotation": [2.5, 0, 0],
							"uv": {
								"north": {"uv": [54, 65], "uv_size": [3, 5]},
								"east": {"uv": [57, 65], "uv_size": [3, 5]},
								"south": {"uv": [65, 58], "uv_size": [3, 5]},
								"west": {"uv": [60, 65], "uv_size": [3, 5]},
								"up": {"uv": [16, 69], "uv_size": [3, 3]},
								"down": {"uv": [69, 33], "uv_size": [3, -3]}
							}
						},
						{
							"origin": [0.75, 2, 0.25],
							"size": [2.5, 3, 2.5],
							"uv": {
								"north": {"uv": [69, 33], "uv_size": [3, 3]},
								"east": {"uv": [69, 36], "uv_size": [3, 3]},
								"south": {"uv": [42, 69], "uv_size": [3, 3]},
								"west": {"uv": [45, 69], "uv_size": [3, 3]},
								"up": {"uv": [69, 53], "uv_size": [3, 3]},
								"down": {"uv": [69, 71], "uv_size": [3, -3]}
							}
						}
					]
				},
				{
					"name": "feetLT",
					"parent": "legLB",
					"pivot": [2, 1.7, 1.25],
					"cubes": [
						{
							"origin": [0.25, 1.82693, -0.35714],
							"size": [3.5, 2, 3.5],
							"pivot": [2, 2.82693, 1.39286],
							"rotation": [-5, 0, 0],
							"uv": {
								"north": {"uv": [70, 27], "uv_size": [4, 2]},
								"east": {"uv": [48, 70], "uv_size": [4, 2]},
								"south": {"uv": [70, 50], "uv_size": [4, 2]},
								"west": {"uv": [52, 70], "uv_size": [4, 2]},
								"up": {"uv": [62, 54], "uv_size": [4, 4]},
								"down": {"uv": [63, 24], "uv_size": [4, -4]}
							}
						}
					]
				},
				{
					"name": "feetLB",
					"parent": "feetLT",
					"pivot": [2, 1.7, -0.5],
					"cubes": [
						{
							"origin": [0.25, 0, -2.45],
							"size": [3.5, 2, 5.5],
							"uv": {
								"north": {"uv": [56, 70], "uv_size": [4, 2]},
								"east": {"uv": [66, 0], "uv_size": [6, 2]},
								"south": {"uv": [71, 7], "uv_size": [4, 2]},
								"west": {"uv": [66, 2], "uv_size": [6, 2]},
								"up": {"uv": [9, 58], "uv_size": [4, 6]},
								"down": {"uv": [58, 17], "uv_size": [4, -6]}
							}
						}
					]
				},
				{
					"name": "bodyB",
					"parent": "base",
					"pivot": [0, 20.7, 0.9],
					"cubes": [
						{
							"origin": [-3.75, 23.4, -1.2],
							"size": [7.5, 6, 4],
							"inflate": -0.2,
							"pivot": [0.5, 24.5, 2.05],
							"rotation": [2, 0, 0],
							"uv": {
								"north": {"uv": [37, 0], "uv_size": [8, 6]},
								"east": {"uv": [13, 59], "uv_size": [4, 6]},
								"south": {"uv": [37, 6], "uv_size": [8, 6]},
								"west": {"uv": [17, 59], "uv_size": [4, 6]},
								"up": {"uv": [8, 48], "uv_size": [8, 4]},
								"down": {"uv": [48, 38], "uv_size": [8, -4]}
							}
						},
						{
							"origin": [-4, 23.4, -1.45],
							"size": [8, 6, 4.5],
							"inflate": -0.2,
							"pivot": [0.5, 24.5, 2.05],
							"rotation": [2, 0, 0],
							"uv": {
								"north": {"uv": [37, 12], "uv_size": [8, 6]},
								"east": {"uv": [50, 20], "uv_size": [5, 6]},
								"south": {"uv": [37, 18], "uv_size": [8, 6]},
								"west": {"uv": [51, 42], "uv_size": [5, 6]},
								"up": {"uv": [43, 43], "uv_size": [8, 5]},
								"down": {"uv": [23, 49], "uv_size": [8, -5]}
							}
						},
						{
							"origin": [-3.9, 20.5, -0.85],
							"size": [7.8, 3, 3.5],
							"inflate": 0.1,
							"pivot": [0.4, 22, 0.9],
							"rotation": [2.5, 0, 0],
							"uv": {
								"north": {"uv": [58, 17], "uv_size": [8, 3]},
								"east": {"uv": [66, 15], "uv_size": [4, 3]},
								"south": {"uv": [41, 59], "uv_size": [8, 3]},
								"west": {"uv": [42, 66], "uv_size": [4, 3]},
								"up": {"uv": [48, 38], "uv_size": [8, 4]},
								"down": {"uv": [43, 52], "uv_size": [8, -4]}
							}
						}
					]
				},
				{
					"name": "bone",
					"parent": "bodyB",
					"pivot": [-2.3, 23.6, 2.88604],
					"cubes": [
						{
							"origin": [-4.5, 12.79976, -1.41396],
							"size": [4.7, 11, 4.5],
							"inflate": -0.2,
							"uv": {
								"north": {"uv": [0, 32], "uv_size": [5, 11]},
								"east": {"uv": [32, 0], "uv_size": [5, 11]},
								"south": {"uv": [5, 32], "uv_size": [5, 11]},
								"west": {"uv": [10, 32], "uv_size": [5, 11]},
								"up": {"uv": [56, 34], "uv_size": [5, 5]},
								"down": {"uv": [56, 44], "uv_size": [5, -5]}
							}
						}
					]
				},
				{
					"name": "bone2",
					"parent": "bodyB",
					"pivot": [2.45, 23.6, 2.886],
					"cubes": [
						{
							"origin": [-0.2, 12.79976, -1.41396],
							"size": [4.7, 11, 4.5],
							"inflate": -0.2,
							"uv": {
								"north": {"uv": [32, 11], "uv_size": [5, 11]},
								"east": {"uv": [15, 32], "uv_size": [5, 11]},
								"south": {"uv": [20, 32], "uv_size": [5, 11]},
								"west": {"uv": [32, 22], "uv_size": [5, 11]},
								"up": {"uv": [56, 44], "uv_size": [5, 5]},
								"down": {"uv": [56, 54], "uv_size": [5, -5]}
							}
						}
					]
				},
				{
					"name": "bodyT",
					"parent": "bodyB",
					"pivot": [0, 28.9, 1.5],
					"cubes": [
						{
							"origin": [-4.25, 29, -1.55],
							"size": [8.5, 5, 4.5],
							"pivot": [0.4, 30.5, 0.45],
							"rotation": [-2.5, 0, 0],
							"uv": {
								"north": {"uv": [37, 24], "uv_size": [9, 5]},
								"east": {"uv": [0, 57], "uv_size": [5, 5]},
								"south": {"uv": [25, 39], "uv_size": [9, 5]},
								"west": {"uv": [57, 0], "uv_size": [5, 5]},
								"up": {"uv": [34, 39], "uv_size": [9, 5]},
								"down": {"uv": [0, 48], "uv_size": [9, -5]}
							}
						},
						{
							"origin": [-4.5, 28.75, -1.8],
							"size": [9, 5.5, 5],
							"pivot": [0.4, 30.5, 0.45],
							"rotation": [-2.5, 0, 0],
							"uv": {
								"north": {"uv": [25, 33], "uv_size": [9, 6]},
								"east": {"uv": [51, 48], "uv_size": [5, 6]},
								"south": {"uv": [34, 33], "uv_size": [9, 6]},
								"west": {"uv": [8, 52], "uv_size": [5, 6]},
								"up": {"uv": [9, 43], "uv_size": [9, 5]},
								"down": {"uv": [43, 34], "uv_size": [9, -5]}
							}
						},
						{
							"origin": [-1.5, 33.9, -0.35],
							"size": [3, 2, 3],
							"uv": {
								"north": {"uv": [32, 71], "uv_size": [3, 2]},
								"east": {"uv": [71, 40], "uv_size": [3, 2]},
								"south": {"uv": [71, 42], "uv_size": [3, 2]},
								"west": {"uv": [71, 44], "uv_size": [3, 2]},
								"up": {"uv": [70, 15], "uv_size": [3, 3]},
								"down": {"uv": [70, 21], "uv_size": [3, -3]}
							}
						},
						{
							"origin": [-2, 32.9, -1.35],
							"size": [4, 2, 4],
							"pivot": [1, 35.5, 0.7],
							"rotation": [5, 0, 0],
							"uv": {
								"north": {"uv": [71, 9], "uv_size": [4, 2]},
								"east": {"uv": [71, 11], "uv_size": [4, 2]},
								"south": {"uv": [71, 13], "uv_size": [4, 2]},
								"west": {"uv": [19, 71], "uv_size": [4, 2]},
								"up": {"uv": [63, 24], "uv_size": [4, 4]},
								"down": {"uv": [63, 32], "uv_size": [4, -4]}
							}
						}
					]
				},
				{
					"name": "tie",
					"parent": "bodyT",
					"pivot": [0, 34.00562, -1.37851],
					"cubes": [
						{
							"origin": [-2, 32, -1.6],
							"size": [4, 2, 0.01],
							"pivot": [0.4, 30.5, 0.45],
							"rotation": [-2.5, 0, 0],
							"uv": {
								"north": {"uv": [23, 71], "uv_size": [4, 2]},
								"east": {"uv": [45, 22], "uv_size": [1, 2]},
								"south": {"uv": [27, 71], "uv_size": [4, 2]},
								"west": {"uv": [49, 16], "uv_size": [1, 2]},
								"up": {"uv": [52, 33], "uv_size": [4, 1]},
								"down": {"uv": [71, 48], "uv_size": [4, -1]}
							}
						},
						{
							"origin": [-1, 29, -1.6],
							"size": [2, 3, 0.01],
							"pivot": [0.4, 30.5, 0.45],
							"rotation": [-2.5, 0, 0],
							"uv": {
								"north": {"uv": [41, 53], "uv_size": [2, 3]},
								"east": {"uv": [57, 11], "uv_size": [1, 3]},
								"south": {"uv": [41, 56], "uv_size": [2, 3]},
								"west": {"uv": [48, 62], "uv_size": [1, 3]},
								"up": {"uv": [30, 32], "uv_size": [2, 1]},
								"down": {"uv": [23, 44], "uv_size": [2, -1]}
							}
						}
					]
				},
				{
					"name": "tie_2",
					"parent": "tie",
					"pivot": [0, 29.09085, -1.65848],
					"cubes": [
						{
							"origin": [-1, 25.09085, -1.66348],
							"size": [2, 4, 0.01],
							"uv": {
								"north": {"uv": [41, 29], "uv_size": [2, 4]},
								"east": {"uv": [45, 18], "uv_size": [1, 4]},
								"south": {"uv": [16, 48], "uv_size": [2, 4]},
								"west": {"uv": [55, 20], "uv_size": [1, 4]},
								"up": {"uv": [48, 42], "uv_size": [2, 1]},
								"down": {"uv": [50, 27], "uv_size": [2, -1]}
							}
						}
					]
				},
				{
					"name": "bone3",
					"parent": "bodyT",
					"pivot": [1, 35.5, 0.7]
				},
				{
					"name": "head",
					"parent": "bodyT",
					"pivot": [-0.02957, 35.14839, 1.46722],
					"cubes": [
						{
							"origin": [-4, 34.7, -3.1],
							"size": [8, 8, 8],
							"inflate": -0.3,
							"uv": {
								"north": {"uv": [0, 0], "uv_size": [8, 8]},
								"east": {"uv": [0, 8], "uv_size": [8, 8]},
								"south": {"uv": [8, 0], "uv_size": [8, 8]},
								"west": {"uv": [8, 8], "uv_size": [8, 8]},
								"up": {"uv": [0, 16], "uv_size": [8, 8]},
								"down": {"uv": [16, 8], "uv_size": [8, -8]}
							}
						},
						{
							"origin": [-4.6, 39.39286, 1.61944],
							"size": [8, 8, 4],
							"inflate": -0.2,
							"pivot": [-0.6, 43.79286, 1.01944],
							"rotation": [-84.99526, -2.49048, -0.21803],
							"uv": {
								"north": {"uv": [8, 16], "uv_size": [8, 8]},
								"east": {"uv": [49, 0], "uv_size": [4, 8]},
								"south": {"uv": [16, 8], "uv_size": [8, 8]},
								"west": {"uv": [49, 8], "uv_size": [4, 8]},
								"up": {"uv": [23, 49], "uv_size": [8, 4]},
								"down": {"uv": [50, 20], "uv_size": [8, -4]}
							}
						},
						{
							"origin": [-4, 34.7, -3],
							"size": [8, 8, 8],
							"inflate": -0.1,
							"pivot": [0, 38.7, 1],
							"rotation": [4, 0, 0],
							"uv": {
								"north": {"uv": [16, 16], "uv_size": [8, 8]},
								"east": {"uv": [0, 24], "uv_size": [8, 8]},
								"south": {"uv": [24, 0], "uv_size": [8, 8]},
								"west": {"uv": [8, 24], "uv_size": [8, 8]},
								"up": {"uv": [24, 8], "uv_size": [8, 8]},
								"down": {"uv": [16, 32], "uv_size": [8, -8]}
							}
						},
						{
							"origin": [1.94549, 34.84839, -4.72488],
							"size": [2, 7, 1],
							"pivot": [-0.02957, 37.59839, -3.04489],
							"rotation": [4.41196, -24.93493, -1.86306],
							"uv": {
								"north": {"uv": [0, 66], "uv_size": [2, 7]},
								"east": {"uv": [60, 70], "uv_size": [1, 7]},
								"south": {"uv": [2, 66], "uv_size": [2, 7]},
								"west": {"uv": [61, 70], "uv_size": [1, 7]},
								"up": {"uv": [21, 52], "uv_size": [2, 1]},
								"down": {"uv": [5, 58], "uv_size": [2, -1]}
							}
						},
						{
							"origin": [3.36659, 39.19363, -5.10905],
							"size": [0, 3, 1],
							"inflate": 0.001,
							"pivot": [4.36659, 42.69363, -4.60905],
							"rotation": [39.41196, -24.93493, -1.86306],
							"uv": {
								"north": {"uv": [0, 0], "uv_size": [0, 3]},
								"east": {"uv": [46, 66], "uv_size": [1, 3]},
								"south": {"uv": [0, 0], "uv_size": [0, 3]},
								"west": {"uv": [47, 66], "uv_size": [1, 3]},
								"up": {"uv": [0, 0], "uv_size": [0, 1]},
								"down": {"uv": [0, 1], "uv_size": [0, -1]}
							}
						},
						{
							"origin": [3.22222, 41.91741, -4.59832],
							"size": [0, 3, 1],
							"inflate": 0.001,
							"pivot": [4.72222, 41.41741, -4.09832],
							"rotation": [-10.58804, -24.93493, -1.86306],
							"uv": {
								"north": {"uv": [0, 0], "uv_size": [0, 3]},
								"east": {"uv": [71, 57], "uv_size": [1, 3]},
								"south": {"uv": [0, 0], "uv_size": [0, 3]},
								"west": {"uv": [63, 71], "uv_size": [1, 3]},
								"up": {"uv": [0, 0], "uv_size": [0, 1]},
								"down": {"uv": [0, 1], "uv_size": [0, -1]}
							}
						},
						{
							"origin": [-2.52957, 33.84839, -3.73278],
							"size": [5, 9, 1],
							"pivot": [-0.02957, 37.59839, -3.04489],
							"rotation": [4, 0, 0],
							"uv": {
								"north": {"uv": [18, 43], "uv_size": [5, 9]},
								"east": {"uv": [38, 68], "uv_size": [1, 9]},
								"south": {"uv": [43, 34], "uv_size": [5, 9]},
								"west": {"uv": [39, 68], "uv_size": [1, 9]},
								"up": {"uv": [25, 32], "uv_size": [5, 1]},
								"down": {"uv": [71, 47], "uv_size": [5, -1]}
							}
						},
						{
							"origin": [-2.52857, 38.81973, -4.07823],
							"size": [5, 3, 0],
							"inflate": 0.001,
							"pivot": [-0.02857, 41.29473, -4.25323],
							"rotation": [-6, 0, 0],
							"uv": {
								"north": {"uv": [65, 50], "uv_size": [5, 3]},
								"east": {"uv": [0, 0], "uv_size": [0, 3]},
								"south": {"uv": [63, 65], "uv_size": [5, 3]},
								"west": {"uv": [0, 0], "uv_size": [0, 3]},
								"up": {"uv": [0, 0], "uv_size": [5, 0]},
								"down": {"uv": [0, 0], "uv_size": [5, 0]}
							}
						},
						{
							"origin": [-4.00463, 34.84839, -4.72488],
							"size": [2, 7, 1],
							"pivot": [-0.02957, 37.59839, -3.04489],
							"rotation": [4.41196, 24.93493, 1.86306],
							"uv": {
								"north": {"uv": [66, 8], "uv_size": [2, 7]},
								"east": {"uv": [62, 70], "uv_size": [1, 7]},
								"south": {"uv": [40, 66], "uv_size": [2, 7]},
								"west": {"uv": [31, 71], "uv_size": [1, 7]},
								"up": {"uv": [49, 59], "uv_size": [2, 1]},
								"down": {"uv": [49, 61], "uv_size": [2, -1]}
							}
						},
						{
							"origin": [-2.95834, 39.92715, -3.92061],
							"size": [0, 3, 1],
							"inflate": 0.001,
							"pivot": [-3.95834, 40.92715, -3.42061],
							"rotation": [39.41196, 24.93493, 1.86306],
							"uv": {
								"north": {"uv": [0, 0], "uv_size": [0, 3]},
								"east": {"uv": [71, 63], "uv_size": [1, 3]},
								"south": {"uv": [0, 0], "uv_size": [0, 3]},
								"west": {"uv": [64, 71], "uv_size": [1, 3]},
								"up": {"uv": [0, 0], "uv_size": [0, 1]},
								"down": {"uv": [0, 1], "uv_size": [0, -1]}
							}
						},
						{
							"origin": [-3.78713, 42.12385, -5.6873],
							"size": [0, 3, 1],
							"inflate": 0.001,
							"pivot": [-4.28713, 39.12385, -5.1873],
							"rotation": [-10.58804, 24.93493, 1.86306],
							"uv": {
								"north": {"uv": [0, 0], "uv_size": [0, 3]},
								"east": {"uv": [65, 71], "uv_size": [1, 3]},
								"south": {"uv": [0, 0], "uv_size": [0, 3]},
								"west": {"uv": [66, 71], "uv_size": [1, 3]},
								"up": {"uv": [0, 0], "uv_size": [0, 1]},
								"down": {"uv": [0, 1], "uv_size": [0, -1]}
							}
						},
						{
							"origin": [-4.02957, 39.74839, -3.03278],
							"size": [8, 1, 8],
							"pivot": [-0.02957, 40.64839, 0.76722],
							"rotation": [-5, 0, 0],
							"uv": {
								"north": {"uv": [69, 39], "uv_size": [8, 1]},
								"east": {"uv": [69, 56], "uv_size": [8, 1]},
								"south": {"uv": [70, 29], "uv_size": [8, 1]},
								"west": {"uv": [70, 52], "uv_size": [8, 1]},
								"up": {"uv": [24, 16], "uv_size": [8, 8]},
								"down": {"uv": [24, 32], "uv_size": [8, -8]}
							}
						}
					]
				},
				{
					"name": "armRT",
					"parent": "bodyT",
					"pivot": [-4.38026, 32.22752, 1.08086],
					"cubes": [
						{
							"origin": [-7.25, 24.7, -0.8],
							"size": [3.5, 8.5, 3.75],
							"pivot": [6.25, 32.2, 0.95],
							"rotation": [2.5, 0, 2.5],
							"uv": {
								"north": {"uv": [31, 44], "uv_size": [4, 9]},
								"east": {"uv": [35, 44], "uv_size": [4, 9]},
								"south": {"uv": [39, 44], "uv_size": [4, 9]},
								"west": {"uv": [45, 0], "uv_size": [4, 9]},
								"up": {"uv": [4, 64], "uv_size": [4, 4]},
								"down": {"uv": [8, 68], "uv_size": [4, -4]}
							}
						}
					]
				},
				{
					"name": "armRB",
					"parent": "armRT",
					"pivot": [-5.7612, 25.2775, 3.15],
					"cubes": [
						{
							"origin": [-7.23876, 18.72752, -0.4],
							"size": [2.75, 7, 3.5],
							"inflate": -0.2,
							"uv": {
								"north": {"uv": [59, 54], "uv_size": [3, 7]},
								"east": {"uv": [25, 53], "uv_size": [4, 7]},
								"south": {"uv": [60, 20], "uv_size": [3, 7]},
								"west": {"uv": [29, 53], "uv_size": [4, 7]},
								"up": {"uv": [66, 53], "uv_size": [3, 4]},
								"down": {"uv": [67, 22], "uv_size": [3, -4]}
							}
						},
						{
							"origin": [-7.48876, 18.72752, -0.65],
							"size": [3.25, 7, 4],
							"inflate": -0.2,
							"uv": {
								"north": {"uv": [21, 60], "uv_size": [3, 7]},
								"east": {"uv": [33, 53], "uv_size": [4, 7]},
								"south": {"uv": [24, 60], "uv_size": [3, 7]},
								"west": {"uv": [37, 53], "uv_size": [4, 7]},
								"up": {"uv": [20, 67], "uv_size": [3, 4]},
								"down": {"uv": [67, 26], "uv_size": [3, -4]}
							}
						}
					]
				},
				{
					"name": "handR",
					"parent": "armRB",
					"pivot": [-5.73876, 18.92752, 2.9],
					"cubes": [
						{
							"origin": [-6.98876, 15.42752, -0.6],
							"size": [2.5, 3.5, 3.5],
							"uv": {
								"north": {"uv": [23, 67], "uv_size": [3, 4]},
								"east": {"uv": [36, 64], "uv_size": [4, 4]},
								"south": {"uv": [26, 67], "uv_size": [3, 4]},
								"west": {"uv": [65, 4], "uv_size": [4, 4]},
								"up": {"uv": [67, 26], "uv_size": [3, 4]},
								"down": {"uv": [29, 71], "uv_size": [3, -4]}
							}
						}
					]
				},
				{
					"name": "armLT",
					"parent": "bodyT",
					"pivot": [4.38121, 32.1839, 1.08086],
					"cubes": [
						{
							"origin": [3.75, 25.2, -0.8],
							"size": [3.5, 8.5, 3.75],
							"pivot": [6.25, 32.2, 0.95],
							"rotation": [2.5, 0, -2.5],
							"uv": {
								"north": {"uv": [45, 9], "uv_size": [4, 9]},
								"east": {"uv": [46, 18], "uv_size": [4, 9]},
								"south": {"uv": [0, 48], "uv_size": [4, 9]},
								"west": {"uv": [4, 48], "uv_size": [4, 9]},
								"up": {"uv": [12, 65], "uv_size": [4, 4]},
								"down": {"uv": [16, 69], "uv_size": [4, -4]}
							}
						}
					]
				},
				{
					"name": "armLB",
					"parent": "armLT",
					"pivot": [5.76124, 25.27752, 3.15],
					"cubes": [
						{
							"origin": [4.51124, 18.72752, -0.4],
							"size": [2.75, 7, 3.5],
							"inflate": -0.2,
							"uv": {
								"north": {"uv": [27, 60], "uv_size": [3, 7]},
								"east": {"uv": [51, 54], "uv_size": [4, 7]},
								"south": {"uv": [60, 27], "uv_size": [3, 7]},
								"west": {"uv": [55, 54], "uv_size": [4, 7]},
								"up": {"uv": [32, 67], "uv_size": [3, 4]},
								"down": {"uv": [4, 72], "uv_size": [3, -4]}
							}
						},
						{
							"origin": [4.26124, 18.72752, -0.65],
							"size": [3.25, 7, 4],
							"inflate": -0.2,
							"uv": {
								"north": {"uv": [30, 60], "uv_size": [3, 7]},
								"east": {"uv": [56, 20], "uv_size": [4, 7]},
								"south": {"uv": [33, 60], "uv_size": [3, 7]},
								"west": {"uv": [56, 27], "uv_size": [4, 7]},
								"up": {"uv": [7, 68], "uv_size": [3, 4]},
								"down": {"uv": [68, 12], "uv_size": [3, -4]}
							}
						}
					]
				},
				{
					"name": "handL",
					"parent": "armLB",
					"pivot": [5.76124, 18.92752, 2.9],
					"cubes": [
						{
							"origin": [4.51124, 15.42752, -0.6],
							"size": [2.5, 3.5, 3.5],
							"uv": {
								"north": {"uv": [35, 68], "uv_size": [3, 4]},
								"east": {"uv": [65, 32], "uv_size": [4, 4]},
								"south": {"uv": [68, 40], "uv_size": [3, 4]},
								"west": {"uv": [65, 36], "uv_size": [4, 4]},
								"up": {"uv": [68, 44], "uv_size": [3, 4]},
								"down": {"uv": [68, 61], "uv_size": [3, -4]}
							}
						}
					]
				}
			]
		}
	]
}