{
	"format_version": "1.8.0",
	"animations": {
		"idle": {
			"loop": true,
			"animation_length": 3.52,
			"bones": {
				"bone30": {
					"position": {
						"0.0": {
							"vector": [0, -1, 0]
						},
						"1.0": {
							"vector": [0, 0, -1]
						},
						"2.32": {
							"vector": [0, -1, 0]
						},
						"3.52": {
							"vector": [0, -1, 0]
						}
					}
				},
				"bodi": {
					"rotation": {
						"0.0": {
							"vector": [15, 0, 0]
						},
						"1.28": {
							"vector": [5, 0, 0]
						},
						"3.0": {
							"vector": [15, 0, 0]
						}
					}
				},
				"bodi2": {
					"rotation": {
						"0.0": {
							"vector": [10, 0, 0]
						},
						"0.76": {
							"vector": [3.91, 0, 5]
						},
						"1.56": {
							"vector": [-2.5, 0, 0]
						},
						"2.56": {
							"vector": [3.88, 0, -5]
						},
						"3.52": {
							"vector": [10, 0, 0]
						}
					}
				},
				"bone9": {
					"rotation": {
						"0.0": {
							"vector": [0, 0, -17.5]
						},
						"1.32": {
							"vector": [17.5, 0, -17.5]
						},
						"2.6": {
							"vector": [5, 7.5, -17.5]
						},
						"3.52": {
							"vector": [0, 0, -17.5]
						}
					}
				},
				"bone10": {
					"rotation": {
						"0.0": {
							"vector": [-50, 0, 0]
						},
						"1.32": {
							"vector": [-35, 0, 12.5]
						},
						"2.6": {
							"vector": [-47.5, 10, -7.5]
						},
						"3.52": {
							"vector": [-50, 0, 0]
						}
					}
				},
				"golen3": {
					"rotation": {
						"0.0": {
							"vector": [-30, 30, 0]
						},
						"1.44": {
							"vector": [-39.69, 17.5, 0]
						},
						"2.6": {
							"vector": [-47.5, 5, 0]
						},
						"3.52": {
							"vector": [-30, 30, 0]
						}
					}
				},
				"stopa3": {
					"rotation": {
						"0.0": {
							"vector": [17.5, -27.5, 0]
						},
						"0.84": {
							"vector": [35, -10, 0]
						},
						"1.32": {
							"vector": [17.5, 0, 0]
						},
						"2.6": {
							"vector": [-27.5, 0, 0]
						},
						"3.52": {
							"vector": [17.5, -27.5, 0]
						}
					}
				},
				"bone15": {
					"rotation": {
						"vector": [30, 0, 0]
					}
				},
				"bone16": {
					"rotation": {
						"vector": [0, 25, 0]
					}
				},
				"bone17": {
					"rotation": {
						"vector": [32.5, 0, 0]
					}
				},
				"bone18": {
					"rotation": {
						"vector": [0, -25, 0]
					}
				},
				"bone19": {
					"rotation": {
						"vector": [37.5, 0, 0]
					}
				},
				"bone11": {
					"rotation": {
						"0.0": {
							"vector": [-32.5, 0, 12.5]
						},
						"1.04": {
							"vector": [-37.5, 0, 12.5]
						},
						"2.6": {
							"vector": [-17.5, 0, 17.5]
						},
						"3.52": {
							"vector": [-32.5, 0, 12.5]
						}
					}
				},
				"bone12": {
					"rotation": {
						"0.0": {
							"vector": [5, 0, 0]
						},
						"1.04": {
							"vector": [19.58, 0, -9.03]
						},
						"1.44": {
							"vector": [-2.5, 0, -12.5]
						},
						"2.96": {
							"vector": [-2.5, 0, 2.5]
						},
						"3.52": {
							"vector": [5, 0, 0]
						}
					}
				},
				"golen4": {
					"rotation": {
						"0.0": {
							"vector": [-30, -20, 0]
						},
						"1.44": {
							"vector": [-55, -20, 0]
						},
						"2.96": {
							"vector": [-52.5, -20, 0]
						},
						"3.52": {
							"vector": [-30, -20, 0]
						}
					}
				},
				"stopa4": {
					"rotation": {
						"0.0": {
							"vector": [-7.5, 0, 0]
						},
						"0.88": {
							"vector": [-47.78, 0, 0]
						},
						"1.44": {
							"vector": [12.5, 0, 0]
						},
						"2.52": {
							"vector": [20.31, 0, 0]
						},
						"3.36": {
							"vector": [-22.5, 0, 0]
						},
						"3.52": {
							"vector": [-7.5, 0, 0]
						}
					}
				},
				"bone23": {
					"rotation": {
						"vector": [37.5, 0, 0]
					}
				},
				"bone24": {
					"rotation": {
						"vector": [0, -25, 0]
					}
				},
				"bone25": {
					"rotation": {
						"vector": [25, 0, 0]
					}
				},
				"bone28": {
					"rotation": {
						"vector": [0, 40, 0]
					}
				},
				"bone29": {
					"rotation": {
						"vector": [57.5, 0, 0]
					}
				},
				"bone13": {
					"rotation": {
						"0.0": {
							"vector": [-25, 0, 0]
						},
						"1.36": {
							"vector": [2.5, 0, 0]
						},
						"2.44": {
							"vector": [-9.26, 0, 0]
						},
						"3.52": {
							"vector": [-25, 0, 0]
						}
					}
				},
				"bone": {
					"rotation": {
						"0.0": {
							"vector": [0, 0, 0]
						},
						"1.0": {
							"vector": [12.5, 10, 0]
						},
						"2.2": {
							"vector": [-2.5, 10, 0]
						},
						"2.96": {
							"vector": [-11.06, -5.76, 0]
						},
						"3.52": {
							"vector": [0, 0, 0]
						}
					}
				},
				"bone8": {
					"rotation": {
						"0.0": {
							"vector": [0, 0, 0]
						},
						"1.0": {
							"vector": [7.5, -7.5, 0]
						},
						"1.92": {
							"vector": [-7.95, 5.9, 0]
						},
						"2.56": {
							"vector": [2.5, 2.5, 0]
						},
						"3.52": {
							"vector": [0, 0, 0]
						}
					}
				},
				"bone6": {
					"rotation": {
						"0.0": {
							"vector": [-12.5, 0, 0]
						},
						"1.0": {
							"vector": [0, 0, 0]
						},
						"2.32": {
							"vector": [-12.5, 0, 0]
						}
					}
				},
				"bone7": {
					"rotation": {
						"0.0": {
							"vector": [15, 0, 0]
						},
						"1.0": {
							"vector": [0, 0, 0]
						},
						"2.32": {
							"vector": [15, 0, 0]
						}
					}
				},
				"golen2": {
					"rotation": {
						"vector": [0, 0, 0]
					}
				},
				"bone3": {
					"rotation": {
						"0.0": {
							"vector": [-12.5, 0, 0]
						},
						"1.0": {
							"vector": [0, 0, 0]
						},
						"2.32": {
							"vector": [-12.5, 0, 0]
						}
					}
				},
				"bone4": {
					"rotation": {
						"0.0": {
							"vector": [15, 0, 0]
						},
						"1.0": {
							"vector": [0, 0, 0]
						},
						"2.32": {
							"vector": [15, 0, 0]
						}
					}
				},
				"golen": {
					"rotation": {
						"vector": [0, 0, 0]
					}
				}
			}
		},
		"running": {
			"loop": true,
			"animation_length": 1.04,
			"bones": {
				"bone30": {
					"position": {
						"0.0": {
							"vector": [0, 1.5, 0]
						},
						"0.24": {
							"vector": [0, 0.5, 0]
						},
						"0.52": {
							"vector": [0, 1.5, 0]
						},
						"0.76": {
							"vector": [0, 0.5, 0]
						},
						"1.04": {
							"vector": [0, 1.5, 0]
						}
					}
				},
				"bodi": {
					"rotation": {
						"0.0": {
							"vector": [15, -7.5, 0]
						},
						"0.52": {
							"vector": [15, 5, 0]
						},
						"1.04": {
							"vector": [15, -7.5, 0]
						}
					}
				},
				"bodi2": {
					"rotation": {
						"0.0": {
							"vector": [5, 0, -5]
						},
						"0.28": {
							"vector": [-5, 1.35, 1.73]
						},
						"0.52": {
							"vector": [5, 2.5, 7.5]
						},
						"0.8": {
							"vector": [-2.5, 1.15, 0.77]
						},
						"1.04": {
							"vector": [5, 0, -5]
						}
					}
				},
				"bone9": {
					"rotation": {
						"0.0": {
							"vector": [10, 0, -7.5]
						},
						"0.52": {
							"vector": [-2.5, 7.5, -17.5]
						},
						"1.04": {
							"vector": [10, 0, -7.5]
						}
					}
				},
				"bone10": {
					"rotation": {
						"vector": [-22.5, 0, 0]
					}
				},
				"golen3": {
					"rotation": {
						"0.0": {
							"vector": [-62.5, -12.5, 0]
						},
						"0.32": {
							"vector": [-85.33, 6.67, 0]
						},
						"0.6": {
							"vector": [-75, 12.5, 0]
						},
						"0.84": {
							"vector": [-79.55, 5.68, 0]
						},
						"1.04": {
							"vector": [-62.5, -12.5, 0]
						}
					}
				},
				"stopa3": {
					"rotation": {
						"vector": [22.5, 0, 0]
					}
				},
				"bone14": {
					"rotation": {
						"vector": [22.5, 0, 0]
					}
				},
				"bone16": {
					"rotation": {
						"vector": [17.5, 20, 0]
					}
				},
				"bone18": {
					"rotation": {
						"vector": [20, -17.5, 0]
					}
				},
				"bone11": {
					"rotation": {
						"0.0": {
							"vector": [5, -5, 17.5]
						},
						"0.52": {
							"vector": [22.5, -5, 17.5]
						},
						"1.04": {
							"vector": [5, -5, 17.5]
						}
					}
				},
				"bone12": {
					"rotation": {
						"0.0": {
							"vector": [-32.5, 0, 0]
						},
						"0.48": {
							"vector": [-27.5, 10, 0]
						},
						"1.04": {
							"vector": [-32.5, 0, 0]
						}
					}
				},
				"golen4": {
					"rotation": {
						"0.0": {
							"vector": [-72.5, -15, 0]
						},
						"0.32": {
							"vector": [-71.07, -7.86, -7.14]
						},
						"0.56": {
							"vector": [-52.5, -2.5, -12.5]
						},
						"0.76": {
							"vector": [-70.83, -7.71, -7.29]
						},
						"1.04": {
							"vector": [-72.5, -15, 0]
						}
					}
				},
				"stopa4": {
					"rotation": {
						"vector": [45, 0, 0]
					}
				},
				"bone24": {
					"rotation": {
						"vector": [0, -20, 0]
					}
				},
				"bone28": {
					"rotation": {
						"vector": [0, 15, 0]
					}
				},
				"bone13": {
					"rotation": {
						"0.0": {
							"vector": [-5, 0, 0]
						},
						"0.32": {
							"vector": [-15, 0, 0]
						},
						"0.6": {
							"vector": [0, 0, -10]
						},
						"0.8": {
							"vector": [-15, 0, 0]
						},
						"1.04": {
							"vector": [-5, 0, 0]
						}
					}
				},
				"bone": {
					"rotation": {
						"0.0": {
							"vector": [-7.5, 2.5, 5]
						},
						"0.28": {
							"vector": [12.5, 7.5, 0]
						},
						"0.64": {
							"vector": [-2.5, 2.5, 0]
						},
						"1.04": {
							"vector": [-7.5, 2.5, 5]
						}
					}
				},
				"bone8": {
					"rotation": {
						"0.0": {
							"vector": [-15, 7.5, 0]
						},
						"0.4": {
							"vector": [10, -10, 0]
						},
						"0.76": {
							"vector": [-5, 2.5, 0]
						},
						"1.04": {
							"vector": [-15, 7.5, 0]
						}
					}
				},
				"bone6": {
					"rotation": {
						"0.0": {
							"vector": [-30, 0, 0]
						},
						"0.52": {
							"vector": [37.5, 0, 0]
						},
						"1.04": {
							"vector": [-30, 0, 0]
						}
					}
				},
				"bone7": {
					"rotation": {
						"0.0": {
							"vector": [-17.5, 0, 0]
						},
						"0.32": {
							"vector": [-10, 0, 0]
						},
						"0.52": {
							"vector": [7.5, 0, 0]
						},
						"0.8": {
							"vector": [27.5, 0, 0]
						},
						"1.04": {
							"vector": [-17.5, 0, 0]
						}
					}
				},
				"golen2": {
					"rotation": {
						"0.0": {
							"vector": [35, 0, 0]
						},
						"0.32": {
							"vector": [-7.5, 0, 0]
						},
						"0.52": {
							"vector": [32.5, 0, 0]
						},
						"0.8": {
							"vector": [-25, 0, 0]
						},
						"0.92": {
							"vector": [-25, 0, 0]
						},
						"1.04": {
							"vector": [35, 0, 0]
						}
					}
				},
				"bone3": {
					"rotation": {
						"0.0": {
							"vector": [40, 0, 0]
						},
						"0.52": {
							"vector": [-25, 0, 0]
						},
						"1.04": {
							"vector": [40, 0, 0]
						}
					}
				},
				"bone4": {
					"rotation": {
						"0.0": {
							"vector": [5, 0, 0]
						},
						"0.28": {
							"vector": [-32.5, 0, 0]
						},
						"0.52": {
							"vector": [-27.5, 0, 0]
						},
						"0.84": {
							"vector": [-15, 0, 0]
						},
						"0.96": {
							"vector": [14.5, 0, 0]
						},
						"1.04": {
							"vector": [5, 0, 0]
						}
					}
				},
				"golen": {
					"rotation": {
						"0.0": {
							"vector": [35, 2.5, 0]
						},
						"0.28": {
							"vector": [-32.5, 0, 0]
						},
						"0.52": {
							"vector": [32.5, 2.5, 0]
						},
						"0.68": {
							"vector": [6.25, 2.5, 0]
						},
						"0.84": {
							"vector": [-10, 2.5, 0]
						},
						"1.04": {
							"vector": [35, 2.5, 0]
						}
					}
				}
			}
		},
		"sprinting": {
			"loop": true,
			"animation_length": 0.4,
			"bones": {
				"bone30": {
					"position": {
						"0.0": {
							"vector": [0, 2, 0]
						},
						"0.12": {
							"vector": [0, 0, 0]
						},
						"0.2": {
							"vector": [0, 1, 0]
						},
						"0.28": {
							"vector": [0, 0, 0]
						},
						"0.4": {
							"vector": [0, 2, 0]
						}
					}
				},
				"bodi": {
					"rotation": {
						"0.0": {
							"vector": [27.5, 0, 0]
						},
						"0.12": {
							"vector": [35, 0, 0]
						},
						"0.24": {
							"vector": [27.5, 0, 0]
						},
						"0.4": {
							"vector": [27.5, 0, 0]
						}
					}
				},
				"bodi2": {
					"rotation": {
						"0.0": {
							"vector": [7.5, -12.5, 0]
						},
						"0.2": {
							"vector": [7.5, 12.5, 2.5]
						},
						"0.4": {
							"vector": [7.5, -12.5, 0]
						}
					}
				},
				"bone9": {
					"rotation": {
						"0.0": {
							"vector": [57.5, 0, -15]
						},
						"0.2": {
							"vector": [10, 0, -15]
						},
						"0.4": {
							"vector": [57.5, 0, -15]
						}
					}
				},
				"bone10": {
					"rotation": {
						"0.0": {
							"vector": [-55, 0, 0]
						},
						"0.16": {
							"vector": [-70, 0, 0]
						},
						"0.4": {
							"vector": [-55, 0, 0]
						}
					}
				},
				"golen3": {
					"rotation": {
						"0.0": {
							"vector": [-57.5, 0, 0]
						},
						"0.24": {
							"vector": [-62.5, 17.5, 0]
						},
						"0.4": {
							"vector": [-57.5, 0, 0]
						}
					}
				},
				"stopa3": {
					"rotation": {
						"0.0": {
							"vector": [47.5, 0, 0]
						},
						"0.2": {
							"vector": [10, 0, 0]
						},
						"0.4": {
							"vector": [47.5, 0, 0]
						}
					}
				},
				"bone16": {
					"rotation": {
						"vector": [0, 17.5, 0]
					}
				},
				"bone18": {
					"rotation": {
						"vector": [0, -20, 0]
					}
				},
				"bone11": {
					"rotation": {
						"0.0": {
							"vector": [-22.5, 0, 15]
						},
						"0.2": {
							"vector": [27.5, 7.5, 15]
						},
						"0.4": {
							"vector": [-22.5, 0, 15]
						}
					}
				},
				"bone12": {
					"rotation": {
						"0.0": {
							"vector": [-40, 0, 0]
						},
						"0.16": {
							"vector": [-20, 0, 0]
						},
						"0.4": {
							"vector": [-40, 0, 0]
						}
					}
				},
				"golen4": {
					"rotation": {
						"0.0": {
							"vector": [-62.5, 0, 0]
						},
						"0.24": {
							"vector": [-17.5, 0, 0]
						},
						"0.4": {
							"vector": [-62.5, 0, 0]
						}
					}
				},
				"stopa4": {
					"rotation": {
						"0.0": {
							"vector": [50, 0, 0]
						},
						"0.2": {
							"vector": [7.5, 0, 0]
						},
						"0.4": {
							"vector": [50, 0, 0]
						}
					}
				},
				"bone24": {
					"rotation": {
						"vector": [0, -22.5, 0]
					}
				},
				"bone28": {
					"rotation": {
						"vector": [0, 15, 0]
					}
				},
				"bone13": {
					"rotation": {
						"vector": [-32.5, 0, 0]
					}
				},
				"bone6": {
					"rotation": {
						"0.0": {
							"vector": [-40, 0, 0]
						},
						"0.2": {
							"vector": [57.5, 0, 0]
						},
						"0.4": {
							"vector": [-40, 0, 0]
						}
					}
				},
				"bone7": {
					"rotation": {
						"0.0": {
							"vector": [-42.5, 0, 0]
						},
						"0.08": {
							"vector": [-13, 0, 0]
						},
						"0.2": {
							"vector": [-12.5, 0, 0]
						},
						"0.32": {
							"vector": [20, 0, 0]
						},
						"0.4": {
							"vector": [-42.5, 0, 0]
						}
					}
				},
				"golen2": {
					"rotation": {
						"0.0": {
							"vector": [27.5, 0, 0]
						},
						"0.08": {
							"vector": [1.5, 0, 0]
						},
						"0.12": {
							"vector": [-11.5, 0, 0]
						},
						"0.2": {
							"vector": [37.5, 0, 0]
						},
						"0.32": {
							"vector": [-50, 0, 0]
						},
						"0.4": {
							"vector": [27.5, 0, 0]
						}
					}
				},
				"bone3": {
					"rotation": {
						"0.0": {
							"vector": [57.5, 0, 0]
						},
						"0.2": {
							"vector": [-47.5, 0, 0]
						},
						"0.4": {
							"vector": [57.5, 0, 0]
						}
					}
				},
				"bone4": {
					"rotation": {
						"0.0": {
							"vector": [0, 0, 0]
						},
						"0.08": {
							"vector": [17.5, 0, 0]
						},
						"0.2": {
							"vector": [-45, 0, 0]
						},
						"0.28": {
							"vector": [0.5, 0, 0]
						},
						"0.4": {
							"vector": [0, 0, 0]
						}
					}
				},
				"golen": {
					"rotation": {
						"0.0": {
							"vector": [0, 0, 0]
						},
						"0.08": {
							"vector": [-35, 0, 0]
						},
						"0.2": {
							"vector": [27.5, 0, 0]
						},
						"0.28": {
							"vector": [9, 0, 0]
						},
						"0.32": {
							"vector": [-6.5, 0, 0]
						},
						"0.4": {
							"vector": [0, 0, 0]
						}
					}
				}
			}
		},
		"swipe": {
			"animation_length": 0.32,
			"bones": {
				"bone30": {
					"position": {
						"0.0": {
							"vector": [0, 0, 2]
						},
						"0.16": {
							"vector": [0, 0, -1],
							"easing": "easeInSine"
						}
					}
				},
				"bodi": {
					"rotation": {
						"0.0": {
							"vector": [15, 0, 0]
						},
						"0.12": {
							"vector": [67.5, 0, 0]
						},
						"0.32": {
							"vector": [70, 0, 0]
						}
					}
				},
				"bodi2": {
					"rotation": {
						"0.0": {
							"vector": [10, 0, 0]
						},
						"0.12": {
							"vector": [-10, 0, 0]
						}
					}
				},
				"bone9": {
					"rotation": {
						"0.0": {
							"vector": [0, 0, -17.5]
						},
						"0.32": {
							"vector": [-7.5, 0, -17.5]
						}
					}
				},
				"bone10": {
					"rotation": {
						"0.0": {
							"vector": [-50, 0, 0]
						},
						"0.08": {
							"vector": [-75, -40, 0]
						},
						"0.16": {
							"vector": [-100, -5, 0]
						}
					}
				},
				"golen3": {
					"rotation": {
						"0.0": {
							"vector": [-30, 30, 0]
						},
						"0.16": {
							"vector": [-30, 30, -7.5]
						}
					}
				},
				"stopa3": {
					"rotation": {
						"0.0": {
							"vector": [17.5, -27.5, 0]
						},
						"0.16": {
							"vector": [17.5, -132.5, -15]
						}
					}
				},
				"bone15": {
					"rotation": {
						"vector": [30, 0, 0]
					}
				},
				"bone16": {
					"rotation": {
						"vector": [0, 25, 0]
					}
				},
				"bone17": {
					"rotation": {
						"vector": [32.5, 0, 0]
					}
				},
				"bone18": {
					"rotation": {
						"vector": [0, -25, 0]
					}
				},
				"bone11": {
					"rotation": {
						"0.0": {
							"vector": [-32.5, 0, 30]
						},
						"0.32": {
							"vector": [-37.5, 0, 30]
						}
					}
				},
				"bone12": {
					"rotation": {
						"0.0": {
							"vector": [5, 0, 0]
						},
						"0.08": {
							"vector": [-26.25, 43.75, 0]
						},
						"0.16": {
							"vector": [-57.5, 17.5, 0]
						}
					}
				},
				"golen4": {
					"rotation": {
						"vector": [-42.5, -20, -22.5]
					}
				},
				"stopa4": {
					"rotation": {
						"0.0": {
							"vector": [-7.5, 0, 0]
						},
						"0.16": {
							"vector": [-7.5, 110, 15]
						}
					}
				},
				"bone23": {
					"rotation": {
						"vector": [37.5, 0, 0]
					}
				},
				"bone24": {
					"rotation": {
						"vector": [0, -25, 0]
					}
				},
				"bone25": {
					"rotation": {
						"vector": [25, 0, 0]
					}
				},
				"bone28": {
					"rotation": {
						"vector": [0, 40, 0]
					}
				},
				"bone29": {
					"rotation": {
						"vector": [57.5, 0, 0]
					}
				},
				"bone13": {
					"rotation": {
						"0.0": {
							"vector": [-25, 0, 0]
						},
						"0.12": {
							"vector": [-50, 0, 0]
						}
					}
				},
				"bone": {
					"rotation": {
						"0.0": {
							"vector": [36.67, 0, 25]
						},
						"0.04": {
							"vector": [36.67, 0, 25]
						},
						"0.12": {
							"vector": [-17.5, 0, 0]
						}
					}
				},
				"bone8": {
					"rotation": {
						"0.0": {
							"vector": [39.17, -34.17, -12.5]
						},
						"0.04": {
							"vector": [39.17, -34.17, -12.5],
							"easing": "easeInSine"
						},
						"0.12": {
							"vector": [-17.5, 2.5, 0]
						}
					}
				},
				"bone2": {
					"rotation": {
						"vector": [0, 0, 0]
					}
				},
				"bone6": {
					"rotation": {
						"0.0": {
							"vector": [-2.5, 0, 0]
						},
						"0.08": {
							"vector": [-30, 0, 0]
						},
						"0.16": {
							"vector": [-22.5, 0, 0]
						}
					}
				},
				"bone7": {
					"rotation": {
						"0.0": {
							"vector": [-2.5, 0, 0]
						},
						"0.16": {
							"vector": [-37.5, 0, 0]
						}
					}
				},
				"golen2": {
					"rotation": {
						"0.0": {
							"vector": [2.5, 0, 0]
						},
						"0.16": {
							"vector": [40, 0, 0]
						}
					}
				},
				"bone3": {
					"rotation": {
						"0.0": {
							"vector": [0, 0, 0]
						},
						"0.16": {
							"vector": [10, 0, 0]
						}
					}
				},
				"bone4": {
					"rotation": {
						"0.0": {
							"vector": [0, 0, 0]
						},
						"0.16": {
							"vector": [10, 0, 0]
						}
					}
				}
			}
		},
		"jump": {
			"animation_length": 0.16,
			"bones": {
				"bone30": {
					"position": {
						"vector": [0, -1, 0]
					}
				},
				"bodi": {
					"rotation": {
						"0.0": {
							"vector": [15, 0, 0]
						},
						"0.16": {
							"vector": [-5, 0, 0]
						}
					}
				},
				"bodi2": {
					"rotation": {
						"0.0": {
							"vector": [10, 0, 0]
						},
						"0.16": {
							"vector": [-12.5, 0, 0]
						}
					}
				},
				"bone9": {
					"rotation": {
						"0.0": {
							"vector": [0, 0, -17.5]
						},
						"0.16": {
							"vector": [47.5, 0, -40]
						}
					}
				},
				"bone10": {
					"rotation": {
						"vector": [-50, 0, 0]
					}
				},
				"golen3": {
					"rotation": {
						"0.0": {
							"vector": [-30, 30, 0]
						},
						"0.16": {
							"vector": [-57.5, 30, 0]
						}
					}
				},
				"stopa3": {
					"rotation": {
						"vector": [17.5, -27.5, 0]
					}
				},
				"bone16": {
					"rotation": {
						"vector": [0, 25, 0]
					}
				},
				"bone17": {
					"rotation": {
						"vector": [32.5, 0, 0]
					}
				},
				"bone18": {
					"rotation": {
						"vector": [0, -25, 0]
					}
				},
				"bone19": {
					"rotation": {
						"vector": [37.5, 0, 0]
					}
				},
				"bone11": {
					"rotation": {
						"0.0": {
							"vector": [-32.5, 0, 12.5]
						},
						"0.16": {
							"vector": [-12.5, 0, 42.5]
						}
					}
				},
				"bone12": {
					"rotation": {
						"0.0": {
							"vector": [5, 0, 0]
						},
						"0.16": {
							"vector": [0, 0, 0]
						}
					}
				},
				"golen4": {
					"rotation": {
						"0.0": {
							"vector": [-30, -20, 0]
						},
						"0.16": {
							"vector": [-57.5, -20, 0]
						}
					}
				},
				"stopa4": {
					"rotation": {
						"vector": [-7.5, 0, 0]
					}
				},
				"bone23": {
					"rotation": {
						"vector": [37.5, 0, 0]
					}
				},
				"bone24": {
					"rotation": {
						"vector": [0, -25, 0]
					}
				},
				"bone25": {
					"rotation": {
						"vector": [25, 0, 0]
					}
				},
				"bone28": {
					"rotation": {
						"vector": [0, 40, 0]
					}
				},
				"bone29": {
					"rotation": {
						"vector": [57.5, 0, 0]
					}
				},
				"bone13": {
					"rotation": {
						"0.0": {
							"vector": [-25, 0, 0]
						},
						"0.16": {
							"vector": [17.5, 0, 0]
						}
					}
				},
				"bone": {
					"rotation": {
						"vector": [0, 0, 0]
					}
				},
				"bone8": {
					"rotation": {
						"vector": [0, 0, 0]
					}
				},
				"bone6": {
					"rotation": {
						"0.0": {
							"vector": [-12.5, 0, 0]
						},
						"0.16": {
							"vector": [12.5, 0, 0]
						}
					}
				},
				"bone7": {
					"rotation": {
						"0.0": {
							"vector": [15, 0, 0]
						},
						"0.16": {
							"vector": [-60, 0, 0]
						}
					}
				},
				"golen2": {
					"rotation": {
						"0.0": {
							"vector": [0, 0, 0]
						},
						"0.16": {
							"vector": [42.5, 0, 0]
						}
					}
				},
				"bone3": {
					"rotation": {
						"0.0": {
							"vector": [-12.5, 0, 0]
						},
						"0.16": {
							"vector": [10, 0, 0]
						}
					}
				},
				"bone4": {
					"rotation": {
						"0.0": {
							"vector": [15, 0, 0]
						},
						"0.16": {
							"vector": [-32.5, 0, 0]
						}
					}
				},
				"golen": {
					"rotation": {
						"0.0": {
							"vector": [0, 0, 0]
						},
						"0.16": {
							"vector": [45, 0, 0]
						}
					}
				}
			}
		},
		"land": {
			"animation_length": 0.24,
			"bones": {
				"bone30": {
					"position": {
						"0.0": {
							"vector": [0, -1, 0]
						},
						"0.12": {
							"vector": [0, -3, 0]
						},
						"0.24": {
							"vector": [0, -1, 0]
						}
					}
				},
				"bodi": {
					"rotation": {
						"0.0": {
							"vector": [0, 0, 0]
						},
						"0.12": {
							"vector": [15, 0, 0]
						},
						"0.24": {
							"vector": [15, 0, 0]
						}
					}
				},
				"bodi2": {
					"rotation": {
						"0.0": {
							"vector": [-7.5, 0, 0]
						},
						"0.12": {
							"vector": [10, 0, 0]
						},
						"0.16": {
							"vector": [20, 0, 0]
						},
						"0.24": {
							"vector": [10, 0, 0]
						}
					}
				},
				"bone9": {
					"rotation": {
						"0.0": {
							"vector": [0, 0, -35]
						},
						"0.12": {
							"vector": [0, 0, -17.5]
						},
						"0.24": {
							"vector": [0, 0, -17.5]
						}
					}
				},
				"bone10": {
					"rotation": {
						"0.0": {
							"vector": [-10, 0, -12.5]
						},
						"0.12": {
							"vector": [-35, 0, 0]
						},
						"0.24": {
							"vector": [-50, 0, 0]
						}
					}
				},
				"golen3": {
					"rotation": {
						"0.0": {
							"vector": [-67.5, 30, 0]
						},
						"0.12": {
							"vector": [-30, 30, 0]
						},
						"0.24": {
							"vector": [-30, 30, 0]
						}
					}
				},
				"stopa3": {
					"rotation": {
						"0.0": {
							"vector": [17.5, -27.5, 0]
						},
						"0.12": {
							"vector": [17.5, -27.5, 0]
						},
						"0.24": {
							"vector": [17.5, -27.5, 0]
						}
					}
				},
				"bone16": {
					"rotation": {
						"0.0": {
							"vector": [0, 25, 0]
						},
						"0.12": {
							"vector": [0, 25, 0]
						},
						"0.24": {
							"vector": [0, 25, 0]
						}
					}
				},
				"bone17": {
					"rotation": {
						"0.0": {
							"vector": [32.5, 0, 0]
						},
						"0.12": {
							"vector": [32.5, 0, 0]
						},
						"0.24": {
							"vector": [32.5, 0, 0]
						}
					}
				},
				"bone18": {
					"rotation": {
						"0.0": {
							"vector": [0, -25, 0]
						},
						"0.12": {
							"vector": [0, -25, 0]
						},
						"0.24": {
							"vector": [0, -25, 0]
						}
					}
				},
				"bone19": {
					"rotation": {
						"0.0": {
							"vector": [37.5, 0, 0]
						},
						"0.12": {
							"vector": [37.5, 0, 0]
						},
						"0.24": {
							"vector": [37.5, 0, 0]
						}
					}
				},
				"bone11": {
					"rotation": {
						"0.0": {
							"vector": [-15, 0, 35]
						},
						"0.12": {
							"vector": [-32.5, 0, 12.5]
						},
						"0.24": {
							"vector": [-32.5, 0, 12.5]
						}
					}
				},
				"bone12": {
					"rotation": {
						"0.0": {
							"vector": [5, 0, 0]
						},
						"0.12": {
							"vector": [5, 0, 0]
						},
						"0.24": {
							"vector": [5, 0, 0]
						}
					}
				},
				"golen4": {
					"rotation": {
						"0.0": {
							"vector": [-65, -20, 0]
						},
						"0.12": {
							"vector": [-17.5, -20, 0]
						},
						"0.24": {
							"vector": [-30, -20, 0]
						}
					}
				},
				"stopa4": {
					"rotation": {
						"0.0": {
							"vector": [-7.5, 0, 0]
						},
						"0.12": {
							"vector": [-7.5, 0, 0]
						},
						"0.24": {
							"vector": [-7.5, 0, 0]
						}
					}
				},
				"bone23": {
					"rotation": {
						"0.0": {
							"vector": [37.5, 0, 0]
						},
						"0.12": {
							"vector": [37.5, 0, 0]
						},
						"0.24": {
							"vector": [37.5, 0, 0]
						}
					}
				},
				"bone24": {
					"rotation": {
						"0.0": {
							"vector": [0, -25, 0]
						},
						"0.12": {
							"vector": [0, -25, 0]
						},
						"0.24": {
							"vector": [0, -25, 0]
						}
					}
				},
				"bone25": {
					"rotation": {
						"0.0": {
							"vector": [25, 0, 0]
						},
						"0.12": {
							"vector": [25, 0, 0]
						},
						"0.24": {
							"vector": [25, 0, 0]
						}
					}
				},
				"bone28": {
					"rotation": {
						"0.0": {
							"vector": [0, 40, 0]
						},
						"0.12": {
							"vector": [0, 40, 0]
						},
						"0.24": {
							"vector": [0, 40, 0]
						}
					}
				},
				"bone29": {
					"rotation": {
						"0.0": {
							"vector": [57.5, 0, 0]
						},
						"0.12": {
							"vector": [57.5, 0, 0]
						},
						"0.24": {
							"vector": [57.5, 0, 0]
						}
					}
				},
				"bone13": {
					"rotation": {
						"0.0": {
							"vector": [30, 0, 0]
						},
						"0.12": {
							"vector": [-25, 0, 0]
						},
						"0.24": {
							"vector": [-25, 0, 0]
						}
					}
				},
				"bone": {
					"rotation": {
						"0.0": {
							"vector": [0, 0, 0]
						},
						"0.12": {
							"vector": [0, 0, 0]
						},
						"0.24": {
							"vector": [0, 0, 0]
						}
					}
				},
				"bone8": {
					"rotation": {
						"0.0": {
							"vector": [0, 0, 0]
						},
						"0.12": {
							"vector": [0, 0, 0]
						},
						"0.24": {
							"vector": [0, 0, 0]
						}
					}
				},
				"bone6": {
					"rotation": {
						"0.0": {
							"vector": [-12.5, 0, 0]
						},
						"0.12": {
							"vector": [-30, 0, 0]
						},
						"0.24": {
							"vector": [-12.5, 0, 0]
						}
					}
				},
				"bone7": {
					"rotation": {
						"0.0": {
							"vector": [15, 0, 0]
						},
						"0.12": {
							"vector": [37.5, 0, 0]
						},
						"0.24": {
							"vector": [15, 0, 0]
						}
					}
				},
				"bone3": {
					"rotation": {
						"0.0": {
							"vector": [-12.5, 0, 0]
						},
						"0.12": {
							"vector": [-27.5, 0, 0]
						},
						"0.24": {
							"vector": [-12.5, 0, 0]
						}
					}
				},
				"bone4": {
					"rotation": {
						"0.0": {
							"vector": [15, 0, 0]
						},
						"0.12": {
							"vector": [37.5, 0, 0]
						},
						"0.24": {
							"vector": [15, 0, 0]
						}
					}
				}
			}
		},
		"hurt": {
			"animation_length": 0.265,
			"bones": {
				"bone30": {
					"position": {
						"0.0": {
							"vector": [0, -1, 0]
						},
						"0.28": {
							"vector": [0, -1, 0]
						}
					}
				},
				"bodi": {
					"rotation": {
						"0.0": {
							"vector": [15, 0, 0]
						},
						"0.08": {
							"vector": [7.5, 0, -10]
						},
						"0.28": {
							"vector": [15, 0, 0]
						}
					}
				},
				"bodi2": {
					"rotation": {
						"0.0": {
							"vector": [10, 0, 0]
						},
						"0.12": {
							"vector": [-2.5, 0, 0]
						},
						"0.28": {
							"vector": [10, 0, 0]
						}
					}
				},
				"bone9": {
					"rotation": {
						"0.0": {
							"vector": [0, 0, -17.5]
						},
						"0.08": {
							"vector": [0, 0, -32.5]
						},
						"0.28": {
							"vector": [0, 0, -17.5]
						}
					}
				},
				"bone10": {
					"rotation": {
						"0.0": {
							"vector": [-50, 0, 0]
						},
						"0.08": {
							"vector": [-25, 0, 0]
						},
						"0.28": {
							"vector": [-50, 0, 0]
						}
					}
				},
				"golen3": {
					"rotation": {
						"0.0": {
							"vector": [-30, 30, 0]
						},
						"0.08": {
							"vector": [-47.5, 30, 0]
						},
						"0.28": {
							"vector": [-30, 30, 0]
						}
					}
				},
				"stopa3": {
					"rotation": {
						"0.0": {
							"vector": [17.5, -27.5, 0]
						},
						"0.28": {
							"vector": [17.5, -27.5, 0]
						}
					}
				},
				"bone16": {
					"rotation": {
						"0.0": {
							"vector": [0, 25, 0]
						},
						"0.28": {
							"vector": [0, 25, 0]
						}
					}
				},
				"bone17": {
					"rotation": {
						"0.0": {
							"vector": [32.5, 0, 0]
						},
						"0.28": {
							"vector": [32.5, 0, 0]
						}
					}
				},
				"bone18": {
					"rotation": {
						"0.0": {
							"vector": [0, -25, 0]
						},
						"0.28": {
							"vector": [0, -25, 0]
						}
					}
				},
				"bone19": {
					"rotation": {
						"0.0": {
							"vector": [37.5, 0, 0]
						},
						"0.28": {
							"vector": [37.5, 0, 0]
						}
					}
				},
				"bone11": {
					"rotation": {
						"0.0": {
							"vector": [-32.5, 0, 12.5]
						},
						"0.08": {
							"vector": [-32.5, 0, 35]
						},
						"0.28": {
							"vector": [-32.5, 0, 12.5]
						}
					}
				},
				"bone12": {
					"rotation": {
						"0.0": {
							"vector": [5, 0, 0]
						},
						"0.08": {
							"vector": [22.5, 0, 0]
						},
						"0.28": {
							"vector": [5, 0, 0]
						}
					}
				},
				"golen4": {
					"rotation": {
						"0.0": {
							"vector": [-30, -20, 0]
						},
						"0.08": {
							"vector": [-47.5, -20, 0]
						},
						"0.28": {
							"vector": [-30, -20, 0]
						}
					}
				},
				"stopa4": {
					"rotation": {
						"0.0": {
							"vector": [-7.5, 0, 0]
						},
						"0.28": {
							"vector": [-7.5, 0, 0]
						}
					}
				},
				"bone24": {
					"rotation": {
						"0.0": {
							"vector": [0, -25, 0]
						},
						"0.28": {
							"vector": [0, -25, 0]
						}
					}
				},
				"bone28": {
					"rotation": {
						"0.0": {
							"vector": [0, 40, 0]
						},
						"0.28": {
							"vector": [0, 40, 0]
						}
					}
				},
				"bone29": {
					"rotation": {
						"0.0": {
							"vector": [57.5, 0, 0]
						},
						"0.28": {
							"vector": [57.5, 0, 0]
						}
					}
				},
				"bone13": {
					"rotation": {
						"0.0": {
							"vector": [-25, 0, 0]
						},
						"0.16": {
							"vector": [-52.5, 0, 0]
						},
						"0.28": {
							"vector": [-25, 0, 0]
						}
					}
				},
				"bone": {
					"rotation": {
						"0.0": {
							"vector": [0, 0, 0]
						},
						"0.28": {
							"vector": [0, 0, 0]
						}
					}
				},
				"bone8": {
					"rotation": {
						"0.0": {
							"vector": [0, 0, 0]
						},
						"0.28": {
							"vector": [0, 0, 0]
						}
					}
				}
			}
		},
		"dying": {
			"animation_length": 1.8,
			"bones": {
				"bone30": {
					"position": {
						"0.16": {
							"vector": [0, -1, 0]
						},
						"0.4": {
							"vector": [0, -15, 0]
						},
						"0.44": {
							"vector": [0, -14, 0]
						},
						"0.52": {
							"vector": [0, -15, 0]
						},
						"1.52": {
							"vector": [0, -15, 0]
						},
						"1.8": {
							"vector": [0, -27, 0]
						}
					}
				},
				"bodi": {
					"rotation": {
						"0.0": {
							"vector": [15, 0, 0]
						},
						"0.4": {
							"vector": [77.5, 0, 0]
						}
					}
				},
				"bodi2": {
					"rotation": {
						"0.0": {
							"vector": [35, 0, 0]
						},
						"0.2": {
							"vector": [-13.5, 0, 0]
						},
						"0.4": {
							"vector": [-5, 0, 0]
						},
						"0.48": {
							"vector": [-17.5, 0, 0]
						},
						"0.52": {
							"vector": [-5, 0, 0]
						}
					}
				},
				"bone9": {
					"rotation": {
						"0.0": {
							"vector": [0, 0, -17.5]
						},
						"0.4": {
							"vector": [0, -92.5, -17.5]
						}
					}
				},
				"bone10": {
					"rotation": {
						"vector": [-50, 0, 0]
					}
				},
				"golen3": {
					"rotation": {
						"vector": [-30, 30, 0]
					}
				},
				"stopa3": {
					"rotation": {
						"0.0": {
							"vector": [17.5, -27.5, 0]
						},
						"0.4": {
							"vector": [17.5, -90, -27.5]
						}
					}
				},
				"bone16": {
					"rotation": {
						"vector": [0, 25, 0]
					}
				},
				"bone18": {
					"rotation": {
						"vector": [0, -25, 0]
					}
				},
				"bone11": {
					"rotation": {
						"0.0": {
							"vector": [-32.5, 0, 12.5]
						},
						"0.4": {
							"vector": [-32.5, 72.5, 12.5]
						}
					}
				},
				"bone12": {
					"rotation": {
						"0.0": {
							"vector": [5, 0, 0]
						},
						"0.4": {
							"vector": [5, 0, 12.5]
						}
					}
				},
				"golen4": {
					"rotation": {
						"0.0": {
							"vector": [-30, -20, 0]
						},
						"0.4": {
							"vector": [-65, -20, -80]
						}
					}
				},
				"stopa4": {
					"rotation": {
						"0.0": {
							"vector": [-7.5, 0, 0]
						},
						"0.4": {
							"vector": [-20, 0, 0]
						}
					}
				},
				"bone24": {
					"rotation": {
						"vector": [0, -25, 0]
					}
				},
				"bone28": {
					"rotation": {
						"vector": [0, 40, 0]
					}
				},
				"bone13": {
					"rotation": {
						"0.0": {
							"vector": [-25, 0, 0]
						},
						"0.4": {
							"vector": [-70, 0, 0]
						}
					},
					"position": {
						"vector": [0, 1, 1]
					}
				},
				"bone": {
					"rotation": {
						"0.0": {
							"vector": [0, 0, 0]
						},
						"0.4": {
							"vector": [-20, 0, 0]
						}
					}
				},
				"bone8": {
					"rotation": {
						"0.0": {
							"vector": [0, 0, 0]
						},
						"0.4": {
							"vector": [-17.5, 0, 0]
						}
					}
				},
				"bone2": {
					"rotation": {
						"vector": [97.5, 0, 0]
					}
				},
				"bone6": {
					"rotation": {
						"0.0": {
							"vector": [-97.5, 0, 0]
						},
						"0.36": {
							"vector": [-7.5, 0, 0]
						}
					}
				},
				"bone7": {
					"rotation": {
						"0.0": {
							"vector": [15, 0, 0]
						},
						"0.16": {
							"vector": [16.9, 0, 0]
						},
						"0.4": {
							"vector": [-40, 0, 0]
						}
					}
				},
				"golen2": {
					"rotation": {
						"0.0": {
							"vector": [2.5, 0, 0]
						},
						"0.4": {
							"vector": [77.5, 0, 0]
						}
					}
				},
				"bone5": {
					"rotation": {
						"vector": [95, 0, 0]
					}
				},
				"bone3": {
					"rotation": {
						"0.0": {
							"vector": [-100, 0, 0]
						},
						"0.36": {
							"vector": [-7.5, 0, 0]
						}
					}
				},
				"bone4": {
					"rotation": {
						"0.0": {
							"vector": [-12.5, 0, 0]
						},
						"0.16": {
							"vector": [15.55, 0, 0]
						},
						"0.4": {
							"vector": [-35, 0, 0]
						}
					}
				},
				"golen": {
					"rotation": {
						"0.0": {
							"vector": [25, 0, 0]
						},
						"0.4": {
							"vector": [75, 0, 0]
						}
					}
				}
			}
		},
		"crouching_idle": {
			"loop": true,
			"animation_length": 2.6,
			"bones": {
				"bone30": {
					"position": {
						"0.0": {
							"vector": [0, -4, 0]
						},
						"1.24": {
							"vector": [0, -5, 0]
						},
						"2.6": {
							"vector": [0, -4, 0]
						}
					}
				},
				"bodi": {
					"rotation": {
						"0.0": {
							"vector": [20, 0, 0]
						},
						"1.24": {
							"vector": [27.5, 0, 0]
						},
						"2.6": {
							"vector": [20, 0, 0]
						}
					}
				},
				"bodi2": {
					"rotation": {
						"0.0": {
							"vector": [27.5, 0, 0]
						},
						"1.24": {
							"vector": [32.5, 0, 0]
						},
						"2.6": {
							"vector": [27.5, 0, 0]
						}
					}
				},
				"bone9": {
					"rotation": {
						"0.0": {
							"vector": [0, 0, -20]
						},
						"1.44": {
							"vector": [-7.5, 0, -20]
						},
						"2.6": {
							"vector": [0, 0, -20]
						}
					}
				},
				"bone10": {
					"rotation": {
						"0.0": {
							"vector": [-37.5, 0, 0]
						},
						"1.44": {
							"vector": [-52.5, 0, 0]
						},
						"2.6": {
							"vector": [-37.5, 0, 0]
						}
					}
				},
				"golen3": {
					"rotation": {
						"0.0": {
							"vector": [-65, 0, 0]
						},
						"1.44": {
							"vector": [-52.5, 0, 0]
						},
						"2.6": {
							"vector": [-65, 0, 0]
						}
					}
				},
				"stopa3": {
					"rotation": {
						"0.0": {
							"vector": [32.5, 0, 0]
						},
						"1.44": {
							"vector": [50, 0, 0]
						},
						"2.6": {
							"vector": [32.5, 0, 0]
						}
					}
				},
				"bone16": {
					"rotation": {
						"0.0": {
							"vector": [0, 20, 0]
						},
						"2.6": {
							"vector": [0, 20, 0]
						}
					}
				},
				"bone18": {
					"rotation": {
						"0.0": {
							"vector": [0, -20, 0]
						},
						"2.6": {
							"vector": [0, -20, 0]
						}
					}
				},
				"bone11": {
					"rotation": {
						"0.0": {
							"vector": [0, 0, 22.5]
						},
						"1.24": {
							"vector": [-7.5, 0, 22.5]
						},
						"2.6": {
							"vector": [0, 0, 22.5]
						}
					}
				},
				"bone12": {
					"rotation": {
						"0.0": {
							"vector": [-52.5, 0, 0]
						},
						"1.24": {
							"vector": [-62.5, 0, 0]
						},
						"2.6": {
							"vector": [-52.5, 0, 0]
						}
					}
				},
				"golen4": {
					"rotation": {
						"0.0": {
							"vector": [-40, 0, 0]
						},
						"1.24": {
							"vector": [-55, 0, 0]
						},
						"2.6": {
							"vector": [-40, 0, 0]
						}
					}
				},
				"stopa4": {
					"rotation": {
						"0.0": {
							"vector": [55, 0, 0]
						},
						"1.24": {
							"vector": [37.5, 0, 0]
						},
						"2.6": {
							"vector": [55, 0, 0]
						}
					}
				},
				"bone24": {
					"rotation": {
						"0.0": {
							"vector": [0, -22.5, 0]
						},
						"2.6": {
							"vector": [0, -22.5, 0]
						}
					}
				},
				"bone28": {
					"rotation": {
						"0.0": {
							"vector": [0, 15, 0]
						},
						"2.6": {
							"vector": [0, 15, 0]
						}
					}
				},
				"bone13": {
					"rotation": {
						"0.0": {
							"vector": [-35, 0, 0]
						},
						"1.24": {
							"vector": [-50, 0, 0]
						},
						"2.6": {
							"vector": [-35, 0, 0]
						}
					}
				},
				"bone": {
					"rotation": {
						"0.0": {
							"vector": [0, 0, 0]
						},
						"1.04": {
							"vector": [17.5, 2.5, 0]
						},
						"1.72": {
							"vector": [5, 2.5, 0]
						},
						"2.6": {
							"vector": [0, 0, 0]
						}
					}
				},
				"bone8": {
					"rotation": {
						"0.0": {
							"vector": [0, 0, 0]
						},
						"1.04": {
							"vector": [10, -15, 0]
						},
						"1.72": {
							"vector": [-2.5, 0, 0]
						},
						"2.6": {
							"vector": [0, 0, 0]
						}
					}
				},
				"bone6": {
					"rotation": {
						"0.0": {
							"vector": [-40, 0, 0]
						},
						"1.24": {
							"vector": [-65, 0, 0]
						},
						"2.6": {
							"vector": [-40, 0, 0]
						}
					}
				},
				"bone7": {
					"rotation": {
						"0.0": {
							"vector": [42.5, 0, 0]
						},
						"2.6": {
							"vector": [42.5, 0, 0]
						}
					}
				},
				"golen2": {
					"rotation": {
						"0.0": {
							"vector": [37.5, 0, 0]
						},
						"1.24": {
							"vector": [77.5, 0, 0]
						},
						"2.6": {
							"vector": [37.5, 0, 0]
						}
					}
				},
				"stopa2": {
					"rotation": {
						"0.0": {
							"vector": [-45, 0, 0]
						},
						"1.24": {
							"vector": [-50, 0, 0]
						},
						"2.6": {
							"vector": [-45, 0, 0]
						}
					}
				},
				"bone3": {
					"rotation": {
						"0.0": {
							"vector": [-40, 0, 0]
						},
						"1.24": {
							"vector": [-67.5, 0, 0]
						},
						"2.6": {
							"vector": [-40, 0, 0]
						}
					}
				},
				"bone4": {
					"rotation": {
						"0.0": {
							"vector": [35, 0, 0]
						},
						"2.6": {
							"vector": [35, 0, 0]
						}
					}
				},
				"golen": {
					"rotation": {
						"0.0": {
							"vector": [-2.5, 0, 0]
						},
						"1.24": {
							"vector": [52.5, 0, 0]
						},
						"2.6": {
							"vector": [-2.5, 0, 0]
						}
					}
				},
				"stopa": {
					"rotation": {
						"0.0": {
							"vector": [-2.5, 0, 0]
						},
						"1.24": {
							"vector": [-40, 0, 0]
						},
						"2.6": {
							"vector": [-2.5, 0, 0]
						}
					}
				}
			}
		},
		"crouching": {
			"loop": true,
			"animation_length": 1.04,
			"bones": {
				"bone30": {
					"position": {
						"0.0": {
							"vector": [0, -3, 0]
						},
						"0.32": {
							"vector": [0, -4, 0]
						},
						"0.52": {
							"vector": [0, -3, 0]
						},
						"0.8": {
							"vector": [0, -4, 0]
						},
						"1.04": {
							"vector": [0, -3, 0]
						}
					}
				},
				"bodi": {
					"rotation": {
						"0.0": {
							"vector": [15, 0, 0]
						},
						"0.32": {
							"vector": [22.5, 0, 0]
						},
						"0.56": {
							"vector": [17.5, 0, 0]
						},
						"0.88": {
							"vector": [22.5, 0, 0]
						},
						"1.04": {
							"vector": [17.5, 0, 0]
						}
					}
				},
				"bodi2": {
					"rotation": {
						"0.0": {
							"vector": [25, 0, 0]
						},
						"0.36": {
							"vector": [30, 0, 0]
						},
						"0.68": {
							"vector": [22.5, 0, 0]
						},
						"0.92": {
							"vector": [27.5, 0, 0]
						},
						"1.04": {
							"vector": [25, 0, 0]
						}
					}
				},
				"bone9": {
					"rotation": {
						"vector": [30, 0, -20]
					}
				},
				"bone10": {
					"rotation": {
						"0.0": {
							"vector": [-70, 0, 0]
						},
						"0.52": {
							"vector": [-45, 0, 0]
						},
						"1.04": {
							"vector": [-70, 0, 0]
						}
					}
				},
				"golen3": {
					"rotation": {
						"0.0": {
							"vector": [-65, 0, 0]
						},
						"0.52": {
							"vector": [-35, 0, 0]
						},
						"1.04": {
							"vector": [-65, 0, 0]
						}
					}
				},
				"stopa3": {
					"rotation": {
						"0.0": {
							"vector": [32.5, 0, 0]
						},
						"0.52": {
							"vector": [2.5, 0, 0]
						},
						"1.04": {
							"vector": [32.5, 0, 0]
						}
					}
				},
				"bone16": {
					"rotation": {
						"vector": [0, 20, 0]
					}
				},
				"bone18": {
					"rotation": {
						"vector": [0, -20, 0]
					}
				},
				"bone11": {
					"rotation": {
						"vector": [-10, 0, 22.5]
					}
				},
				"bone12": {
					"rotation": {
						"0.0": {
							"vector": [-25, 0, 0]
						},
						"0.56": {
							"vector": [-60, 0, 0]
						},
						"1.04": {
							"vector": [-25, 0, 0]
						}
					}
				},
				"golen4": {
					"rotation": {
						"0.0": {
							"vector": [-40, 0, 0]
						},
						"0.56": {
							"vector": [-47.5, 0, 0]
						},
						"1.04": {
							"vector": [-40, 0, 0]
						}
					}
				},
				"stopa4": {
					"rotation": {
						"0.0": {
							"vector": [55, 0, 0]
						},
						"0.56": {
							"vector": [40, 0, 0]
						},
						"1.04": {
							"vector": [55, 0, 0]
						}
					}
				},
				"bone24": {
					"rotation": {
						"vector": [0, -22.5, 0]
					}
				},
				"bone28": {
					"rotation": {
						"vector": [0, 15, 0]
					}
				},
				"bone13": {
					"rotation": {
						"vector": [-35, 0, 0]
					}
				},
				"bone": {
					"rotation": {
						"0.0": {
							"vector": [7.5, 10, 0]
						},
						"0.4": {
							"vector": [-2.5, 10, 0]
						},
						"0.8": {
							"vector": [15, 10, 0]
						},
						"1.04": {
							"vector": [7.5, 10, 0]
						}
					}
				},
				"bone8": {
					"rotation": {
						"0.0": {
							"vector": [15, -10, 0]
						},
						"0.4": {
							"vector": [-2.5, -10, 0]
						},
						"0.8": {
							"vector": [17.5, -10, 0]
						},
						"1.04": {
							"vector": [15, -10, 0]
						}
					}
				},
				"bone6": {
					"rotation": {
						"0.0": {
							"vector": [30, 0, 0]
						},
						"0.36": {
							"vector": [-63.65, 0, 0]
						},
						"0.52": {
							"vector": [-47.5, 0, 0]
						},
						"0.76": {
							"vector": [-34.23, 0, 0]
						},
						"1.04": {
							"vector": [30, 0, 0]
						}
					}
				},
				"bone7": {
					"rotation": {
						"0.0": {
							"vector": [10, 0, 0]
						},
						"0.24": {
							"vector": [47.31, 0, 0]
						},
						"0.36": {
							"vector": [49.53, 0, 0]
						},
						"0.52": {
							"vector": [-17.5, 0, 0]
						},
						"0.76": {
							"vector": [32.69, 0, 0]
						},
						"0.88": {
							"vector": [42.97, 0, 0]
						},
						"1.04": {
							"vector": [10, 0, 0]
						}
					}
				},
				"golen2": {
					"rotation": {
						"0.0": {
							"vector": [37.5, 0, 0]
						},
						"0.36": {
							"vector": [54.81, 0, 0]
						},
						"0.52": {
							"vector": [30, 0, 0]
						},
						"0.76": {
							"vector": [-6.54, 0, 0]
						},
						"0.88": {
							"vector": [-15.17, 0, 0]
						},
						"1.04": {
							"vector": [37.5, 0, 0]
						}
					}
				},
				"stopa2": {
					"rotation": {
						"0.0": {
							"vector": [-75, 0, 0]
						},
						"0.24": {
							"vector": [-66.35, 0, 0]
						},
						"0.36": {
							"vector": [-64.7, 0, 0]
						},
						"0.52": {
							"vector": [25, 0, 0]
						},
						"1.04": {
							"vector": [-75, 0, 0]
						}
					}
				},
				"bone3": {
					"rotation": {
						"0.0": {
							"vector": [-40, 0, 0]
						},
						"0.28": {
							"vector": [-41.35, 0, 0]
						},
						"0.52": {
							"vector": [55, 0, 0]
						},
						"0.8": {
							"vector": [-48.65, 0, 0]
						},
						"1.04": {
							"vector": [-40, 0, 0]
						}
					}
				},
				"bone4": {
					"rotation": {
						"0.0": {
							"vector": [-32.5, 0, 0]
						},
						"0.28": {
							"vector": [47.88, 0, 0]
						},
						"0.4": {
							"vector": [37.69, 0, 0]
						},
						"0.52": {
							"vector": [-22.5, 0, 0]
						},
						"0.64": {
							"vector": [51.27, 0, 0]
						},
						"0.8": {
							"vector": [44.62, 0, 0]
						},
						"1.04": {
							"vector": [-32.5, 0, 0]
						}
					}
				},
				"golen": {
					"rotation": {
						"0.0": {
							"vector": [32.5, 0, 0]
						},
						"0.4": {
							"vector": [-3.08, 0, 0]
						},
						"0.52": {
							"vector": [35, 0, 0]
						},
						"0.72": {
							"vector": [-33.82, 0, 0]
						},
						"0.8": {
							"vector": [-8.85, 0, 0]
						},
						"1.04": {
							"vector": [32.5, 0, 0]
						}
					}
				},
				"stopa": {
					"rotation": {
						"0.0": {
							"vector": [5, 0, 0]
						},
						"0.28": {
							"vector": [-38.65, 0, 0]
						},
						"0.52": {
							"vector": [-57.5, 0, 0]
						},
						"1.04": {
							"vector": [5, 0, 0]
						}
					}
				}
			}
		},
		"falling": {
			"loop": true,
			"animation_length": 0.52,
			"bones": {
				"bodi": {
					"rotation": {
						"0.0": {
							"vector": [2.5, 0, 0]
						},
						"0.12": {
							"vector": [1.25, 0, -10]
						},
						"0.24": {
							"vector": [0, 0, 0]
						},
						"0.4": {
							"vector": [1.43, 0, 7.5]
						},
						"0.52": {
							"vector": [2.5, 0, 0]
						}
					}
				},
				"bodi2": {
					"rotation": {
						"0.0": {
							"vector": [2.5, 0, 0]
						},
						"0.32": {
							"vector": [-10, 0, 0]
						},
						"0.52": {
							"vector": [2.5, 0, 0]
						}
					}
				},
				"bone9": {
					"rotation": {
						"0.0": {
							"vector": [-75, -25, 0]
						},
						"0.28": {
							"vector": [-75, -60, 0]
						},
						"0.52": {
							"vector": [-75, -25, 0]
						}
					}
				},
				"bone10": {
					"rotation": {
						"0.0": {
							"vector": [27.5, 0, 0]
						},
						"0.32": {
							"vector": [40, 0, 0]
						},
						"0.52": {
							"vector": [27.5, 0, 0]
						}
					}
				},
				"golen3": {
					"rotation": {
						"0.0": {
							"vector": [-77.5, 0, 0]
						},
						"0.16": {
							"vector": [-47.5, 0, 0]
						},
						"0.52": {
							"vector": [-77.5, 0, 0]
						}
					}
				},
				"stopa3": {
					"rotation": {
						"0.0": {
							"vector": [40, 0, 0]
						},
						"0.32": {
							"vector": [-72.5, 0, 0]
						},
						"0.52": {
							"vector": [40, 0, 0]
						}
					}
				},
				"bone16": {
					"rotation": {
						"0.0": {
							"vector": [0, 17.5, 0]
						},
						"0.52": {
							"vector": [0, 17.5, 0]
						}
					}
				},
				"bone18": {
					"rotation": {
						"0.0": {
							"vector": [0, -17.5, 0]
						},
						"0.52": {
							"vector": [0, -17.5, 0]
						}
					}
				},
				"bone11": {
					"rotation": {
						"0.0": {
							"vector": [0, 12.5, 37.5]
						},
						"0.24": {
							"vector": [22.5, 42.5, 37.5]
						},
						"0.52": {
							"vector": [0, 12.5, 37.5]
						}
					}
				},
				"bone12": {
					"rotation": {
						"0.0": {
							"vector": [-52.5, -5, 0]
						},
						"0.2": {
							"vector": [-65, -5, -10]
						},
						"0.52": {
							"vector": [-52.5, -5, 0]
						}
					}
				},
				"golen4": {
					"rotation": {
						"0.0": {
							"vector": [-52.5, 0, 0]
						},
						"0.36": {
							"vector": [-32.5, 0, -15]
						},
						"0.52": {
							"vector": [-52.5, 0, 0]
						}
					}
				},
				"stopa4": {
					"rotation": {
						"0.0": {
							"vector": [30, 0, 0]
						},
						"0.16": {
							"vector": [-42.5, 0, 0]
						},
						"0.52": {
							"vector": [30, 0, 0]
						}
					}
				},
				"bone24": {
					"rotation": {
						"0.0": {
							"vector": [0, -17.5, 0]
						},
						"0.52": {
							"vector": [0, -17.5, 0]
						}
					}
				},
				"bone28": {
					"rotation": {
						"0.0": {
							"vector": [0, 27.5, 0]
						},
						"0.52": {
							"vector": [0, 27.5, 0]
						}
					}
				},
				"bone13": {
					"rotation": {
						"0.0": {
							"vector": [10, 0, 0]
						},
						"0.52": {
							"vector": [10, 0, 0]
						}
					}
				},
				"bone": {
					"rotation": {
						"0.0": {
							"vector": [30, 0, 20]
						},
						"0.52": {
							"vector": [30, 0, 20]
						}
					}
				},
				"bone8": {
					"rotation": {
						"0.0": {
							"vector": [35, 0, -15]
						},
						"0.52": {
							"vector": [35, 0, -15]
						}
					}
				},
				"bone6": {
					"rotation": {
						"0.0": {
							"vector": [-27.5, -37.5, 0]
						},
						"0.32": {
							"vector": [-12.5, -37.5, 0]
						},
						"0.52": {
							"vector": [-27.5, -37.5, 0]
						}
					}
				},
				"bone7": {
					"rotation": {
						"0.0": {
							"vector": [40, 0, 0]
						},
						"0.32": {
							"vector": [7.5, 0, 0]
						},
						"0.52": {
							"vector": [40, 0, 0]
						}
					}
				},
				"bone3": {
					"rotation": {
						"0.0": {
							"vector": [-27.5, 25, 0]
						},
						"0.2": {
							"vector": [-42.5, 25, 0]
						},
						"0.52": {
							"vector": [-27.5, 25, 0]
						}
					}
				},
				"bone4": {
					"rotation": {
						"0.0": {
							"vector": [30, 0, 0]
						},
						"0.52": {
							"vector": [30, 0, 0]
						}
					}
				},
				"golen": {
					"rotation": {
						"vector": [22.5, 0, 0]
					}
				}
			}
		}
	},
	"geckolib_format_version": 2
}