{
	"format_version": "1.12.0",
	"minecraft:geometry": [
		{
			"description": {
				"identifier": "geometry.unknown",
				"texture_width": 256,
				"texture_height": 128,
				"visible_bounds_width": 3,
				"visible_bounds_height": 3.5,
				"visible_bounds_offset": [0, 1.25, 0]
			},
			"bones": [
				{
					"name": "head",
					"pivot": [0, 31.4, 1.5],
					"cubes": [
						{
							"origin": [-1.5, 31.4, 0],
							"size": [3, 3.25, 3],
							"uv": {
								"north": {"uv": [107, 84], "uv_size": [18, 17]},
								"east": {"uv": [43, 36], "uv_size": [5, 2]},
								"south": {"uv": [43, 36], "uv_size": [5, 2]},
								"west": {"uv": [28, 57], "uv_size": [5, 5]},
								"up": {"uv": [48, 38], "uv_size": [-5, -2]},
								"down": {"uv": [48, 38], "uv_size": [-5, -2]}
							}
						},
						{
							"origin": [-1.5, 34.65, 0.25],
							"size": [3, 0.25, 2.75],
							"uv": {
								"north": {"uv": [43, 36], "uv_size": [5, 2]},
								"east": {"uv": [43, 36], "uv_size": [5, 2]},
								"south": {"uv": [43, 36], "uv_size": [5, 2]},
								"west": {"uv": [43, 36], "uv_size": [5, 2]},
								"up": {"uv": [48, 38], "uv_size": [-5, -2]},
								"down": {"uv": [48, 38], "uv_size": [-5, -2]}
							}
						},
						{
							"origin": [-1.5, 34.15, -5.5],
							"size": [0, 1.75, 1.5],
							"pivot": [0, 6.4, 0],
							"rotation": [0, 90, 12.5],
							"uv": {
								"north": {"uv": [43, 36], "uv_size": [5, 2]},
								"east": {"uv": [43, 36], "uv_size": [5, 2]},
								"south": {"uv": [43, 36], "uv_size": [5, 2]},
								"west": {"uv": [201, 32], "uv_size": [2, 2]},
								"up": {"uv": [165, 49], "uv_size": [-2, -2]},
								"down": {"uv": [48, 38], "uv_size": [-5, -2]}
							}
						},
						{
							"origin": [-1.5, 34.15, 4],
							"size": [0, 1.75, 1.5],
							"pivot": [0, 6.4, 0],
							"rotation": [0, 90, -12.5],
							"uv": {
								"north": {"uv": [43, 36], "uv_size": [5, 2]},
								"east": {"uv": [43, 36], "uv_size": [5, 2]},
								"south": {"uv": [43, 36], "uv_size": [5, 2]},
								"west": {"uv": [201, 32], "uv_size": [2, 2]},
								"up": {"uv": [165, 49], "uv_size": [-2, -2]},
								"down": {"uv": [48, 38], "uv_size": [-5, -2]}
							}
						},
						{
							"origin": [-1.5, 31.9, -3.2],
							"size": [3, 1.7, 3.2],
							"uv": {
								"north": {"uv": [198, 30], "uv_size": [3, 5]},
								"east": {"uv": [209, 24], "uv_size": [3, 5]},
								"south": {"uv": [198, 30], "uv_size": [3, 5]},
								"west": {"uv": [198, 30], "uv_size": [3, 5]},
								"up": {"uv": [201, 35], "uv_size": [-3, -5]},
								"down": {"uv": [201, 35], "uv_size": [-3, -5]}
							}
						},
						{
							"origin": [-1.5, 32.2, 4.1],
							"size": [3, 1.3, 4.7],
							"pivot": [0, 6.4, 0],
							"rotation": [17.5, 0, 0],
							"uv": {
								"north": {"uv": [198, 30], "uv_size": [3, 5]},
								"east": {"uv": [198, 30], "uv_size": [3, 5]},
								"south": {"uv": [198, 30], "uv_size": [3, 5]},
								"west": {"uv": [198, 30], "uv_size": [3, 5]},
								"up": {"uv": [201, 35], "uv_size": [-3, -5]},
								"down": {"uv": [201, 35], "uv_size": [-3, -5]}
							}
						},
						{
							"origin": [-1.4, 31.9, -5.4],
							"size": [2.8, 1.6, 2.2],
							"uv": {
								"north": {"uv": [198, 30], "uv_size": [3, 5]},
								"east": {"uv": [198, 30], "uv_size": [3, 5]},
								"south": {"uv": [198, 30], "uv_size": [3, 5]},
								"west": {"uv": [198, 30], "uv_size": [3, 5]},
								"up": {"uv": [201, 35], "uv_size": [-3, -5]},
								"down": {"uv": [201, 35], "uv_size": [-3, -5]}
							}
						},
						{
							"origin": [-0.4, 33.15, -5.65],
							"size": [0.8, 0.6, 0.45],
							"uv": {
								"north": {"uv": [240, 10], "uv_size": [8, 8]},
								"east": {"uv": [240, 10], "uv_size": [8, 8]},
								"south": {"uv": [240, 10], "uv_size": [8, 8]},
								"west": {"uv": [240, 10], "uv_size": [8, 8]},
								"up": {"uv": [248, 18], "uv_size": [-8, -8]},
								"down": {"uv": [248, 18], "uv_size": [-8, -8]}
							}
						},
						{
							"origin": [-1.75, 31.65, 0.25],
							"size": [0.25, 3, 2.5],
							"uv": {
								"north": {"uv": [43, 36], "uv_size": [5, 2]},
								"east": {"uv": [43, 36], "uv_size": [5, 2]},
								"south": {"uv": [43, 36], "uv_size": [5, 2]},
								"west": {"uv": [43, 36], "uv_size": [5, 2]},
								"up": {"uv": [48, 38], "uv_size": [-5, -2]},
								"down": {"uv": [48, 38], "uv_size": [-5, -2]}
							}
						},
						{
							"origin": [1.5, 31.65, 0.25],
							"size": [0.25, 3, 2.5],
							"uv": {
								"north": {"uv": [44, 49], "uv_size": [3, 3]},
								"east": {"uv": [43, 36], "uv_size": [5, 2]},
								"south": {"uv": [34, 50], "uv_size": [2, 4]},
								"west": {"uv": [9, 58], "uv_size": [8, 5]},
								"up": {"uv": [48, 38], "uv_size": [-5, -2]},
								"down": {"uv": [15, 64], "uv_size": [-5, -2]}
							}
						},
						{
							"origin": [1.75, 32.65, 1.75],
							"size": [0.5, 1, 0.25],
							"uv": {
								"north": {"uv": [43, 36], "uv_size": [5, 2]},
								"east": {"uv": [43, 36], "uv_size": [5, 2]},
								"south": {"uv": [43, 36], "uv_size": [5, 2]},
								"west": {"uv": [43, 36], "uv_size": [5, 2]},
								"up": {"uv": [48, 38], "uv_size": [-5, -2]},
								"down": {"uv": [48, 38], "uv_size": [-5, -2]}
							}
						},
						{
							"origin": [-2.25, 32.65, 1.75],
							"size": [0.5, 1, 0.25],
							"uv": {
								"north": {"uv": [43, 36], "uv_size": [5, 2]},
								"east": {"uv": [43, 36], "uv_size": [5, 2]},
								"south": {"uv": [43, 36], "uv_size": [5, 2]},
								"west": {"uv": [43, 36], "uv_size": [5, 2]},
								"up": {"uv": [48, 38], "uv_size": [-5, -2]},
								"down": {"uv": [48, 38], "uv_size": [-5, -2]}
							}
						},
						{
							"origin": [-2, 33.4, 0.25],
							"size": [0.25, 0.5, 0.75],
							"uv": {
								"north": {"uv": [189, 102], "uv_size": [1, 1]},
								"east": {"uv": [189, 102], "uv_size": [1, 1]},
								"south": {"uv": [189, 102], "uv_size": [1, 1]},
								"west": {"uv": [189, 102], "uv_size": [1, 1]},
								"up": {"uv": [190, 103], "uv_size": [-1, -1]},
								"down": {"uv": [190, 103], "uv_size": [-1, -1]}
							}
						},
						{
							"origin": [1.75, 33.4, 0.25],
							"size": [0.25, 0.5, 0.75],
							"uv": {
								"north": {"uv": [189, 102], "uv_size": [1, 1]},
								"east": {"uv": [189, 102], "uv_size": [1, 1]},
								"south": {"uv": [189, 102], "uv_size": [1, 1]},
								"west": {"uv": [189, 102], "uv_size": [1, 1]},
								"up": {"uv": [190, 103], "uv_size": [-1, -1]},
								"down": {"uv": [190, 103], "uv_size": [-1, -1]}
							}
						},
						{
							"origin": [-1.25, 31.65, 3],
							"size": [2.5, 3, 0.25],
							"uv": {
								"north": {"uv": [43, 36], "uv_size": [5, 2]},
								"east": {"uv": [43, 36], "uv_size": [5, 2]},
								"south": {"uv": [43, 36], "uv_size": [5, 2]},
								"west": {"uv": [43, 36], "uv_size": [5, 2]},
								"up": {"uv": [48, 38], "uv_size": [-5, -2]},
								"down": {"uv": [48, 38], "uv_size": [-5, -2]}
							}
						},
						{
							"origin": [-1, 31.9, 3.25],
							"size": [2, 2.5, 0.25],
							"uv": {
								"north": {"uv": [43, 36], "uv_size": [5, 2]},
								"east": {"uv": [43, 36], "uv_size": [5, 2]},
								"south": {"uv": [43, 36], "uv_size": [5, 2]},
								"west": {"uv": [43, 36], "uv_size": [5, 2]},
								"up": {"uv": [48, 38], "uv_size": [-5, -2]},
								"down": {"uv": [48, 38], "uv_size": [-5, -2]}
							}
						}
					]
				},
				{
					"name": "mouth2",
					"parent": "head",
					"pivot": [0, 31.35, 0.25],
					"rotation": [17.5, 0, 0],
					"cubes": [
						{
							"origin": [-1, 31.30515, -5.0872],
							"size": [2, 0.25, 3.5],
							"uv": {
								"north": {"uv": [43, 36], "uv_size": [5, 2]},
								"east": {"uv": [43, 36], "uv_size": [5, 2]},
								"south": {"uv": [43, 36], "uv_size": [5, 2]},
								"west": {"uv": [43, 36], "uv_size": [5, 2]},
								"up": {"uv": [242, 47], "uv_size": [-13, -8]},
								"down": {"uv": [48, 38], "uv_size": [-5, -2]}
							}
						},
						{
							"origin": [-1.25, 31.30515, -4.0872],
							"size": [2.5, 0.25, 4.75],
							"uv": {
								"north": {"uv": [43, 36], "uv_size": [5, 2]},
								"east": {"uv": [43, 36], "uv_size": [5, 2]},
								"south": {"uv": [43, 36], "uv_size": [5, 2]},
								"west": {"uv": [43, 36], "uv_size": [5, 2]},
								"up": {"uv": [242, 47], "uv_size": [-13, -8]},
								"down": {"uv": [48, 38], "uv_size": [-5, -2]}
							}
						},
						{
							"origin": [0.9, 31.55515, -3.8372],
							"size": [0, 0.5, 0.25],
							"uv": {
								"north": {"uv": [238, 99], "uv_size": [3, 3]},
								"east": {"uv": [238, 99], "uv_size": [3, 3]},
								"south": {"uv": [238, 99], "uv_size": [3, 3]},
								"west": {"uv": [238, 99], "uv_size": [3, 3]},
								"up": {"uv": [241, 102], "uv_size": [-3, -3]},
								"down": {"uv": [241, 102], "uv_size": [-3, -3]}
							}
						},
						{
							"origin": [0.9, 31.85515, -4.4372],
							"size": [0, 0.1, 0.1],
							"uv": {
								"north": {"uv": [238, 99], "uv_size": [3, 3]},
								"east": {"uv": [238, 99], "uv_size": [3, 3]},
								"south": {"uv": [238, 99], "uv_size": [3, 3]},
								"west": {"uv": [238, 99], "uv_size": [3, 3]},
								"up": {"uv": [241, 102], "uv_size": [-3, -3]},
								"down": {"uv": [241, 102], "uv_size": [-3, -3]}
							}
						},
						{
							"origin": [0.9, 31.55515, -4.4372],
							"size": [0, 0.3, 0.25],
							"uv": {
								"north": {"uv": [238, 99], "uv_size": [3, 3]},
								"east": {"uv": [238, 99], "uv_size": [3, 3]},
								"south": {"uv": [238, 99], "uv_size": [3, 3]},
								"west": {"uv": [238, 99], "uv_size": [3, 3]},
								"up": {"uv": [241, 102], "uv_size": [-3, -3]},
								"down": {"uv": [241, 102], "uv_size": [-3, -3]}
							}
						},
						{
							"origin": [0.9, 31.55515, -4.8372],
							"size": [0, 0.3, 0.25],
							"uv": {
								"north": {"uv": [238, 99], "uv_size": [3, 3]},
								"east": {"uv": [238, 99], "uv_size": [3, 3]},
								"south": {"uv": [238, 99], "uv_size": [3, 3]},
								"west": {"uv": [238, 99], "uv_size": [3, 3]},
								"up": {"uv": [241, 102], "uv_size": [-3, -3]},
								"down": {"uv": [241, 102], "uv_size": [-3, -3]}
							}
						},
						{
							"origin": [0.55, 31.55515, -4.8372],
							"size": [0.2, 0.3, 0],
							"uv": {
								"north": {"uv": [238, 99], "uv_size": [3, 3]},
								"east": {"uv": [238, 99], "uv_size": [3, 3]},
								"south": {"uv": [238, 99], "uv_size": [3, 3]},
								"west": {"uv": [238, 99], "uv_size": [3, 3]},
								"up": {"uv": [241, 102], "uv_size": [-3, -3]},
								"down": {"uv": [241, 102], "uv_size": [-3, -3]}
							}
						},
						{
							"origin": [0.25, 31.55515, -4.8372],
							"size": [0.2, 0.3, 0],
							"uv": {
								"north": {"uv": [238, 99], "uv_size": [3, 3]},
								"east": {"uv": [238, 99], "uv_size": [3, 3]},
								"south": {"uv": [238, 99], "uv_size": [3, 3]},
								"west": {"uv": [238, 99], "uv_size": [3, 3]},
								"up": {"uv": [241, 102], "uv_size": [-3, -3]},
								"down": {"uv": [241, 102], "uv_size": [-3, -3]}
							}
						},
						{
							"origin": [-0.05, 31.55515, -4.8372],
							"size": [0.2, 0.3, 0],
							"uv": {
								"north": {"uv": [238, 99], "uv_size": [3, 3]},
								"east": {"uv": [238, 99], "uv_size": [3, 3]},
								"south": {"uv": [238, 99], "uv_size": [3, 3]},
								"west": {"uv": [238, 99], "uv_size": [3, 3]},
								"up": {"uv": [241, 102], "uv_size": [-3, -3]},
								"down": {"uv": [241, 102], "uv_size": [-3, -3]}
							}
						},
						{
							"origin": [-0.35, 31.55515, -4.8372],
							"size": [0.2, 0.3, 0],
							"uv": {
								"north": {"uv": [238, 99], "uv_size": [3, 3]},
								"east": {"uv": [238, 99], "uv_size": [3, 3]},
								"south": {"uv": [238, 99], "uv_size": [3, 3]},
								"west": {"uv": [238, 99], "uv_size": [3, 3]},
								"up": {"uv": [241, 102], "uv_size": [-3, -3]},
								"down": {"uv": [241, 102], "uv_size": [-3, -3]}
							}
						},
						{
							"origin": [-0.65, 31.55515, -4.8372],
							"size": [0.2, 0.3, 0],
							"uv": {
								"north": {"uv": [238, 99], "uv_size": [3, 3]},
								"east": {"uv": [238, 99], "uv_size": [3, 3]},
								"south": {"uv": [238, 99], "uv_size": [3, 3]},
								"west": {"uv": [238, 99], "uv_size": [3, 3]},
								"up": {"uv": [241, 102], "uv_size": [-3, -3]},
								"down": {"uv": [241, 102], "uv_size": [-3, -3]}
							}
						},
						{
							"origin": [-0.85, 31.55515, -4.8372],
							"size": [0.1, 0.3, 0],
							"uv": {
								"north": {"uv": [238, 99], "uv_size": [3, 3]},
								"east": {"uv": [238, 99], "uv_size": [3, 3]},
								"south": {"uv": [238, 99], "uv_size": [3, 3]},
								"west": {"uv": [238, 99], "uv_size": [3, 3]},
								"up": {"uv": [241, 102], "uv_size": [-3, -3]},
								"down": {"uv": [241, 102], "uv_size": [-3, -3]}
							}
						},
						{
							"origin": [-1, 32.05515, -0.3372],
							"size": [0, 0.1, 0.1],
							"uv": {
								"north": {"uv": [238, 99], "uv_size": [3, 3]},
								"east": {"uv": [238, 99], "uv_size": [3, 3]},
								"south": {"uv": [238, 99], "uv_size": [3, 3]},
								"west": {"uv": [238, 99], "uv_size": [3, 3]},
								"up": {"uv": [241, 102], "uv_size": [-3, -3]},
								"down": {"uv": [241, 102], "uv_size": [-3, -3]}
							}
						},
						{
							"origin": [-1, 31.55515, -0.3372],
							"size": [0, 0.5, 0.25],
							"uv": {
								"north": {"uv": [238, 99], "uv_size": [3, 3]},
								"east": {"uv": [238, 99], "uv_size": [3, 3]},
								"south": {"uv": [238, 99], "uv_size": [3, 3]},
								"west": {"uv": [238, 99], "uv_size": [3, 3]},
								"up": {"uv": [241, 102], "uv_size": [-3, -3]},
								"down": {"uv": [241, 102], "uv_size": [-3, -3]}
							}
						},
						{
							"origin": [-1, 32.05515, -0.8372],
							"size": [0, 0.1, 0.1],
							"uv": {
								"north": {"uv": [105, 30], "uv_size": [2, 2]},
								"east": {"uv": [105, 30], "uv_size": [2, 2]},
								"south": {"uv": [105, 30], "uv_size": [2, 2]},
								"west": {"uv": [105, 30], "uv_size": [2, 2]},
								"up": {"uv": [107, 32], "uv_size": [-2, -2]},
								"down": {"uv": [107, 32], "uv_size": [-2, -2]}
							}
						},
						{
							"origin": [-1, 31.55515, -0.8372],
							"size": [0, 0.5, 0.25],
							"uv": {
								"north": {"uv": [105, 30], "uv_size": [2, 2]},
								"east": {"uv": [105, 30], "uv_size": [2, 2]},
								"south": {"uv": [105, 30], "uv_size": [2, 2]},
								"west": {"uv": [105, 30], "uv_size": [2, 2]},
								"up": {"uv": [107, 32], "uv_size": [-2, -2]},
								"down": {"uv": [107, 32], "uv_size": [-2, -2]}
							}
						},
						{
							"origin": [-1, 32.05515, -1.3372],
							"size": [0, 0.1, 0.1],
							"uv": {
								"north": {"uv": [238, 99], "uv_size": [3, 3]},
								"east": {"uv": [238, 99], "uv_size": [3, 3]},
								"south": {"uv": [238, 99], "uv_size": [3, 3]},
								"west": {"uv": [238, 99], "uv_size": [3, 3]},
								"up": {"uv": [241, 102], "uv_size": [-3, -3]},
								"down": {"uv": [241, 102], "uv_size": [-3, -3]}
							}
						},
						{
							"origin": [-1, 31.55515, -1.3372],
							"size": [0, 0.5, 0.25],
							"uv": {
								"north": {"uv": [238, 99], "uv_size": [3, 3]},
								"east": {"uv": [238, 99], "uv_size": [3, 3]},
								"south": {"uv": [238, 99], "uv_size": [3, 3]},
								"west": {"uv": [238, 99], "uv_size": [3, 3]},
								"up": {"uv": [241, 102], "uv_size": [-3, -3]},
								"down": {"uv": [241, 102], "uv_size": [-3, -3]}
							}
						},
						{
							"origin": [-1, 32.05515, -1.8372],
							"size": [0, 0.1, 0.1],
							"uv": {
								"north": {"uv": [238, 99], "uv_size": [3, 3]},
								"east": {"uv": [238, 99], "uv_size": [3, 3]},
								"south": {"uv": [238, 99], "uv_size": [3, 3]},
								"west": {"uv": [238, 99], "uv_size": [3, 3]},
								"up": {"uv": [241, 102], "uv_size": [-3, -3]},
								"down": {"uv": [241, 102], "uv_size": [-3, -3]}
							}
						},
						{
							"origin": [-1, 31.55515, -1.8372],
							"size": [0, 0.5, 0.25],
							"uv": {
								"north": {"uv": [238, 99], "uv_size": [3, 3]},
								"east": {"uv": [238, 99], "uv_size": [3, 3]},
								"south": {"uv": [238, 99], "uv_size": [3, 3]},
								"west": {"uv": [238, 99], "uv_size": [3, 3]},
								"up": {"uv": [241, 102], "uv_size": [-3, -3]},
								"down": {"uv": [241, 102], "uv_size": [-3, -3]}
							}
						},
						{
							"origin": [-1, 31.55515, -2.3372],
							"size": [0, 0.5, 0.25],
							"uv": {
								"north": {"uv": [238, 99], "uv_size": [3, 3]},
								"east": {"uv": [238, 99], "uv_size": [3, 3]},
								"south": {"uv": [238, 99], "uv_size": [3, 3]},
								"west": {"uv": [238, 99], "uv_size": [3, 3]},
								"up": {"uv": [241, 102], "uv_size": [-3, -3]},
								"down": {"uv": [241, 102], "uv_size": [-3, -3]}
							}
						},
						{
							"origin": [-1, 32.05515, -2.3372],
							"size": [0, 0.1, 0.1],
							"uv": {
								"north": {"uv": [238, 99], "uv_size": [3, 3]},
								"east": {"uv": [238, 99], "uv_size": [3, 3]},
								"south": {"uv": [238, 99], "uv_size": [3, 3]},
								"west": {"uv": [238, 99], "uv_size": [3, 3]},
								"up": {"uv": [241, 102], "uv_size": [-3, -3]},
								"down": {"uv": [241, 102], "uv_size": [-3, -3]}
							}
						},
						{
							"origin": [-1, 32.05515, -2.8372],
							"size": [0, 0.1, 0.1],
							"uv": {
								"north": {"uv": [238, 99], "uv_size": [3, 3]},
								"east": {"uv": [238, 99], "uv_size": [3, 3]},
								"south": {"uv": [238, 99], "uv_size": [3, 3]},
								"west": {"uv": [238, 99], "uv_size": [3, 3]},
								"up": {"uv": [241, 102], "uv_size": [-3, -3]},
								"down": {"uv": [241, 102], "uv_size": [-3, -3]}
							}
						},
						{
							"origin": [-1, 31.55515, -2.8372],
							"size": [0, 0.5, 0.25],
							"uv": {
								"north": {"uv": [238, 99], "uv_size": [3, 3]},
								"east": {"uv": [238, 99], "uv_size": [3, 3]},
								"south": {"uv": [238, 99], "uv_size": [3, 3]},
								"west": {"uv": [238, 99], "uv_size": [3, 3]},
								"up": {"uv": [241, 102], "uv_size": [-3, -3]},
								"down": {"uv": [241, 102], "uv_size": [-3, -3]}
							}
						},
						{
							"origin": [-1, 32.05515, -3.3372],
							"size": [0, 0.1, 0.1],
							"uv": {
								"north": {"uv": [238, 99], "uv_size": [3, 3]},
								"east": {"uv": [238, 99], "uv_size": [3, 3]},
								"south": {"uv": [238, 99], "uv_size": [3, 3]},
								"west": {"uv": [238, 99], "uv_size": [3, 3]},
								"up": {"uv": [241, 102], "uv_size": [-3, -3]},
								"down": {"uv": [241, 102], "uv_size": [-3, -3]}
							}
						},
						{
							"origin": [-1, 31.55515, -3.3372],
							"size": [0, 0.5, 0.25],
							"uv": {
								"north": {"uv": [238, 99], "uv_size": [3, 3]},
								"east": {"uv": [238, 99], "uv_size": [3, 3]},
								"south": {"uv": [238, 99], "uv_size": [3, 3]},
								"west": {"uv": [238, 99], "uv_size": [3, 3]},
								"up": {"uv": [241, 102], "uv_size": [-3, -3]},
								"down": {"uv": [241, 102], "uv_size": [-3, -3]}
							}
						},
						{
							"origin": [-0.9, 31.55515, -3.8372],
							"size": [0, 0.5, 0.25],
							"uv": {
								"north": {"uv": [238, 99], "uv_size": [3, 3]},
								"east": {"uv": [238, 99], "uv_size": [3, 3]},
								"south": {"uv": [238, 99], "uv_size": [3, 3]},
								"west": {"uv": [238, 99], "uv_size": [3, 3]},
								"up": {"uv": [241, 102], "uv_size": [-3, -3]},
								"down": {"uv": [241, 102], "uv_size": [-3, -3]}
							}
						},
						{
							"origin": [-0.9, 32.05515, -3.8372],
							"size": [0, 0.1, 0.1],
							"uv": {
								"north": {"uv": [238, 99], "uv_size": [3, 3]},
								"east": {"uv": [238, 99], "uv_size": [3, 3]},
								"south": {"uv": [238, 99], "uv_size": [3, 3]},
								"west": {"uv": [238, 99], "uv_size": [3, 3]},
								"up": {"uv": [241, 102], "uv_size": [-3, -3]},
								"down": {"uv": [241, 102], "uv_size": [-3, -3]}
							}
						},
						{
							"origin": [-0.9, 31.85515, -4.4372],
							"size": [0, 0.1, 0.1],
							"uv": {
								"north": {"uv": [238, 99], "uv_size": [3, 3]},
								"east": {"uv": [238, 99], "uv_size": [3, 3]},
								"south": {"uv": [238, 99], "uv_size": [3, 3]},
								"west": {"uv": [238, 99], "uv_size": [3, 3]},
								"up": {"uv": [241, 102], "uv_size": [-3, -3]},
								"down": {"uv": [241, 102], "uv_size": [-3, -3]}
							}
						},
						{
							"origin": [-0.9, 31.55515, -4.4372],
							"size": [0, 0.3, 0.25],
							"uv": {
								"north": {"uv": [238, 99], "uv_size": [3, 3]},
								"east": {"uv": [238, 99], "uv_size": [3, 3]},
								"south": {"uv": [238, 99], "uv_size": [3, 3]},
								"west": {"uv": [238, 99], "uv_size": [3, 3]},
								"up": {"uv": [241, 102], "uv_size": [-3, -3]},
								"down": {"uv": [241, 102], "uv_size": [-3, -3]}
							}
						},
						{
							"origin": [-0.9, 31.55515, -4.8372],
							"size": [0, 0.3, 0.25],
							"uv": {
								"north": {"uv": [238, 99], "uv_size": [3, 3]},
								"east": {"uv": [238, 99], "uv_size": [3, 3]},
								"south": {"uv": [238, 99], "uv_size": [3, 3]},
								"west": {"uv": [238, 99], "uv_size": [3, 3]},
								"up": {"uv": [241, 102], "uv_size": [-3, -3]},
								"down": {"uv": [241, 102], "uv_size": [-3, -3]}
							}
						},
						{
							"origin": [1, 31.55515, -3.3372],
							"size": [0, 0.5, 0.25],
							"uv": {
								"north": {"uv": [238, 99], "uv_size": [3, 3]},
								"east": {"uv": [238, 99], "uv_size": [3, 3]},
								"south": {"uv": [238, 99], "uv_size": [3, 3]},
								"west": {"uv": [238, 99], "uv_size": [3, 3]},
								"up": {"uv": [241, 102], "uv_size": [-3, -3]},
								"down": {"uv": [241, 102], "uv_size": [-3, -3]}
							}
						},
						{
							"origin": [1, 31.55515, -2.8372],
							"size": [0, 0.5, 0.25],
							"uv": {
								"north": {"uv": [238, 99], "uv_size": [3, 3]},
								"east": {"uv": [238, 99], "uv_size": [3, 3]},
								"south": {"uv": [238, 99], "uv_size": [3, 3]},
								"west": {"uv": [238, 99], "uv_size": [3, 3]},
								"up": {"uv": [241, 102], "uv_size": [-3, -3]},
								"down": {"uv": [241, 102], "uv_size": [-3, -3]}
							}
						},
						{
							"origin": [1, 31.55515, -2.3372],
							"size": [0, 0.5, 0.25],
							"uv": {
								"north": {"uv": [238, 99], "uv_size": [3, 3]},
								"east": {"uv": [238, 99], "uv_size": [3, 3]},
								"south": {"uv": [238, 99], "uv_size": [3, 3]},
								"west": {"uv": [238, 99], "uv_size": [3, 3]},
								"up": {"uv": [241, 102], "uv_size": [-3, -3]},
								"down": {"uv": [241, 102], "uv_size": [-3, -3]}
							}
						},
						{
							"origin": [1, 31.55515, -1.8372],
							"size": [0, 0.5, 0.25],
							"uv": {
								"north": {"uv": [238, 99], "uv_size": [3, 3]},
								"east": {"uv": [238, 99], "uv_size": [3, 3]},
								"south": {"uv": [238, 99], "uv_size": [3, 3]},
								"west": {"uv": [238, 99], "uv_size": [3, 3]},
								"up": {"uv": [241, 102], "uv_size": [-3, -3]},
								"down": {"uv": [241, 102], "uv_size": [-3, -3]}
							}
						},
						{
							"origin": [1, 31.55515, -1.3372],
							"size": [0, 0.5, 0.25],
							"uv": {
								"north": {"uv": [238, 99], "uv_size": [3, 3]},
								"east": {"uv": [238, 99], "uv_size": [3, 3]},
								"south": {"uv": [238, 99], "uv_size": [3, 3]},
								"west": {"uv": [238, 99], "uv_size": [3, 3]},
								"up": {"uv": [241, 102], "uv_size": [-3, -3]},
								"down": {"uv": [241, 102], "uv_size": [-3, -3]}
							}
						},
						{
							"origin": [1, 31.55515, -0.8372],
							"size": [0, 0.5, 0.25],
							"uv": {
								"north": {"uv": [238, 99], "uv_size": [3, 3]},
								"east": {"uv": [238, 99], "uv_size": [3, 3]},
								"south": {"uv": [238, 99], "uv_size": [3, 3]},
								"west": {"uv": [238, 99], "uv_size": [3, 3]},
								"up": {"uv": [241, 102], "uv_size": [-3, -3]},
								"down": {"uv": [241, 102], "uv_size": [-3, -3]}
							}
						},
						{
							"origin": [1, 31.55515, -0.3372],
							"size": [0, 0.5, 0.25],
							"uv": {
								"north": {"uv": [238, 99], "uv_size": [3, 3]},
								"east": {"uv": [238, 99], "uv_size": [3, 3]},
								"south": {"uv": [238, 99], "uv_size": [3, 3]},
								"west": {"uv": [238, 99], "uv_size": [3, 3]},
								"up": {"uv": [241, 102], "uv_size": [-3, -3]},
								"down": {"uv": [241, 102], "uv_size": [-3, -3]}
							}
						},
						{
							"origin": [1, 32.05515, -0.3372],
							"size": [0, 0.1, 0.1],
							"uv": {
								"north": {"uv": [238, 99], "uv_size": [3, 3]},
								"east": {"uv": [238, 99], "uv_size": [3, 3]},
								"south": {"uv": [238, 99], "uv_size": [3, 3]},
								"west": {"uv": [238, 99], "uv_size": [3, 3]},
								"up": {"uv": [241, 102], "uv_size": [-3, -3]},
								"down": {"uv": [241, 102], "uv_size": [-3, -3]}
							}
						},
						{
							"origin": [1, 32.05515, -0.8372],
							"size": [0, 0.1, 0.1],
							"uv": {
								"north": {"uv": [238, 99], "uv_size": [3, 3]},
								"east": {"uv": [238, 99], "uv_size": [3, 3]},
								"south": {"uv": [238, 99], "uv_size": [3, 3]},
								"west": {"uv": [238, 99], "uv_size": [3, 3]},
								"up": {"uv": [241, 102], "uv_size": [-3, -3]},
								"down": {"uv": [241, 102], "uv_size": [-3, -3]}
							}
						},
						{
							"origin": [1, 32.05515, -1.3372],
							"size": [0, 0.1, 0.1],
							"uv": {
								"north": {"uv": [238, 99], "uv_size": [3, 3]},
								"east": {"uv": [238, 99], "uv_size": [3, 3]},
								"south": {"uv": [238, 99], "uv_size": [3, 3]},
								"west": {"uv": [238, 99], "uv_size": [3, 3]},
								"up": {"uv": [241, 102], "uv_size": [-3, -3]},
								"down": {"uv": [241, 102], "uv_size": [-3, -3]}
							}
						},
						{
							"origin": [1, 32.05515, -1.8372],
							"size": [0, 0.1, 0.1],
							"uv": {
								"north": {"uv": [238, 99], "uv_size": [3, 3]},
								"east": {"uv": [238, 99], "uv_size": [3, 3]},
								"south": {"uv": [238, 99], "uv_size": [3, 3]},
								"west": {"uv": [238, 99], "uv_size": [3, 3]},
								"up": {"uv": [241, 102], "uv_size": [-3, -3]},
								"down": {"uv": [241, 102], "uv_size": [-3, -3]}
							}
						},
						{
							"origin": [1, 32.05515, -2.3372],
							"size": [0, 0.1, 0.1],
							"uv": {
								"north": {"uv": [238, 99], "uv_size": [3, 3]},
								"east": {"uv": [238, 99], "uv_size": [3, 3]},
								"south": {"uv": [238, 99], "uv_size": [3, 3]},
								"west": {"uv": [238, 99], "uv_size": [3, 3]},
								"up": {"uv": [241, 102], "uv_size": [-3, -3]},
								"down": {"uv": [241, 102], "uv_size": [-3, -3]}
							}
						},
						{
							"origin": [1, 32.05515, -2.8372],
							"size": [0, 0.1, 0.1],
							"uv": {
								"north": {"uv": [238, 99], "uv_size": [3, 3]},
								"east": {"uv": [238, 99], "uv_size": [3, 3]},
								"south": {"uv": [238, 99], "uv_size": [3, 3]},
								"west": {"uv": [238, 99], "uv_size": [3, 3]},
								"up": {"uv": [241, 102], "uv_size": [-3, -3]},
								"down": {"uv": [241, 102], "uv_size": [-3, -3]}
							}
						},
						{
							"origin": [1, 32.05515, -3.3372],
							"size": [0, 0.1, 0.1],
							"uv": {
								"north": {"uv": [238, 99], "uv_size": [3, 3]},
								"east": {"uv": [238, 99], "uv_size": [3, 3]},
								"south": {"uv": [238, 99], "uv_size": [3, 3]},
								"west": {"uv": [238, 99], "uv_size": [3, 3]},
								"up": {"uv": [241, 102], "uv_size": [-3, -3]},
								"down": {"uv": [241, 102], "uv_size": [-3, -3]}
							}
						},
						{
							"origin": [0.9, 32.05515, -3.8372],
							"size": [0, 0.1, 0.1],
							"uv": {
								"north": {"uv": [238, 99], "uv_size": [3, 3]},
								"east": {"uv": [238, 99], "uv_size": [3, 3]},
								"south": {"uv": [238, 99], "uv_size": [3, 3]},
								"west": {"uv": [238, 99], "uv_size": [3, 3]},
								"up": {"uv": [241, 102], "uv_size": [-3, -3]},
								"down": {"uv": [241, 102], "uv_size": [-3, -3]}
							}
						}
					]
				},
				{
					"name": "bone",
					"parent": "head",
					"pivot": [0, 31.65, 0.25],
					"cubes": [
						{
							"origin": [-0.5, 31.2, 3.75],
							"size": [1, 0.5, 1],
							"pivot": [0, 5.2, 0.5],
							"rotation": [10, 0, 0],
							"uv": {
								"north": {"uv": [156, 98], "uv_size": [3, 3]},
								"east": {"uv": [156, 98], "uv_size": [3, 3]},
								"south": {"uv": [156, 98], "uv_size": [3, 3]},
								"west": {"uv": [156, 98], "uv_size": [3, 3]},
								"up": {"uv": [159, 101], "uv_size": [-3, -3]},
								"down": {"uv": [159, 101], "uv_size": [-3, -3]}
							}
						}
					]
				},
				{
					"name": "bone2",
					"parent": "bone",
					"pivot": [0, 31.65, -0.75],
					"cubes": [
						{
							"origin": [-0.25, 31.45, -1.5],
							"size": [0.5, 0.25, 1],
							"uv": {
								"north": {"uv": [156, 98], "uv_size": [3, 3]},
								"east": {"uv": [156, 98], "uv_size": [3, 3]},
								"south": {"uv": [156, 98], "uv_size": [3, 3]},
								"west": {"uv": [156, 98], "uv_size": [3, 3]},
								"up": {"uv": [159, 101], "uv_size": [-3, -3]},
								"down": {"uv": [159, 101], "uv_size": [-3, -3]}
							}
						}
					]
				},
				{
					"name": "bone3",
					"parent": "bone",
					"pivot": [0, 31.65, -1.5],
					"cubes": [
						{
							"origin": [-0.25, 30.7, -7],
							"size": [0.5, 0.25, 1],
							"pivot": [0, 5.45, 0.5],
							"rotation": [-10, 0, 0],
							"uv": {
								"north": {"uv": [156, 98], "uv_size": [3, 3]},
								"east": {"uv": [156, 98], "uv_size": [3, 3]},
								"south": {"uv": [156, 98], "uv_size": [3, 3]},
								"west": {"uv": [156, 98], "uv_size": [3, 3]},
								"up": {"uv": [159, 101], "uv_size": [-3, -3]},
								"down": {"uv": [159, 101], "uv_size": [-3, -3]}
							}
						}
					]
				},
				{
					"name": "body",
					"pivot": [-0.5, 17.8, 2]
				},
				{
					"name": "bone47",
					"parent": "body",
					"pivot": [0, 17.8, 2],
					"cubes": [
						{
							"origin": [-0.4, 17.5, 2.05],
							"size": [0.95, 1.1, 2.2],
							"uv": {
								"north": {"uv": [199, 21], "uv_size": [5, 5]},
								"east": {"uv": [199, 21], "uv_size": [5, 5]},
								"south": {"uv": [199, 21], "uv_size": [5, 5]},
								"west": {"uv": [199, 21], "uv_size": [5, 5]},
								"up": {"uv": [204, 26], "uv_size": [-5, -5]},
								"down": {"uv": [204, 26], "uv_size": [-5, -5]}
							}
						},
						{
							"origin": [-2.3, 17.2, 0.75],
							"size": [5, 1.5, 1.5],
							"uv": {
								"north": {"uv": [43, 36], "uv_size": [5, 2]},
								"east": {"uv": [43, 36], "uv_size": [5, 2]},
								"south": {"uv": [43, 36], "uv_size": [5, 2]},
								"west": {"uv": [43, 36], "uv_size": [5, 2]},
								"up": {"uv": [48, 38], "uv_size": [-5, -2]},
								"down": {"uv": [48, 38], "uv_size": [-5, -2]}
							}
						},
						{
							"origin": [-2.1, 18.7, 1.3],
							"size": [4.6, 2.5, 0.7],
							"uv": {
								"north": {"uv": [43, 36], "uv_size": [5, 2]},
								"east": {"uv": [43, 36], "uv_size": [5, 2]},
								"south": {"uv": [43, 36], "uv_size": [5, 2]},
								"west": {"uv": [43, 36], "uv_size": [5, 2]},
								"up": {"uv": [48, 38], "uv_size": [-5, -2]},
								"down": {"uv": [48, 38], "uv_size": [-5, -2]}
							}
						}
					]
				},
				{
					"name": "bone48",
					"parent": "body",
					"pivot": [0, 17.9, 4.25],
					"cubes": [
						{
							"origin": [-0.35, 17.55, 4.05],
							"size": [0.85, 1, 3.45],
							"uv": {
								"north": {"uv": [199, 21], "uv_size": [5, 5]},
								"east": {"uv": [199, 21], "uv_size": [5, 5]},
								"south": {"uv": [199, 21], "uv_size": [5, 5]},
								"west": {"uv": [199, 21], "uv_size": [5, 5]},
								"up": {"uv": [204, 26], "uv_size": [-5, -5]},
								"down": {"uv": [204, 26], "uv_size": [-5, -5]}
							}
						}
					]
				},
				{
					"name": "bone49",
					"parent": "body",
					"pivot": [0.25, 17.9, 7.25],
					"cubes": [
						{
							"origin": [-0.35, 14.8, 10.05],
							"size": [0.85, 1, 3.2],
							"pivot": [-0.5, 7.9, 0],
							"rotation": [17.5, 0, 0],
							"uv": {
								"north": {"uv": [199, 21], "uv_size": [5, 5]},
								"east": {"uv": [199, 21], "uv_size": [5, 5]},
								"south": {"uv": [199, 21], "uv_size": [5, 5]},
								"west": {"uv": [199, 21], "uv_size": [5, 5]},
								"up": {"uv": [204, 26], "uv_size": [-5, -5]},
								"down": {"uv": [204, 26], "uv_size": [-5, -5]}
							}
						}
					]
				},
				{
					"name": "bone50",
					"parent": "body",
					"pivot": [0, 18.9, 10.25],
					"cubes": [
						{
							"origin": [-0.35, 19.3, 9.3],
							"size": [0.85, 1, 3.2],
							"pivot": [-0.5, 7.9, 0],
							"rotation": [-5, 0, 0],
							"uv": {
								"north": {"uv": [199, 21], "uv_size": [5, 5]},
								"east": {"uv": [199, 21], "uv_size": [5, 5]},
								"south": {"uv": [199, 21], "uv_size": [5, 5]},
								"west": {"uv": [199, 21], "uv_size": [5, 5]},
								"up": {"uv": [204, 26], "uv_size": [-5, -5]},
								"down": {"uv": [204, 26], "uv_size": [-5, -5]}
							}
						}
					]
				},
				{
					"name": "bone51",
					"parent": "body",
					"pivot": [0, 18.4, 13.5],
					"cubes": [
						{
							"origin": [-0.35, 19.3, 12.3],
							"size": [0.85, 0.75, 1.45],
							"pivot": [-0.5, 7.9, 0],
							"rotation": [-5, 0, 0],
							"uv": {
								"north": {"uv": [199, 21], "uv_size": [5, 5]},
								"east": {"uv": [199, 21], "uv_size": [5, 5]},
								"south": {"uv": [199, 21], "uv_size": [5, 5]},
								"west": {"uv": [199, 21], "uv_size": [5, 5]},
								"up": {"uv": [204, 26], "uv_size": [-5, -5]},
								"down": {"uv": [204, 26], "uv_size": [-5, -5]}
							}
						}
					]
				},
				{
					"name": "bone4",
					"parent": "body",
					"pivot": [0.25, 21.05, 1.5],
					"cubes": [
						{
							"origin": [-1.05, 26.9, 8.75],
							"size": [2.5, 2.5, 0.5],
							"pivot": [-0.3, 6.4, 0],
							"rotation": [17.5, 0, 0],
							"uv": {
								"north": {"uv": [43, 36], "uv_size": [5, 2]},
								"east": {"uv": [43, 36], "uv_size": [5, 2]},
								"south": {"uv": [43, 36], "uv_size": [5, 2]},
								"west": {"uv": [43, 36], "uv_size": [5, 2]},
								"up": {"uv": [48, 38], "uv_size": [-5, -2]},
								"down": {"uv": [48, 38], "uv_size": [-5, -2]}
							}
						},
						{
							"origin": [-1.8, 21.55, -3.7],
							"size": [4, 3.25, 1],
							"pivot": [-0.3, 9.8, 0],
							"rotation": [-22.5, 0, 0],
							"uv": {
								"north": {"uv": [43, 36], "uv_size": [5, 2]},
								"east": {"uv": [43, 36], "uv_size": [5, 2]},
								"south": {"uv": [57, 8], "uv_size": [7, 7]},
								"west": {"uv": [43, 36], "uv_size": [5, 2]},
								"up": {"uv": [48, 38], "uv_size": [-5, -2]},
								"down": {"uv": [48, 38], "uv_size": [-5, -2]}
							}
						},
						{
							"origin": [-1.8, 24.65, 3],
							"size": [4, 4, 0.75],
							"uv": {
								"north": {"uv": [43, 36], "uv_size": [5, 2]},
								"east": {"uv": [43, 36], "uv_size": [5, 2]},
								"south": {"uv": [57, 8], "uv_size": [7, 7]},
								"west": {"uv": [43, 36], "uv_size": [5, 2]},
								"up": {"uv": [48, 38], "uv_size": [-5, -2]},
								"down": {"uv": [48, 38], "uv_size": [-5, -2]}
							}
						},
						{
							"origin": [-2.55, 24.4, 0],
							"size": [5.5, 0.5, 3.25],
							"uv": {
								"north": {"uv": [43, 36], "uv_size": [5, 2]},
								"east": {"uv": [43, 36], "uv_size": [5, 2]},
								"south": {"uv": [57, 8], "uv_size": [7, 7]},
								"west": {"uv": [43, 36], "uv_size": [5, 2]},
								"up": {"uv": [48, 38], "uv_size": [-5, -2]},
								"down": {"uv": [48, 38], "uv_size": [-5, -2]}
							}
						},
						{
							"origin": [-2.8, 24.9, 0],
							"size": [6, 4, 3.25],
							"uv": {
								"north": {"uv": [49, 51], "uv_size": [7, 5]},
								"east": {"uv": [43, 36], "uv_size": [5, 2]},
								"south": {"uv": [43, 36], "uv_size": [5, 2]},
								"west": {"uv": [43, 36], "uv_size": [5, 2]},
								"up": {"uv": [48, 38], "uv_size": [-5, -2]},
								"down": {"uv": [48, 38], "uv_size": [-5, -2]}
							}
						},
						{
							"origin": [-2.3, 28.9, 0.5],
							"size": [5, 0.25, 1.75],
							"uv": {
								"north": {"uv": [43, 36], "uv_size": [5, 2]},
								"east": {"uv": [43, 36], "uv_size": [5, 2]},
								"south": {"uv": [43, 36], "uv_size": [5, 2]},
								"west": {"uv": [43, 36], "uv_size": [5, 2]},
								"up": {"uv": [48, 38], "uv_size": [-5, -2]},
								"down": {"uv": [48, 38], "uv_size": [-5, -2]}
							}
						},
						{
							"origin": [-1.05, 29.15, 0.75],
							"size": [2.5, 2.25, 1.25],
							"uv": {
								"north": {"uv": [43, 36], "uv_size": [5, 2]},
								"east": {"uv": [43, 36], "uv_size": [5, 2]},
								"south": {"uv": [43, 36], "uv_size": [5, 2]},
								"west": {"uv": [43, 36], "uv_size": [5, 2]},
								"up": {"uv": [48, 38], "uv_size": [-5, -2]},
								"down": {"uv": [48, 38], "uv_size": [-5, -2]}
							}
						},
						{
							"origin": [6.95, 27.15, 0.75],
							"size": [1.75, 2.5, 1.25],
							"pivot": [-0.3, 6.4, 0.25],
							"rotation": [0, 0, -17.5],
							"uv": {
								"north": {"uv": [43, 36], "uv_size": [5, 2]},
								"east": {"uv": [43, 36], "uv_size": [5, 2]},
								"south": {"uv": [43, 36], "uv_size": [5, 2]},
								"west": {"uv": [43, 36], "uv_size": [5, 2]},
								"up": {"uv": [48, 38], "uv_size": [-5, -2]},
								"down": {"uv": [48, 38], "uv_size": [-5, -2]}
							}
						},
						{
							"origin": [-8.3, 27.15, 0.75],
							"size": [1.75, 2.5, 1.25],
							"pivot": [-0.3, 6.4, 0.25],
							"rotation": [0, 0, 17.5],
							"uv": {
								"north": {"uv": [43, 36], "uv_size": [5, 2]},
								"east": {"uv": [43, 36], "uv_size": [5, 2]},
								"south": {"uv": [43, 36], "uv_size": [5, 2]},
								"west": {"uv": [43, 36], "uv_size": [5, 2]},
								"up": {"uv": [48, 38], "uv_size": [-5, -2]},
								"down": {"uv": [48, 38], "uv_size": [-5, -2]}
							}
						},
						{
							"origin": [-2.55, 26.4, -0.5],
							"size": [5.5, 2.3, 0.5],
							"uv": {
								"north": {"uv": [49, 51], "uv_size": [7, 5]},
								"east": {"uv": [43, 36], "uv_size": [5, 2]},
								"south": {"uv": [43, 36], "uv_size": [5, 2]},
								"west": {"uv": [43, 36], "uv_size": [5, 2]},
								"up": {"uv": [48, 38], "uv_size": [-5, -2]},
								"down": {"uv": [48, 38], "uv_size": [-5, -2]}
							}
						},
						{
							"origin": [-1.8, 21.2, 1],
							"size": [4, 3.2, 1],
							"uv": {
								"north": {"uv": [57, 11], "uv_size": [6, 4]},
								"east": {"uv": [43, 36], "uv_size": [5, 2]},
								"south": {"uv": [43, 36], "uv_size": [5, 2]},
								"west": {"uv": [43, 36], "uv_size": [5, 2]},
								"up": {"uv": [48, 38], "uv_size": [-5, -2]},
								"down": {"uv": [48, 38], "uv_size": [-5, -2]}
							}
						}
					]
				},
				{
					"name": "rightArm",
					"pivot": [2.95, 27.9, 1.75],
					"cubes": [
						{
							"origin": [3.2, 26.4, 0.75],
							"size": [1.5, 2.25, 1.75],
							"uv": {
								"north": {"uv": [43, 36], "uv_size": [5, 2]},
								"east": {"uv": [43, 36], "uv_size": [5, 2]},
								"south": {"uv": [43, 36], "uv_size": [5, 2]},
								"west": {"uv": [43, 36], "uv_size": [5, 2]},
								"up": {"uv": [48, 38], "uv_size": [-5, -2]},
								"down": {"uv": [48, 38], "uv_size": [-5, -2]}
							}
						},
						{
							"origin": [3.2, 28.15, 1],
							"size": [1.25, 0.75, 1.25],
							"uv": {
								"north": {"uv": [43, 36], "uv_size": [5, 2]},
								"east": {"uv": [43, 36], "uv_size": [5, 2]},
								"south": {"uv": [43, 36], "uv_size": [5, 2]},
								"west": {"uv": [43, 36], "uv_size": [5, 2]},
								"up": {"uv": [48, 38], "uv_size": [-5, -2]},
								"down": {"uv": [48, 38], "uv_size": [-5, -2]}
							}
						},
						{
							"origin": [3.45, 26.65, 0.5],
							"size": [1, 1.75, 0.25],
							"uv": {
								"north": {"uv": [43, 36], "uv_size": [5, 2]},
								"east": {"uv": [43, 36], "uv_size": [5, 2]},
								"south": {"uv": [43, 36], "uv_size": [5, 2]},
								"west": {"uv": [43, 36], "uv_size": [5, 2]},
								"up": {"uv": [48, 38], "uv_size": [-5, -2]},
								"down": {"uv": [48, 38], "uv_size": [-5, -2]}
							}
						},
						{
							"origin": [3.45, 26.65, 2.5],
							"size": [1, 1.75, 0.25],
							"uv": {
								"north": {"uv": [43, 36], "uv_size": [5, 2]},
								"east": {"uv": [43, 36], "uv_size": [5, 2]},
								"south": {"uv": [43, 36], "uv_size": [5, 2]},
								"west": {"uv": [43, 36], "uv_size": [5, 2]},
								"up": {"uv": [48, 38], "uv_size": [-5, -2]},
								"down": {"uv": [48, 38], "uv_size": [-5, -2]}
							}
						}
					]
				},
				{
					"name": "bone5",
					"parent": "rightArm",
					"pivot": [4.2, 27.15, 1.75],
					"cubes": [
						{
							"origin": [4.17328, 26.5469, 1],
							"size": [2.5, 1.75, 1.25],
							"pivot": [4.45, 27.4, 2],
							"rotation": [0, 0, 35],
							"uv": {
								"north": {"uv": [43, 36], "uv_size": [5, 2]},
								"east": {"uv": [43, 36], "uv_size": [5, 2]},
								"south": {"uv": [43, 36], "uv_size": [5, 2]},
								"west": {"uv": [43, 36], "uv_size": [5, 2]},
								"up": {"uv": [48, 38], "uv_size": [-5, -2]},
								"down": {"uv": [48, 38], "uv_size": [-5, -2]}
							}
						},
						{
							"origin": [-7.8, 25.15, 0.75],
							"size": [1.5, 1.25, 0.25],
							"pivot": [0.7, 6.4, 0.5],
							"rotation": [0, 0, 35],
							"uv": {
								"north": {"uv": [43, 36], "uv_size": [5, 2]},
								"east": {"uv": [43, 36], "uv_size": [5, 2]},
								"south": {"uv": [43, 36], "uv_size": [5, 2]},
								"west": {"uv": [43, 36], "uv_size": [5, 2]},
								"up": {"uv": [48, 38], "uv_size": [-5, -2]},
								"down": {"uv": [48, 38], "uv_size": [-5, -2]}
							}
						},
						{
							"origin": [-7.8, 25.15, 2.25],
							"size": [1.5, 1.25, 0.25],
							"pivot": [0.7, 6.4, 0.5],
							"rotation": [0, 0, 35],
							"uv": {
								"north": {"uv": [43, 36], "uv_size": [5, 2]},
								"east": {"uv": [43, 36], "uv_size": [5, 2]},
								"south": {"uv": [43, 36], "uv_size": [5, 2]},
								"west": {"uv": [43, 36], "uv_size": [5, 2]},
								"up": {"uv": [48, 38], "uv_size": [-5, -2]},
								"down": {"uv": [48, 38], "uv_size": [-5, -2]}
							}
						}
					]
				},
				{
					"name": "bone6",
					"parent": "rightArm",
					"pivot": [5.95, 26.15, 1.75],
					"cubes": [
						{
							"origin": [6.22716, 25.18402, 1.25],
							"size": [4, 1.5, 1],
							"pivot": [6.45, 26.4, 1.75],
							"rotation": [0, 0, 67.5],
							"uv": {
								"north": {"uv": [43, 36], "uv_size": [5, 2]},
								"east": {"uv": [43, 36], "uv_size": [5, 2]},
								"south": {"uv": [43, 36], "uv_size": [5, 2]},
								"west": {"uv": [43, 36], "uv_size": [5, 2]},
								"up": {"uv": [63, 14], "uv_size": [-5, -2]},
								"down": {"uv": [48, 38], "uv_size": [-5, -2]}
							}
						},
						{
							"origin": [-15.05, 18.4, 1],
							"size": [3, 1, 0.25],
							"pivot": [0.7, 6.4, 0.5],
							"rotation": [0, 0, 67.5],
							"uv": {
								"north": {"uv": [43, 36], "uv_size": [5, 2]},
								"east": {"uv": [43, 36], "uv_size": [5, 2]},
								"south": {"uv": [43, 36], "uv_size": [5, 2]},
								"west": {"uv": [43, 36], "uv_size": [5, 2]},
								"up": {"uv": [48, 38], "uv_size": [-5, -2]},
								"down": {"uv": [48, 38], "uv_size": [-5, -2]}
							}
						},
						{
							"origin": [-15.05, 18.4, 2.25],
							"size": [3, 1, 0.25],
							"pivot": [0.7, 6.4, 0.5],
							"rotation": [0, 0, 67.5],
							"uv": {
								"north": {"uv": [43, 36], "uv_size": [5, 2]},
								"east": {"uv": [43, 36], "uv_size": [5, 2]},
								"south": {"uv": [43, 36], "uv_size": [5, 2]},
								"west": {"uv": [43, 36], "uv_size": [5, 2]},
								"up": {"uv": [48, 38], "uv_size": [-5, -2]},
								"down": {"uv": [48, 38], "uv_size": [-5, -2]}
							}
						}
					]
				},
				{
					"name": "bone7",
					"parent": "rightArm",
					"pivot": [7.7, 22.65, 2.25],
					"cubes": [
						{
							"origin": [-15.8, 12.65, 1.25],
							"size": [6.9, 1.25, 1],
							"pivot": [0.7, 6.4, 0.5],
							"rotation": [0, 0, 90],
							"uv": {
								"north": {"uv": [43, 36], "uv_size": [5, 2]},
								"east": {"uv": [43, 36], "uv_size": [5, 2]},
								"south": {"uv": [43, 36], "uv_size": [5, 2]},
								"west": {"uv": [43, 36], "uv_size": [5, 2]},
								"up": {"uv": [48, 38], "uv_size": [-5, -2]},
								"down": {"uv": [48, 38], "uv_size": [-5, -2]}
							}
						}
					]
				},
				{
					"name": "bone8",
					"parent": "rightArm",
					"pivot": [7.45, 16.15, 1.75],
					"cubes": [
						{
							"origin": [-12.2, 10.5, 0.75],
							"size": [1.75, 0.5, 2],
							"pivot": [0.3, 3.5, 0.5],
							"rotation": [0, 0, 90],
							"uv": {
								"north": {"uv": [43, 36], "uv_size": [5, 2]},
								"east": {"uv": [43, 36], "uv_size": [5, 2]},
								"south": {"uv": [43, 36], "uv_size": [5, 2]},
								"west": {"uv": [43, 36], "uv_size": [5, 2]},
								"up": {"uv": [57, 54], "uv_size": [-5, -4]},
								"down": {"uv": [48, 38], "uv_size": [-5, -2]}
							}
						}
					]
				},
				{
					"name": "bone9",
					"parent": "bone8",
					"pivot": [7.45, 14.4, 1],
					"cubes": [
						{
							"origin": [-12.2, 12.25, 0.75],
							"size": [1.25, 0.5, 0.5],
							"pivot": [-1.45, 5.25, 0.5],
							"rotation": [0, 0, 100],
							"uv": {
								"north": {"uv": [43, 36], "uv_size": [5, 2]},
								"east": {"uv": [43, 36], "uv_size": [5, 2]},
								"south": {"uv": [43, 36], "uv_size": [5, 2]},
								"west": {"uv": [43, 36], "uv_size": [5, 2]},
								"up": {"uv": [48, 38], "uv_size": [-5, -2]},
								"down": {"uv": [48, 38], "uv_size": [-5, -2]}
							}
						}
					]
				},
				{
					"name": "bone12",
					"parent": "bone9",
					"pivot": [7.45, 13.4, 1],
					"cubes": [
						{
							"origin": [-13.45, 3.25, 0.75],
							"size": [1, 0.5, 0.5],
							"pivot": [-1.45, 5.25, 0.5],
							"rotation": [0, 0, 145],
							"uv": {
								"north": {"uv": [43, 36], "uv_size": [5, 2]},
								"east": {"uv": [43, 36], "uv_size": [5, 2]},
								"south": {"uv": [43, 36], "uv_size": [5, 2]},
								"west": {"uv": [43, 36], "uv_size": [5, 2]},
								"up": {"uv": [48, 38], "uv_size": [-5, -2]},
								"down": {"uv": [48, 38], "uv_size": [-5, -2]}
							}
						}
					]
				},
				{
					"name": "bone14",
					"parent": "bone12",
					"pivot": [6.45, 13.15, 1.25],
					"cubes": [
						{
							"origin": [-12.45, 3.25, 0.75],
							"size": [0.5, 0.25, 0.5],
							"pivot": [-1.45, 5.25, 0.5],
							"rotation": [0, 0, 145],
							"uv": {
								"north": {"uv": [228, 90], "uv_size": [3, 3]},
								"east": {"uv": [228, 90], "uv_size": [3, 3]},
								"south": {"uv": [228, 90], "uv_size": [3, 3]},
								"west": {"uv": [228, 90], "uv_size": [3, 3]},
								"up": {"uv": [231, 93], "uv_size": [-3, -3]},
								"down": {"uv": [231, 93], "uv_size": [-3, -3]}
							}
						},
						{
							"origin": [-11.95, 3.25, 0.75],
							"size": [0.25, 0, 0.5],
							"pivot": [-1.45, 5.25, 0.5],
							"rotation": [0, 0, 145],
							"uv": {
								"north": {"uv": [228, 90], "uv_size": [3, 3]},
								"east": {"uv": [228, 90], "uv_size": [3, 3]},
								"south": {"uv": [228, 90], "uv_size": [3, 3]},
								"west": {"uv": [228, 90], "uv_size": [3, 3]},
								"up": {"uv": [231, 93], "uv_size": [-3, -3]},
								"down": {"uv": [231, 93], "uv_size": [-3, -3]}
							}
						}
					]
				},
				{
					"name": "bone10",
					"parent": "bone8",
					"pivot": [7.7, 14.15, 1.75],
					"cubes": [
						{
							"origin": [-12.2, 12.25, 1.5],
							"size": [1.25, 0.5, 0.5],
							"pivot": [-1.45, 5.25, 1.25],
							"rotation": [0, 0, 100],
							"uv": {
								"north": {"uv": [43, 36], "uv_size": [5, 2]},
								"east": {"uv": [43, 36], "uv_size": [5, 2]},
								"south": {"uv": [43, 36], "uv_size": [5, 2]},
								"west": {"uv": [43, 36], "uv_size": [5, 2]},
								"up": {"uv": [48, 38], "uv_size": [-5, -2]},
								"down": {"uv": [48, 38], "uv_size": [-5, -2]}
							}
						}
					]
				},
				{
					"name": "bone15",
					"parent": "bone10",
					"pivot": [7.2, 13.4, 1.75],
					"cubes": [
						{
							"origin": [-13.45, 3.25, 1.5],
							"size": [1, 0.5, 0.5],
							"pivot": [-1.45, 5.25, 1.25],
							"rotation": [0, 0, 145],
							"uv": {
								"north": {"uv": [43, 36], "uv_size": [5, 2]},
								"east": {"uv": [43, 36], "uv_size": [5, 2]},
								"south": {"uv": [43, 36], "uv_size": [5, 2]},
								"west": {"uv": [43, 36], "uv_size": [5, 2]},
								"up": {"uv": [48, 38], "uv_size": [-5, -2]},
								"down": {"uv": [48, 38], "uv_size": [-5, -2]}
							}
						}
					]
				},
				{
					"name": "bone16",
					"parent": "bone15",
					"pivot": [6.7, 13, 1.75],
					"cubes": [
						{
							"origin": [-12.45, 3.25, 1.5],
							"size": [0.5, 0.25, 0.5],
							"pivot": [-1.45, 5.25, 0.5],
							"rotation": [0, 0, 145],
							"uv": {
								"north": {"uv": [228, 90], "uv_size": [3, 3]},
								"east": {"uv": [228, 90], "uv_size": [3, 3]},
								"south": {"uv": [228, 90], "uv_size": [3, 3]},
								"west": {"uv": [228, 90], "uv_size": [3, 3]},
								"up": {"uv": [231, 93], "uv_size": [-3, -3]},
								"down": {"uv": [231, 93], "uv_size": [-3, -3]}
							}
						},
						{
							"origin": [-11.95, 3.25, 1.5],
							"size": [0.25, 0, 0.5],
							"pivot": [-1.45, 5.25, 0.5],
							"rotation": [0, 0, 145],
							"uv": {
								"north": {"uv": [228, 90], "uv_size": [3, 3]},
								"east": {"uv": [228, 90], "uv_size": [3, 3]},
								"south": {"uv": [228, 90], "uv_size": [3, 3]},
								"west": {"uv": [228, 90], "uv_size": [3, 3]},
								"up": {"uv": [231, 93], "uv_size": [-3, -3]},
								"down": {"uv": [231, 93], "uv_size": [-3, -3]}
							}
						}
					]
				},
				{
					"name": "bone11",
					"parent": "bone8",
					"pivot": [7.45, 14.4, 2.5],
					"cubes": [
						{
							"origin": [-12.2, 12.25, 2.25],
							"size": [1.25, 0.5, 0.5],
							"pivot": [-1.45, 5.25, 2],
							"rotation": [0, 0, 100],
							"uv": {
								"north": {"uv": [43, 36], "uv_size": [5, 2]},
								"east": {"uv": [43, 36], "uv_size": [5, 2]},
								"south": {"uv": [43, 36], "uv_size": [5, 2]},
								"west": {"uv": [43, 36], "uv_size": [5, 2]},
								"up": {"uv": [48, 38], "uv_size": [-5, -2]},
								"down": {"uv": [48, 38], "uv_size": [-5, -2]}
							}
						}
					]
				},
				{
					"name": "bone13",
					"parent": "bone11",
					"pivot": [7.45, 13.4, 2.5],
					"cubes": [
						{
							"origin": [-13.45, 3.25, 2.25],
							"size": [1, 0.5, 0.5],
							"pivot": [-1.45, 5.25, 2],
							"rotation": [0, 0, 145],
							"uv": {
								"north": {"uv": [43, 36], "uv_size": [5, 2]},
								"east": {"uv": [43, 36], "uv_size": [5, 2]},
								"south": {"uv": [43, 36], "uv_size": [5, 2]},
								"west": {"uv": [43, 36], "uv_size": [5, 2]},
								"up": {"uv": [48, 38], "uv_size": [-5, -2]},
								"down": {"uv": [48, 38], "uv_size": [-5, -2]}
							}
						}
					]
				},
				{
					"name": "bone17",
					"parent": "bone13",
					"pivot": [6.45, 13.15, 2.5],
					"cubes": [
						{
							"origin": [-12.45, 3.25, 2.25],
							"size": [0.5, 0.25, 0.5],
							"pivot": [-1.45, 5.25, 0.5],
							"rotation": [0, 0, 145],
							"uv": {
								"north": {"uv": [228, 90], "uv_size": [3, 3]},
								"east": {"uv": [228, 90], "uv_size": [3, 3]},
								"south": {"uv": [228, 90], "uv_size": [3, 3]},
								"west": {"uv": [228, 90], "uv_size": [3, 3]},
								"up": {"uv": [231, 93], "uv_size": [-3, -3]},
								"down": {"uv": [231, 93], "uv_size": [-3, -3]}
							}
						},
						{
							"origin": [-11.95, 3.25, 2.25],
							"size": [0.25, 0, 0.5],
							"pivot": [-1.45, 5.25, 0.5],
							"rotation": [0, 0, 145],
							"uv": {
								"north": {"uv": [228, 90], "uv_size": [3, 3]},
								"east": {"uv": [228, 90], "uv_size": [3, 3]},
								"south": {"uv": [228, 90], "uv_size": [3, 3]},
								"west": {"uv": [228, 90], "uv_size": [3, 3]},
								"up": {"uv": [231, 93], "uv_size": [-3, -3]},
								"down": {"uv": [231, 93], "uv_size": [-3, -3]}
							}
						}
					]
				},
				{
					"name": "bone18",
					"parent": "bone8",
					"pivot": [6.95, 15.65, 1],
					"cubes": [
						{
							"origin": [7.4773, 15.34632, 0.61216],
							"size": [1, 0.5, 0.25],
							"pivot": [7.55, 15.75, 1],
							"rotation": [0, 7.5, 120],
							"uv": {
								"north": {"uv": [43, 36], "uv_size": [5, 2]},
								"east": {"uv": [43, 36], "uv_size": [5, 2]},
								"south": {"uv": [43, 36], "uv_size": [5, 2]},
								"west": {"uv": [43, 36], "uv_size": [5, 2]},
								"up": {"uv": [48, 38], "uv_size": [-5, -2]},
								"down": {"uv": [48, 38], "uv_size": [-5, -2]}
							}
						}
					]
				},
				{
					"name": "bone19",
					"parent": "bone18",
					"pivot": [6.95, 15.15, 0.75],
					"cubes": [
						{
							"origin": [7.05285, 14.65433, 0.49261],
							"size": [1, 0.5, 0.25],
							"pivot": [7.05, 15, 0.75],
							"rotation": [0, 7.5, 120],
							"uv": {
								"north": {"uv": [43, 36], "uv_size": [5, 2]},
								"east": {"uv": [43, 36], "uv_size": [5, 2]},
								"south": {"uv": [43, 36], "uv_size": [5, 2]},
								"west": {"uv": [43, 36], "uv_size": [5, 2]},
								"up": {"uv": [48, 38], "uv_size": [-5, -2]},
								"down": {"uv": [48, 38], "uv_size": [-5, -2]}
							}
						},
						{
							"origin": [6.62839, 13.96234, 0.37306],
							"size": [0.5, 0.5, 0.25],
							"pivot": [6.55, 14.25, 0.5],
							"rotation": [0, 7.5, 120],
							"uv": {
								"north": {"uv": [228, 90], "uv_size": [3, 3]},
								"east": {"uv": [228, 90], "uv_size": [3, 3]},
								"south": {"uv": [228, 90], "uv_size": [3, 3]},
								"west": {"uv": [228, 90], "uv_size": [3, 3]},
								"up": {"uv": [231, 93], "uv_size": [-3, -3]},
								"down": {"uv": [231, 93], "uv_size": [-3, -3]}
							}
						},
						{
							"origin": [-11.45, 3.25, -1],
							"size": [0.25, 0.5, 0],
							"pivot": [0.3, 3.5, 0.5],
							"rotation": [0, 7.5, 120],
							"uv": {
								"north": {"uv": [228, 90], "uv_size": [3, 3]},
								"east": {"uv": [228, 90], "uv_size": [3, 3]},
								"south": {"uv": [228, 90], "uv_size": [3, 3]},
								"west": {"uv": [228, 90], "uv_size": [3, 3]},
								"up": {"uv": [231, 93], "uv_size": [-3, -3]},
								"down": {"uv": [231, 93], "uv_size": [-3, -3]}
							}
						}
					]
				},
				{
					"name": "leftArm",
					"pivot": [-2.75, 27.9, 1.5],
					"rotation": [-180, -90, 180],
					"cubes": [
						{
							"origin": [-3.5, 26.4, 1],
							"size": [1.75, 2.25, 1.5],
							"uv": {
								"north": {"uv": [43, 36], "uv_size": [5, 2]},
								"east": {"uv": [43, 36], "uv_size": [5, 2]},
								"south": {"uv": [43, 36], "uv_size": [5, 2]},
								"west": {"uv": [43, 36], "uv_size": [5, 2]},
								"up": {"uv": [48, 38], "uv_size": [-5, -2]},
								"down": {"uv": [48, 38], "uv_size": [-5, -2]}
							}
						},
						{
							"origin": [-3.25, 28.15, 1],
							"size": [1.25, 0.75, 1.25],
							"uv": {
								"north": {"uv": [43, 36], "uv_size": [5, 2]},
								"east": {"uv": [43, 36], "uv_size": [5, 2]},
								"south": {"uv": [43, 36], "uv_size": [5, 2]},
								"west": {"uv": [43, 36], "uv_size": [5, 2]},
								"up": {"uv": [48, 38], "uv_size": [-5, -2]},
								"down": {"uv": [48, 38], "uv_size": [-5, -2]}
							}
						},
						{
							"origin": [-1.75, 26.65, 1.25],
							"size": [0.25, 1.75, 1],
							"uv": {
								"north": {"uv": [43, 36], "uv_size": [5, 2]},
								"east": {"uv": [43, 36], "uv_size": [5, 2]},
								"south": {"uv": [43, 36], "uv_size": [5, 2]},
								"west": {"uv": [43, 36], "uv_size": [5, 2]},
								"up": {"uv": [48, 38], "uv_size": [-5, -2]},
								"down": {"uv": [48, 38], "uv_size": [-5, -2]}
							}
						},
						{
							"origin": [-3.75, 26.65, 1.25],
							"size": [0.25, 1.75, 1],
							"uv": {
								"north": {"uv": [43, 36], "uv_size": [5, 2]},
								"east": {"uv": [43, 36], "uv_size": [5, 2]},
								"south": {"uv": [43, 36], "uv_size": [5, 2]},
								"west": {"uv": [43, 36], "uv_size": [5, 2]},
								"up": {"uv": [48, 38], "uv_size": [-5, -2]},
								"down": {"uv": [48, 38], "uv_size": [-5, -2]}
							}
						}
					]
				},
				{
					"name": "bone23",
					"parent": "leftArm",
					"pivot": [-2.75, 15.9, 5.25],
					"cubes": [
						{
							"origin": [-3.75, 13, -11.1],
							"size": [2, 0.5, 1.75],
							"pivot": [-1.5, 6.4, -1.5],
							"rotation": [-90, 0, 0],
							"uv": {
								"north": {"uv": [43, 36], "uv_size": [5, 2]},
								"east": {"uv": [43, 36], "uv_size": [5, 2]},
								"south": {"uv": [43, 36], "uv_size": [5, 2]},
								"west": {"uv": [43, 36], "uv_size": [5, 2]},
								"up": {"uv": [48, 38], "uv_size": [-5, -2]},
								"down": {"uv": [48, 38], "uv_size": [-5, -2]}
							}
						}
					]
				},
				{
					"name": "bone24",
					"parent": "bone23",
					"pivot": [-3.5, 14.4, 5.25],
					"cubes": [
						{
							"origin": [-3.75, 15.25966, -11.0746],
							"size": [0.5, 0.5, 1.25],
							"pivot": [-3, 8.15, -3.25],
							"rotation": [-100, 0, 0],
							"uv": {
								"north": {"uv": [43, 36], "uv_size": [5, 2]},
								"east": {"uv": [43, 36], "uv_size": [5, 2]},
								"south": {"uv": [43, 36], "uv_size": [5, 2]},
								"west": {"uv": [43, 36], "uv_size": [5, 2]},
								"up": {"uv": [48, 38], "uv_size": [-5, -2]},
								"down": {"uv": [48, 38], "uv_size": [-5, -2]}
							}
						}
					]
				},
				{
					"name": "bone27",
					"parent": "bone24",
					"pivot": [-3.5, 13.4, 5],
					"cubes": [
						{
							"origin": [-3.75, 8.29611, -13.25897],
							"size": [0.5, 0.5, 1],
							"pivot": [-3, 8.15, -3.25],
							"rotation": [-145, 0, 0],
							"uv": {
								"north": {"uv": [43, 36], "uv_size": [5, 2]},
								"east": {"uv": [43, 36], "uv_size": [5, 2]},
								"south": {"uv": [43, 36], "uv_size": [5, 2]},
								"west": {"uv": [43, 36], "uv_size": [5, 2]},
								"up": {"uv": [48, 38], "uv_size": [-5, -2]},
								"down": {"uv": [48, 38], "uv_size": [-5, -2]}
							}
						}
					]
				},
				{
					"name": "bone28",
					"parent": "bone27",
					"pivot": [-3.5, 13.15, 4.5],
					"cubes": [
						{
							"origin": [-3.75, 8.29611, -12.25897],
							"size": [0.5, 0.25, 0.5],
							"pivot": [-1.5, 8.15, -3.25],
							"rotation": [-145, 0, 0],
							"uv": {
								"north": {"uv": [228, 90], "uv_size": [3, 3]},
								"east": {"uv": [228, 90], "uv_size": [3, 3]},
								"south": {"uv": [228, 90], "uv_size": [3, 3]},
								"west": {"uv": [228, 90], "uv_size": [3, 3]},
								"up": {"uv": [231, 93], "uv_size": [-3, -3]},
								"down": {"uv": [231, 93], "uv_size": [-3, -3]}
							}
						},
						{
							"origin": [-3.75, 8.29611, -11.75897],
							"size": [0.5, 0, 0.25],
							"pivot": [-1.5, 8.15, -3.25],
							"rotation": [-145, 0, 0],
							"uv": {
								"north": {"uv": [228, 90], "uv_size": [3, 3]},
								"east": {"uv": [228, 90], "uv_size": [3, 3]},
								"south": {"uv": [228, 90], "uv_size": [3, 3]},
								"west": {"uv": [228, 90], "uv_size": [3, 3]},
								"up": {"uv": [231, 93], "uv_size": [-3, -3]},
								"down": {"uv": [231, 93], "uv_size": [-3, -3]}
							}
						}
					]
				},
				{
					"name": "bone25",
					"parent": "bone23",
					"pivot": [-2.75, 14.4, 5.25],
					"cubes": [
						{
							"origin": [-3, 15.25966, -11.0746],
							"size": [0.5, 0.5, 1.25],
							"pivot": [-2.25, 8.15, -3.25],
							"rotation": [-100, 0, 0],
							"uv": {
								"north": {"uv": [43, 36], "uv_size": [5, 2]},
								"east": {"uv": [43, 36], "uv_size": [5, 2]},
								"south": {"uv": [43, 36], "uv_size": [5, 2]},
								"west": {"uv": [43, 36], "uv_size": [5, 2]},
								"up": {"uv": [48, 38], "uv_size": [-5, -2]},
								"down": {"uv": [48, 38], "uv_size": [-5, -2]}
							}
						}
					]
				},
				{
					"name": "bone29",
					"parent": "bone25",
					"pivot": [-2.75, 13.4, 4.75],
					"cubes": [
						{
							"origin": [-3, 8.29611, -13.25897],
							"size": [0.5, 0.5, 1],
							"pivot": [-2.25, 8.15, -3.25],
							"rotation": [-145, 0, 0],
							"uv": {
								"north": {"uv": [43, 36], "uv_size": [5, 2]},
								"east": {"uv": [43, 36], "uv_size": [5, 2]},
								"south": {"uv": [43, 36], "uv_size": [5, 2]},
								"west": {"uv": [43, 36], "uv_size": [5, 2]},
								"up": {"uv": [48, 38], "uv_size": [-5, -2]},
								"down": {"uv": [48, 38], "uv_size": [-5, -2]}
							}
						}
					]
				},
				{
					"name": "bone30",
					"parent": "bone29",
					"pivot": [-2.75, 12.9, 4.25],
					"cubes": [
						{
							"origin": [-3, 8.29611, -11.75897],
							"size": [0.5, 0, 0.25],
							"pivot": [-1.5, 8.15, -3.25],
							"rotation": [-145, 0, 0],
							"uv": {
								"north": {"uv": [228, 90], "uv_size": [3, 3]},
								"east": {"uv": [228, 90], "uv_size": [3, 3]},
								"south": {"uv": [228, 90], "uv_size": [3, 3]},
								"west": {"uv": [228, 90], "uv_size": [3, 3]},
								"up": {"uv": [231, 93], "uv_size": [-3, -3]},
								"down": {"uv": [231, 93], "uv_size": [-3, -3]}
							}
						},
						{
							"origin": [-3, 8.29611, -12.25897],
							"size": [0.5, 0.25, 0.5],
							"pivot": [-1.5, 8.15, -3.25],
							"rotation": [-145, 0, 0],
							"uv": {
								"north": {"uv": [228, 90], "uv_size": [3, 3]},
								"east": {"uv": [228, 90], "uv_size": [3, 3]},
								"south": {"uv": [228, 90], "uv_size": [3, 3]},
								"west": {"uv": [228, 90], "uv_size": [3, 3]},
								"up": {"uv": [231, 93], "uv_size": [-3, -3]},
								"down": {"uv": [231, 93], "uv_size": [-3, -3]}
							}
						}
					]
				},
				{
					"name": "bone26",
					"parent": "bone23",
					"pivot": [-2, 14.15, 5.25],
					"cubes": [
						{
							"origin": [-2.25, 15.25966, -11.0746],
							"size": [0.5, 0.5, 1.25],
							"pivot": [-1.5, 8.15, -3.25],
							"rotation": [-100, 0, 0],
							"uv": {
								"north": {"uv": [43, 36], "uv_size": [5, 2]},
								"east": {"uv": [43, 36], "uv_size": [5, 2]},
								"south": {"uv": [43, 36], "uv_size": [5, 2]},
								"west": {"uv": [43, 36], "uv_size": [5, 2]},
								"up": {"uv": [48, 38], "uv_size": [-5, -2]},
								"down": {"uv": [48, 38], "uv_size": [-5, -2]}
							}
						}
					]
				},
				{
					"name": "bone31",
					"parent": "bone26",
					"pivot": [-2, 13.4, 5.25],
					"cubes": [
						{
							"origin": [-2.25, 8.29611, -13.25897],
							"size": [0.5, 0.5, 1],
							"pivot": [-1.5, 8.15, -3.25],
							"rotation": [-145, 0, 0],
							"uv": {
								"north": {"uv": [43, 36], "uv_size": [5, 2]},
								"east": {"uv": [43, 36], "uv_size": [5, 2]},
								"south": {"uv": [43, 36], "uv_size": [5, 2]},
								"west": {"uv": [43, 36], "uv_size": [5, 2]},
								"up": {"uv": [48, 38], "uv_size": [-5, -2]},
								"down": {"uv": [48, 38], "uv_size": [-5, -2]}
							}
						}
					]
				},
				{
					"name": "bone32",
					"parent": "bone31",
					"pivot": [-2, 13.15, 4.5],
					"cubes": [
						{
							"origin": [-2.25, 8.29611, -11.75897],
							"size": [0.5, 0, 0.25],
							"pivot": [-1.5, 8.15, -3.25],
							"rotation": [-145, 0, 0],
							"uv": {
								"north": {"uv": [228, 90], "uv_size": [3, 3]},
								"east": {"uv": [228, 90], "uv_size": [3, 3]},
								"south": {"uv": [228, 90], "uv_size": [3, 3]},
								"west": {"uv": [228, 90], "uv_size": [3, 3]},
								"up": {"uv": [231, 93], "uv_size": [-3, -3]},
								"down": {"uv": [231, 93], "uv_size": [-3, -3]}
							}
						},
						{
							"origin": [-2.25, 8.29611, -12.25897],
							"size": [0.5, 0.25, 0.5],
							"pivot": [-1.5, 8.15, -3.25],
							"rotation": [-145, 0, 0],
							"uv": {
								"north": {"uv": [228, 90], "uv_size": [3, 3]},
								"east": {"uv": [228, 90], "uv_size": [3, 3]},
								"south": {"uv": [228, 90], "uv_size": [3, 3]},
								"west": {"uv": [228, 90], "uv_size": [3, 3]},
								"up": {"uv": [231, 93], "uv_size": [-3, -3]},
								"down": {"uv": [231, 93], "uv_size": [-3, -3]}
							}
						}
					]
				},
				{
					"name": "bone33",
					"parent": "bone23",
					"pivot": [-3.5, 15.65, 5.25],
					"cubes": [
						{
							"origin": [-4.74779, 7.00655, -13.04024],
							"size": [0.25, 0.5, 1],
							"pivot": [-1.5, 6.4, -1.5],
							"rotation": [-120, 7.5, 0],
							"uv": {
								"north": {"uv": [43, 36], "uv_size": [5, 2]},
								"east": {"uv": [43, 36], "uv_size": [5, 2]},
								"south": {"uv": [43, 36], "uv_size": [5, 2]},
								"west": {"uv": [43, 36], "uv_size": [5, 2]},
								"up": {"uv": [48, 38], "uv_size": [-5, -2]},
								"down": {"uv": [48, 38], "uv_size": [-5, -2]}
							}
						}
					]
				},
				{
					"name": "bone34",
					"parent": "bone33",
					"pivot": [-3.75, 14.9, 4.75],
					"cubes": [
						{
							"origin": [-4.74779, 7.00655, -12.04024],
							"size": [0.25, 0.5, 1],
							"pivot": [-1.5, 6.4, -1.5],
							"rotation": [-120, 7.5, 0],
							"uv": {
								"north": {"uv": [43, 36], "uv_size": [5, 2]},
								"east": {"uv": [43, 36], "uv_size": [5, 2]},
								"south": {"uv": [43, 36], "uv_size": [5, 2]},
								"west": {"uv": [43, 36], "uv_size": [5, 2]},
								"up": {"uv": [48, 38], "uv_size": [-5, -2]},
								"down": {"uv": [48, 38], "uv_size": [-5, -2]}
							}
						},
						{
							"origin": [-4.74779, 7.00655, -11.04024],
							"size": [0.25, 0.5, 0.5],
							"pivot": [-1.5, 6.4, -1.5],
							"rotation": [-120, 7.5, 0],
							"uv": {
								"north": {"uv": [228, 90], "uv_size": [3, 3]},
								"east": {"uv": [228, 90], "uv_size": [3, 3]},
								"south": {"uv": [228, 90], "uv_size": [3, 3]},
								"west": {"uv": [228, 90], "uv_size": [3, 3]},
								"up": {"uv": [231, 93], "uv_size": [-3, -3]},
								"down": {"uv": [231, 93], "uv_size": [-3, -3]}
							}
						},
						{
							"origin": [-4.49779, 7.00655, -10.54024],
							"size": [0, 0.5, 0.25],
							"pivot": [-1.5, 6.4, -1.5],
							"rotation": [-120, 7.5, 0],
							"uv": {
								"north": {"uv": [228, 90], "uv_size": [3, 3]},
								"east": {"uv": [228, 90], "uv_size": [3, 3]},
								"south": {"uv": [228, 90], "uv_size": [3, 3]},
								"west": {"uv": [228, 90], "uv_size": [3, 3]},
								"up": {"uv": [231, 93], "uv_size": [-3, -3]},
								"down": {"uv": [231, 93], "uv_size": [-3, -3]}
							}
						}
					]
				},
				{
					"name": "bone20",
					"parent": "leftArm",
					"pivot": [-2.5, 27.15, 2.25],
					"cubes": [
						{
							"origin": [-3.25, 24.9, -10.75],
							"size": [1.25, 1.75, 2.5],
							"pivot": [-1.5, 6.4, -1.5],
							"rotation": [-35, 0, 0],
							"uv": {
								"north": {"uv": [43, 36], "uv_size": [5, 2]},
								"east": {"uv": [43, 36], "uv_size": [5, 2]},
								"south": {"uv": [43, 36], "uv_size": [5, 2]},
								"west": {"uv": [43, 36], "uv_size": [5, 2]},
								"up": {"uv": [48, 38], "uv_size": [-5, -2]},
								"down": {"uv": [48, 38], "uv_size": [-5, -2]}
							}
						},
						{
							"origin": [-3.5, 25.15, -10],
							"size": [0.25, 1.25, 1.5],
							"pivot": [-1.5, 6.4, -1.5],
							"rotation": [-35, 0, 0],
							"uv": {
								"north": {"uv": [43, 36], "uv_size": [5, 2]},
								"east": {"uv": [43, 36], "uv_size": [5, 2]},
								"south": {"uv": [43, 36], "uv_size": [5, 2]},
								"west": {"uv": [43, 36], "uv_size": [5, 2]},
								"up": {"uv": [48, 38], "uv_size": [-5, -2]},
								"down": {"uv": [48, 38], "uv_size": [-5, -2]}
							}
						},
						{
							"origin": [-2, 25.15, -10],
							"size": [0.25, 1.25, 1.5],
							"pivot": [-1.5, 6.4, -1.5],
							"rotation": [-35, 0, 0],
							"uv": {
								"north": {"uv": [43, 36], "uv_size": [5, 2]},
								"east": {"uv": [43, 36], "uv_size": [5, 2]},
								"south": {"uv": [43, 36], "uv_size": [5, 2]},
								"west": {"uv": [43, 36], "uv_size": [5, 2]},
								"up": {"uv": [48, 38], "uv_size": [-5, -2]},
								"down": {"uv": [48, 38], "uv_size": [-5, -2]}
							}
						}
					]
				},
				{
					"name": "bone21",
					"parent": "leftArm",
					"pivot": [-2.75, 25.9, 4],
					"cubes": [
						{
							"origin": [-3.25, 18.15, -18],
							"size": [1, 1.5, 4],
							"pivot": [-1.5, 6.4, -1.5],
							"rotation": [-67.5, 0, 0],
							"uv": {
								"north": {"uv": [43, 36], "uv_size": [5, 2]},
								"east": {"uv": [43, 36], "uv_size": [5, 2]},
								"south": {"uv": [43, 36], "uv_size": [5, 2]},
								"west": {"uv": [43, 36], "uv_size": [5, 2]},
								"up": {"uv": [48, 38], "uv_size": [-5, -2]},
								"down": {"uv": [48, 38], "uv_size": [-5, -2]}
							}
						},
						{
							"origin": [-3.5, 18.4, -17.25],
							"size": [0.25, 1, 3],
							"pivot": [-1.5, 6.4, -1.5],
							"rotation": [-67.5, 0, 0],
							"uv": {
								"north": {"uv": [43, 36], "uv_size": [5, 2]},
								"east": {"uv": [43, 36], "uv_size": [5, 2]},
								"south": {"uv": [43, 36], "uv_size": [5, 2]},
								"west": {"uv": [43, 36], "uv_size": [5, 2]},
								"up": {"uv": [48, 38], "uv_size": [-5, -2]},
								"down": {"uv": [48, 38], "uv_size": [-5, -2]}
							}
						},
						{
							"origin": [-2.25, 18.4, -17.25],
							"size": [0.25, 1, 3],
							"pivot": [-1.5, 6.4, -1.5],
							"rotation": [-67.5, 0, 0],
							"uv": {
								"north": {"uv": [43, 36], "uv_size": [5, 2]},
								"east": {"uv": [43, 36], "uv_size": [5, 2]},
								"south": {"uv": [43, 36], "uv_size": [5, 2]},
								"west": {"uv": [43, 36], "uv_size": [5, 2]},
								"up": {"uv": [48, 38], "uv_size": [-5, -2]},
								"down": {"uv": [48, 38], "uv_size": [-5, -2]}
							}
						}
					]
				},
				{
					"name": "bone22",
					"parent": "leftArm",
					"pivot": [-2.75, 22.65, 5.25],
					"cubes": [
						{
							"origin": [-3.25, 12.65, -18],
							"size": [1, 1.25, 7],
							"pivot": [-1.5, 6.4, -1.5],
							"rotation": [-90, 0, 0],
							"uv": {
								"north": {"uv": [43, 36], "uv_size": [5, 2]},
								"east": {"uv": [58, 11], "uv_size": [5, 4]},
								"south": {"uv": [43, 36], "uv_size": [5, 2]},
								"west": {"uv": [43, 36], "uv_size": [5, 2]},
								"up": {"uv": [48, 38], "uv_size": [-5, -2]},
								"down": {"uv": [48, 38], "uv_size": [-5, -2]}
							}
						}
					]
				},
				{
					"name": "rightLeg",
					"pivot": [-1.5, 17, 2]
				},
				{
					"name": "bone35",
					"parent": "rightLeg",
					"pivot": [-2.75, 1.25, 1.5],
					"cubes": [
						{
							"origin": [-1.8, 0, 0.25],
							"size": [1.25, 1, 1],
							"uv": {
								"north": {"uv": [43, 36], "uv_size": [5, 2]},
								"east": {"uv": [43, 36], "uv_size": [5, 2]},
								"south": {"uv": [43, 36], "uv_size": [5, 2]},
								"west": {"uv": [43, 36], "uv_size": [5, 2]},
								"up": {"uv": [48, 38], "uv_size": [-5, -2]},
								"down": {"uv": [48, 38], "uv_size": [-5, -2]}
							}
						},
						{
							"origin": [-1.55, 0.25, -0.5],
							"size": [0.75, 0.75, 0.75],
							"uv": {
								"north": {"uv": [43, 36], "uv_size": [5, 2]},
								"east": {"uv": [43, 36], "uv_size": [5, 2]},
								"south": {"uv": [43, 36], "uv_size": [5, 2]},
								"west": {"uv": [43, 36], "uv_size": [5, 2]},
								"up": {"uv": [48, 38], "uv_size": [-5, -2]},
								"down": {"uv": [48, 38], "uv_size": [-5, -2]}
							}
						},
						{
							"origin": [-1.3, -2.5, -0.25],
							"size": [0.25, 1, 0.5],
							"pivot": [-3.3, 0, 2.5],
							"rotation": [-47.5, 0, 0],
							"uv": {
								"north": {"uv": [228, 90], "uv_size": [3, 3]},
								"east": {"uv": [228, 90], "uv_size": [3, 3]},
								"south": {"uv": [228, 90], "uv_size": [3, 3]},
								"west": {"uv": [228, 90], "uv_size": [3, 3]},
								"up": {"uv": [231, 93], "uv_size": [-3, -3]},
								"down": {"uv": [231, 93], "uv_size": [-3, -3]}
							}
						},
						{
							"origin": [-2.8, -2.5, -0.5],
							"size": [0.25, 1, 0.5],
							"pivot": [-4.8, 0, 2.25],
							"rotation": [-47.5, 0, 0],
							"uv": {
								"north": {"uv": [228, 90], "uv_size": [3, 3]},
								"east": {"uv": [228, 90], "uv_size": [3, 3]},
								"south": {"uv": [228, 90], "uv_size": [3, 3]},
								"west": {"uv": [228, 90], "uv_size": [3, 3]},
								"up": {"uv": [231, 93], "uv_size": [-3, -3]},
								"down": {"uv": [231, 93], "uv_size": [-3, -3]}
							}
						},
						{
							"origin": [-3.05, 0.25, -0.75],
							"size": [0.75, 0.75, 0.75],
							"uv": {
								"north": {"uv": [43, 36], "uv_size": [5, 2]},
								"east": {"uv": [43, 36], "uv_size": [5, 2]},
								"south": {"uv": [43, 36], "uv_size": [5, 2]},
								"west": {"uv": [43, 36], "uv_size": [5, 2]},
								"up": {"uv": [48, 38], "uv_size": [-5, -2]},
								"down": {"uv": [48, 38], "uv_size": [-5, -2]}
							}
						},
						{
							"origin": [-3.3, 0, 0],
							"size": [1.25, 1, 1],
							"uv": {
								"north": {"uv": [43, 36], "uv_size": [5, 2]},
								"east": {"uv": [43, 36], "uv_size": [5, 2]},
								"south": {"uv": [43, 36], "uv_size": [5, 2]},
								"west": {"uv": [43, 36], "uv_size": [5, 2]},
								"up": {"uv": [48, 38], "uv_size": [-5, -2]},
								"down": {"uv": [48, 38], "uv_size": [-5, -2]}
							}
						},
						{
							"origin": [-5.05, 0, 1.25],
							"size": [1.25, 1.25, 1],
							"uv": {
								"north": {"uv": [43, 36], "uv_size": [5, 2]},
								"east": {"uv": [43, 36], "uv_size": [5, 2]},
								"south": {"uv": [43, 36], "uv_size": [5, 2]},
								"west": {"uv": [43, 36], "uv_size": [5, 2]},
								"up": {"uv": [48, 38], "uv_size": [-5, -2]},
								"down": {"uv": [48, 38], "uv_size": [-5, -2]}
							}
						},
						{
							"origin": [-3.3, 0, 1],
							"size": [1.25, 1.25, 1],
							"uv": {
								"north": {"uv": [43, 36], "uv_size": [5, 2]},
								"east": {"uv": [43, 36], "uv_size": [5, 2]},
								"south": {"uv": [43, 36], "uv_size": [5, 2]},
								"west": {"uv": [43, 36], "uv_size": [5, 2]},
								"up": {"uv": [48, 38], "uv_size": [-5, -2]},
								"down": {"uv": [48, 38], "uv_size": [-5, -2]}
							}
						},
						{
							"origin": [-4.8, 0, 0.25],
							"size": [1.25, 1, 1],
							"uv": {
								"north": {"uv": [43, 36], "uv_size": [5, 2]},
								"east": {"uv": [43, 36], "uv_size": [5, 2]},
								"south": {"uv": [43, 36], "uv_size": [5, 2]},
								"west": {"uv": [43, 36], "uv_size": [5, 2]},
								"up": {"uv": [48, 38], "uv_size": [-5, -2]},
								"down": {"uv": [48, 38], "uv_size": [-5, -2]}
							}
						},
						{
							"origin": [-4.55, 0.25, -0.5],
							"size": [0.75, 0.75, 0.75],
							"uv": {
								"north": {"uv": [43, 36], "uv_size": [5, 2]},
								"east": {"uv": [43, 36], "uv_size": [5, 2]},
								"south": {"uv": [43, 36], "uv_size": [5, 2]},
								"west": {"uv": [43, 36], "uv_size": [5, 2]},
								"up": {"uv": [48, 38], "uv_size": [-5, -2]},
								"down": {"uv": [48, 38], "uv_size": [-5, -2]}
							}
						},
						{
							"origin": [-4.3, -2.5, -0.25],
							"size": [0.25, 1, 0.5],
							"pivot": [-6.3, 0, 2.5],
							"rotation": [-47.5, 0, 0],
							"uv": {
								"north": {"uv": [228, 90], "uv_size": [3, 3]},
								"east": {"uv": [228, 90], "uv_size": [3, 3]},
								"south": {"uv": [228, 90], "uv_size": [3, 3]},
								"west": {"uv": [228, 90], "uv_size": [3, 3]},
								"up": {"uv": [231, 93], "uv_size": [-3, -3]},
								"down": {"uv": [231, 93], "uv_size": [-3, -3]}
							}
						},
						{
							"origin": [-1.55, 0, 1.25],
							"size": [1.25, 1.25, 1],
							"uv": {
								"north": {"uv": [43, 36], "uv_size": [5, 2]},
								"east": {"uv": [43, 36], "uv_size": [5, 2]},
								"south": {"uv": [43, 36], "uv_size": [5, 2]},
								"west": {"uv": [43, 36], "uv_size": [5, 2]},
								"up": {"uv": [48, 38], "uv_size": [-5, -2]},
								"down": {"uv": [48, 38], "uv_size": [-5, -2]}
							}
						}
					]
				},
				{
					"name": "bone37",
					"parent": "rightLeg",
					"pivot": [-2.5, 3.25, 2],
					"cubes": [
						{
							"origin": [-3.55, 3, 0.75],
							"size": [1.75, 5.25, 1],
							"pivot": [-4.8, 0, 2.25],
							"rotation": [-12.5, 0, 0],
							"uv": {
								"north": {"uv": [43, 36], "uv_size": [5, 2]},
								"east": {"uv": [43, 36], "uv_size": [5, 2]},
								"south": {"uv": [43, 36], "uv_size": [5, 2]},
								"west": {"uv": [43, 36], "uv_size": [5, 2]},
								"up": {"uv": [48, 38], "uv_size": [-5, -2]},
								"down": {"uv": [48, 38], "uv_size": [-5, -2]}
							}
						},
						{
							"origin": [-3.3, 3.75, 0.5],
							"size": [1.25, 4, 0.25],
							"pivot": [-4.8, 0, 2.25],
							"rotation": [-12.5, 0, 0],
							"uv": {
								"north": {"uv": [43, 36], "uv_size": [5, 2]},
								"east": {"uv": [43, 36], "uv_size": [5, 2]},
								"south": {"uv": [43, 36], "uv_size": [5, 2]},
								"west": {"uv": [43, 36], "uv_size": [5, 2]},
								"up": {"uv": [48, 38], "uv_size": [-5, -2]},
								"down": {"uv": [48, 38], "uv_size": [-5, -2]}
							}
						},
						{
							"origin": [-3.3, 3.75, 1.75],
							"size": [1.25, 4, 0.25],
							"pivot": [-4.8, 0, 2.25],
							"rotation": [-12.5, 0, 0],
							"uv": {
								"north": {"uv": [43, 36], "uv_size": [5, 2]},
								"east": {"uv": [43, 36], "uv_size": [5, 2]},
								"south": {"uv": [43, 36], "uv_size": [5, 2]},
								"west": {"uv": [43, 36], "uv_size": [5, 2]},
								"up": {"uv": [48, 38], "uv_size": [-5, -2]},
								"down": {"uv": [48, 38], "uv_size": [-5, -2]}
							}
						}
					]
				},
				{
					"name": "bone38",
					"parent": "rightLeg",
					"pivot": [-2.75, 8, 3],
					"cubes": [
						{
							"origin": [-3.3, 7.25, 6.25],
							"size": [1.25, 2.25, 0.25],
							"pivot": [-4.8, 0, 2.25],
							"rotation": [30, 0, 0],
							"uv": {
								"north": {"uv": [43, 36], "uv_size": [5, 2]},
								"east": {"uv": [43, 36], "uv_size": [5, 2]},
								"south": {"uv": [43, 36], "uv_size": [5, 2]},
								"west": {"uv": [43, 36], "uv_size": [5, 2]},
								"up": {"uv": [48, 38], "uv_size": [-5, -2]},
								"down": {"uv": [48, 38], "uv_size": [-5, -2]}
							}
						},
						{
							"origin": [-3.55, 6.25, 6.5],
							"size": [1.75, 3.75, 1],
							"pivot": [-4.8, 0, 2.25],
							"rotation": [30, 0, 0],
							"uv": {
								"north": {"uv": [43, 36], "uv_size": [5, 2]},
								"east": {"uv": [43, 36], "uv_size": [5, 2]},
								"south": {"uv": [43, 36], "uv_size": [5, 2]},
								"west": {"uv": [43, 36], "uv_size": [5, 2]},
								"up": {"uv": [48, 38], "uv_size": [-5, -2]},
								"down": {"uv": [48, 38], "uv_size": [-5, -2]}
							}
						},
						{
							"origin": [-3.3, 7.25, 7.5],
							"size": [1.25, 2.25, 0.25],
							"pivot": [-4.8, 0, 2.25],
							"rotation": [30, 0, 0],
							"uv": {
								"north": {"uv": [43, 36], "uv_size": [5, 2]},
								"east": {"uv": [43, 36], "uv_size": [5, 2]},
								"south": {"uv": [43, 36], "uv_size": [5, 2]},
								"west": {"uv": [43, 36], "uv_size": [5, 2]},
								"up": {"uv": [48, 38], "uv_size": [-5, -2]},
								"down": {"uv": [48, 38], "uv_size": [-5, -2]}
							}
						}
					]
				},
				{
					"name": "bone39",
					"parent": "rightLeg",
					"pivot": [-2.75, 10.75, 1.5],
					"cubes": [
						{
							"origin": [-3.55, 10.75, 0.75],
							"size": [1.75, 3.4, 1],
							"uv": {
								"north": {"uv": [43, 36], "uv_size": [5, 2]},
								"east": {"uv": [43, 36], "uv_size": [5, 2]},
								"south": {"uv": [43, 36], "uv_size": [5, 2]},
								"west": {"uv": [43, 36], "uv_size": [5, 2]},
								"up": {"uv": [48, 38], "uv_size": [-5, -2]},
								"down": {"uv": [48, 38], "uv_size": [-5, -2]}
							}
						}
					]
				},
				{
					"name": "bone36",
					"parent": "rightLeg",
					"pivot": [-2.75, 3, 2],
					"cubes": [
						{
							"origin": [-1.55, 0.25, 1.5],
							"size": [1, 2.25, 1],
							"pivot": [-4.8, 0, 2.25],
							"rotation": [0, 0, -12.5],
							"uv": {
								"north": {"uv": [43, 36], "uv_size": [5, 2]},
								"east": {"uv": [43, 36], "uv_size": [5, 2]},
								"south": {"uv": [43, 36], "uv_size": [5, 2]},
								"west": {"uv": [43, 36], "uv_size": [5, 2]},
								"up": {"uv": [48, 38], "uv_size": [-5, -2]},
								"down": {"uv": [48, 38], "uv_size": [-5, -2]}
							}
						},
						{
							"origin": [-1.3, 0.5, 1.25],
							"size": [0.5, 1.5, 0.25],
							"pivot": [-4.8, 0, 2.25],
							"rotation": [0, 0, -15],
							"uv": {
								"north": {"uv": [43, 36], "uv_size": [5, 2]},
								"east": {"uv": [43, 36], "uv_size": [5, 2]},
								"south": {"uv": [43, 36], "uv_size": [5, 2]},
								"west": {"uv": [43, 36], "uv_size": [5, 2]},
								"up": {"uv": [48, 38], "uv_size": [-5, -2]},
								"down": {"uv": [48, 38], "uv_size": [-5, -2]}
							}
						},
						{
							"origin": [-3.05, 1.5, 1.25],
							"size": [0.75, 1.5, 0.25],
							"uv": {
								"north": {"uv": [43, 36], "uv_size": [5, 2]},
								"east": {"uv": [43, 36], "uv_size": [5, 2]},
								"south": {"uv": [43, 36], "uv_size": [5, 2]},
								"west": {"uv": [43, 36], "uv_size": [5, 2]},
								"up": {"uv": [48, 38], "uv_size": [-5, -2]},
								"down": {"uv": [48, 38], "uv_size": [-5, -2]}
							}
						},
						{
							"origin": [-3.3, 1.25, 1.5],
							"size": [1.25, 2, 1],
							"uv": {
								"north": {"uv": [43, 36], "uv_size": [5, 2]},
								"east": {"uv": [43, 36], "uv_size": [5, 2]},
								"south": {"uv": [43, 36], "uv_size": [5, 2]},
								"west": {"uv": [43, 36], "uv_size": [5, 2]},
								"up": {"uv": [48, 38], "uv_size": [-5, -2]},
								"down": {"uv": [48, 38], "uv_size": [-5, -2]}
							}
						},
						{
							"origin": [-4.8, 1.5, 1.25],
							"size": [0.5, 1.5, 0.25],
							"pivot": [-4.8, 0, 2.25],
							"rotation": [0, 0, 15],
							"uv": {
								"north": {"uv": [43, 36], "uv_size": [5, 2]},
								"east": {"uv": [43, 36], "uv_size": [5, 2]},
								"south": {"uv": [43, 36], "uv_size": [5, 2]},
								"west": {"uv": [43, 36], "uv_size": [5, 2]},
								"up": {"uv": [48, 38], "uv_size": [-5, -2]},
								"down": {"uv": [48, 38], "uv_size": [-5, -2]}
							}
						},
						{
							"origin": [-5.05, 1.25, 1.5],
							"size": [1, 2.25, 1],
							"pivot": [-4.8, 0, 2.25],
							"rotation": [0, 0, 15],
							"uv": {
								"north": {"uv": [43, 36], "uv_size": [5, 2]},
								"east": {"uv": [43, 36], "uv_size": [5, 2]},
								"south": {"uv": [43, 36], "uv_size": [5, 2]},
								"west": {"uv": [43, 36], "uv_size": [5, 2]},
								"up": {"uv": [48, 38], "uv_size": [-5, -2]},
								"down": {"uv": [48, 38], "uv_size": [-5, -2]}
							}
						}
					]
				},
				{
					"name": "bone40",
					"parent": "rightLeg",
					"pivot": [-2.5, 13.65, 1],
					"cubes": [
						{
							"origin": [-7.25, 12.15, 0.5],
							"size": [2.3, 4.1, 1.5],
							"pivot": [0.75, 1.9, 2.25],
							"rotation": [0, 0, 17.5],
							"uv": {
								"north": {"uv": [30, 53], "uv_size": [6, 5]},
								"east": {"uv": [43, 36], "uv_size": [5, 2]},
								"south": {"uv": [43, 36], "uv_size": [5, 2]},
								"west": {"uv": [43, 36], "uv_size": [5, 2]},
								"up": {"uv": [48, 38], "uv_size": [-5, -2]},
								"down": {"uv": [48, 38], "uv_size": [-5, -2]}
							}
						}
					]
				},
				{
					"name": "leftLeg",
					"pivot": [1.75, 17, 2.25]
				},
				{
					"name": "bone44",
					"parent": "leftLeg",
					"pivot": [2.75, 3.25, 2],
					"cubes": [
						{
							"origin": [2.25, 3.75, 1.75],
							"size": [1.25, 4, 0.25],
							"pivot": [0.75, 0, 2.25],
							"rotation": [-12.5, 0, 0],
							"uv": {
								"north": {"uv": [43, 36], "uv_size": [5, 2]},
								"east": {"uv": [43, 36], "uv_size": [5, 2]},
								"south": {"uv": [43, 36], "uv_size": [5, 2]},
								"west": {"uv": [43, 36], "uv_size": [5, 2]},
								"up": {"uv": [48, 38], "uv_size": [-5, -2]},
								"down": {"uv": [48, 38], "uv_size": [-5, -2]}
							}
						},
						{
							"origin": [2, 3, 0.75],
							"size": [1.75, 5.25, 1],
							"pivot": [0.75, 0, 2.25],
							"rotation": [-12.5, 0, 0],
							"uv": {
								"north": {"uv": [43, 36], "uv_size": [5, 2]},
								"east": {"uv": [43, 36], "uv_size": [5, 2]},
								"south": {"uv": [43, 36], "uv_size": [5, 2]},
								"west": {"uv": [43, 36], "uv_size": [5, 2]},
								"up": {"uv": [48, 38], "uv_size": [-5, -2]},
								"down": {"uv": [48, 38], "uv_size": [-5, -2]}
							}
						},
						{
							"origin": [2.25, 3.75, 0.5],
							"size": [1.25, 4, 0.25],
							"pivot": [0.75, 0, 2.25],
							"rotation": [-12.5, 0, 0],
							"uv": {
								"north": {"uv": [43, 36], "uv_size": [5, 2]},
								"east": {"uv": [43, 36], "uv_size": [5, 2]},
								"south": {"uv": [43, 36], "uv_size": [5, 2]},
								"west": {"uv": [43, 36], "uv_size": [5, 2]},
								"up": {"uv": [48, 38], "uv_size": [-5, -2]},
								"down": {"uv": [48, 38], "uv_size": [-5, -2]}
							}
						}
					]
				},
				{
					"name": "bone43",
					"parent": "leftLeg",
					"pivot": [3, 8, 3],
					"cubes": [
						{
							"origin": [2.25, 7.25, 6.25],
							"size": [1.25, 2.25, 0.25],
							"pivot": [0.75, 0, 2.25],
							"rotation": [30, 0, 0],
							"uv": {
								"north": {"uv": [31, 53], "uv_size": [6, 6]},
								"east": {"uv": [43, 36], "uv_size": [5, 2]},
								"south": {"uv": [43, 36], "uv_size": [5, 2]},
								"west": {"uv": [43, 36], "uv_size": [5, 2]},
								"up": {"uv": [48, 38], "uv_size": [-5, -2]},
								"down": {"uv": [48, 38], "uv_size": [-5, -2]}
							}
						},
						{
							"origin": [2, 6.25, 6.5],
							"size": [1.75, 3.75, 1],
							"pivot": [0.75, 0, 2.25],
							"rotation": [30, 0, 0],
							"uv": {
								"north": {"uv": [31, 53], "uv_size": [6, 6]},
								"east": {"uv": [43, 36], "uv_size": [5, 2]},
								"south": {"uv": [43, 36], "uv_size": [5, 2]},
								"west": {"uv": [43, 36], "uv_size": [5, 2]},
								"up": {"uv": [48, 38], "uv_size": [-5, -2]},
								"down": {"uv": [48, 38], "uv_size": [-5, -2]}
							}
						},
						{
							"origin": [2.25, 7.25, 7.5],
							"size": [1.25, 2.25, 0.25],
							"pivot": [0.75, 0, 2.25],
							"rotation": [30, 0, 0],
							"uv": {
								"north": {"uv": [43, 36], "uv_size": [5, 2]},
								"east": {"uv": [43, 36], "uv_size": [5, 2]},
								"south": {"uv": [43, 36], "uv_size": [5, 2]},
								"west": {"uv": [43, 36], "uv_size": [5, 2]},
								"up": {"uv": [48, 38], "uv_size": [-5, -2]},
								"down": {"uv": [48, 38], "uv_size": [-5, -2]}
							}
						}
					]
				},
				{
					"name": "bone42",
					"parent": "leftLeg",
					"pivot": [2.25, 10.5, 1.5],
					"cubes": [
						{
							"origin": [2, 10.75, 0.75],
							"size": [1.75, 3.4, 1],
							"uv": {
								"north": {"uv": [31, 53], "uv_size": [6, 6]},
								"east": {"uv": [43, 36], "uv_size": [5, 2]},
								"south": {"uv": [43, 36], "uv_size": [5, 2]},
								"west": {"uv": [43, 36], "uv_size": [5, 2]},
								"up": {"uv": [48, 38], "uv_size": [-5, -2]},
								"down": {"uv": [48, 38], "uv_size": [-5, -2]}
							}
						}
					]
				},
				{
					"name": "bone41",
					"parent": "leftLeg",
					"pivot": [2.75, 13.4, 1.25],
					"cubes": [
						{
							"origin": [4.65, 12.8, 0.5],
							"size": [2.3, 4.1, 1.5],
							"pivot": [0.75, 1.9, 2.25],
							"rotation": [0, 0, -14],
							"uv": {
								"north": {"uv": [43, 36], "uv_size": [5, 2]},
								"east": {"uv": [43, 36], "uv_size": [5, 2]},
								"south": {"uv": [43, 36], "uv_size": [5, 2]},
								"west": {"uv": [43, 36], "uv_size": [5, 2]},
								"up": {"uv": [48, 38], "uv_size": [-5, -2]},
								"down": {"uv": [48, 38], "uv_size": [-5, -2]}
							}
						}
					]
				},
				{
					"name": "bone46",
					"parent": "leftLeg",
					"pivot": [2.75, 3, 2.25],
					"cubes": [
						{
							"origin": [4.25, 0.5, 1.25],
							"size": [0.5, 1.5, 0.25],
							"pivot": [0.75, 0, 2.25],
							"rotation": [0, 0, -15],
							"uv": {
								"north": {"uv": [43, 36], "uv_size": [5, 2]},
								"east": {"uv": [43, 36], "uv_size": [5, 2]},
								"south": {"uv": [43, 36], "uv_size": [5, 2]},
								"west": {"uv": [43, 36], "uv_size": [5, 2]},
								"up": {"uv": [48, 38], "uv_size": [-5, -2]},
								"down": {"uv": [48, 38], "uv_size": [-5, -2]}
							}
						},
						{
							"origin": [4, 0.25, 1.5],
							"size": [1, 2.25, 1],
							"pivot": [0.75, 0, 2.25],
							"rotation": [0, 0, -12.5],
							"uv": {
								"north": {"uv": [43, 36], "uv_size": [5, 2]},
								"east": {"uv": [43, 36], "uv_size": [5, 2]},
								"south": {"uv": [43, 36], "uv_size": [5, 2]},
								"west": {"uv": [43, 36], "uv_size": [5, 2]},
								"up": {"uv": [48, 38], "uv_size": [-5, -2]},
								"down": {"uv": [48, 38], "uv_size": [-5, -2]}
							}
						},
						{
							"origin": [2.5, 1.5, 1.25],
							"size": [0.75, 1.5, 0.25],
							"uv": {
								"north": {"uv": [43, 36], "uv_size": [5, 2]},
								"east": {"uv": [43, 36], "uv_size": [5, 2]},
								"south": {"uv": [43, 36], "uv_size": [5, 2]},
								"west": {"uv": [43, 36], "uv_size": [5, 2]},
								"up": {"uv": [48, 38], "uv_size": [-5, -2]},
								"down": {"uv": [48, 38], "uv_size": [-5, -2]}
							}
						},
						{
							"origin": [0.5, 1.25, 1.5],
							"size": [1, 2.25, 1],
							"pivot": [0.75, 0, 2.25],
							"rotation": [0, 0, 15],
							"uv": {
								"north": {"uv": [43, 36], "uv_size": [5, 2]},
								"east": {"uv": [43, 36], "uv_size": [5, 2]},
								"south": {"uv": [43, 36], "uv_size": [5, 2]},
								"west": {"uv": [43, 36], "uv_size": [5, 2]},
								"up": {"uv": [48, 38], "uv_size": [-5, -2]},
								"down": {"uv": [48, 38], "uv_size": [-5, -2]}
							}
						},
						{
							"origin": [0.75, 1.5, 1.25],
							"size": [0.5, 1.5, 0.25],
							"pivot": [0.75, 0, 2.25],
							"rotation": [0, 0, 15],
							"uv": {
								"north": {"uv": [43, 36], "uv_size": [5, 2]},
								"east": {"uv": [43, 36], "uv_size": [5, 2]},
								"south": {"uv": [43, 36], "uv_size": [5, 2]},
								"west": {"uv": [43, 36], "uv_size": [5, 2]},
								"up": {"uv": [48, 38], "uv_size": [-5, -2]},
								"down": {"uv": [48, 38], "uv_size": [-5, -2]}
							}
						},
						{
							"origin": [2.25, 1.25, 1.5],
							"size": [1.25, 2, 1],
							"uv": {
								"north": {"uv": [43, 36], "uv_size": [5, 2]},
								"east": {"uv": [43, 36], "uv_size": [5, 2]},
								"south": {"uv": [43, 36], "uv_size": [5, 2]},
								"west": {"uv": [43, 36], "uv_size": [5, 2]},
								"up": {"uv": [48, 38], "uv_size": [-5, -2]},
								"down": {"uv": [48, 38], "uv_size": [-5, -2]}
							}
						}
					]
				},
				{
					"name": "bone45",
					"parent": "leftLeg",
					"pivot": [2.5, 1, 1.75],
					"cubes": [
						{
							"origin": [1, 0.25, -0.5],
							"size": [0.75, 0.75, 0.75],
							"uv": {
								"north": {"uv": [43, 36], "uv_size": [5, 2]},
								"east": {"uv": [43, 36], "uv_size": [5, 2]},
								"south": {"uv": [43, 36], "uv_size": [5, 2]},
								"west": {"uv": [43, 36], "uv_size": [5, 2]},
								"up": {"uv": [48, 38], "uv_size": [-5, -2]},
								"down": {"uv": [48, 38], "uv_size": [-5, -2]}
							}
						},
						{
							"origin": [3.75, 0, 0.25],
							"size": [1.25, 1, 1],
							"uv": {
								"north": {"uv": [43, 36], "uv_size": [5, 2]},
								"east": {"uv": [43, 36], "uv_size": [5, 2]},
								"south": {"uv": [43, 36], "uv_size": [5, 2]},
								"west": {"uv": [43, 36], "uv_size": [5, 2]},
								"up": {"uv": [48, 38], "uv_size": [-5, -2]},
								"down": {"uv": [48, 38], "uv_size": [-5, -2]}
							}
						},
						{
							"origin": [4, 0.25, -0.5],
							"size": [0.75, 0.75, 0.75],
							"uv": {
								"north": {"uv": [43, 36], "uv_size": [5, 2]},
								"east": {"uv": [43, 36], "uv_size": [5, 2]},
								"south": {"uv": [43, 36], "uv_size": [5, 2]},
								"west": {"uv": [43, 36], "uv_size": [5, 2]},
								"up": {"uv": [48, 38], "uv_size": [-5, -2]},
								"down": {"uv": [48, 38], "uv_size": [-5, -2]}
							}
						},
						{
							"origin": [4.25, -2.5, -0.25],
							"size": [0.25, 1, 0.5],
							"pivot": [2.25, 0, 2.5],
							"rotation": [-47.5, 0, 0],
							"uv": {
								"north": {"uv": [228, 90], "uv_size": [3, 3]},
								"east": {"uv": [228, 90], "uv_size": [3, 3]},
								"south": {"uv": [228, 90], "uv_size": [3, 3]},
								"west": {"uv": [228, 90], "uv_size": [3, 3]},
								"up": {"uv": [231, 93], "uv_size": [-3, -3]},
								"down": {"uv": [231, 93], "uv_size": [-3, -3]}
							}
						},
						{
							"origin": [2.75, -2.5, -0.5],
							"size": [0.25, 1, 0.5],
							"pivot": [0.75, 0, 2.25],
							"rotation": [-47.5, 0, 0],
							"uv": {
								"north": {"uv": [228, 90], "uv_size": [3, 3]},
								"east": {"uv": [228, 90], "uv_size": [3, 3]},
								"south": {"uv": [228, 90], "uv_size": [3, 3]},
								"west": {"uv": [228, 90], "uv_size": [3, 3]},
								"up": {"uv": [231, 93], "uv_size": [-3, -3]},
								"down": {"uv": [231, 93], "uv_size": [-3, -3]}
							}
						},
						{
							"origin": [2.5, 0.25, -0.75],
							"size": [0.75, 0.75, 0.75],
							"uv": {
								"north": {"uv": [43, 36], "uv_size": [5, 2]},
								"east": {"uv": [43, 36], "uv_size": [5, 2]},
								"south": {"uv": [43, 36], "uv_size": [5, 2]},
								"west": {"uv": [43, 36], "uv_size": [5, 2]},
								"up": {"uv": [48, 38], "uv_size": [-5, -2]},
								"down": {"uv": [48, 38], "uv_size": [-5, -2]}
							}
						},
						{
							"origin": [2.25, 0, 0],
							"size": [1.25, 1, 1],
							"uv": {
								"north": {"uv": [43, 36], "uv_size": [5, 2]},
								"east": {"uv": [43, 36], "uv_size": [5, 2]},
								"south": {"uv": [43, 36], "uv_size": [5, 2]},
								"west": {"uv": [43, 36], "uv_size": [5, 2]},
								"up": {"uv": [48, 38], "uv_size": [-5, -2]},
								"down": {"uv": [48, 38], "uv_size": [-5, -2]}
							}
						},
						{
							"origin": [2.25, 0, 1],
							"size": [1.25, 1.25, 1],
							"uv": {
								"north": {"uv": [43, 36], "uv_size": [5, 2]},
								"east": {"uv": [43, 36], "uv_size": [5, 2]},
								"south": {"uv": [43, 36], "uv_size": [5, 2]},
								"west": {"uv": [43, 36], "uv_size": [5, 2]},
								"up": {"uv": [48, 38], "uv_size": [-5, -2]},
								"down": {"uv": [48, 38], "uv_size": [-5, -2]}
							}
						},
						{
							"origin": [4, 0, 1.25],
							"size": [1.25, 1.25, 1],
							"uv": {
								"north": {"uv": [43, 36], "uv_size": [5, 2]},
								"east": {"uv": [43, 36], "uv_size": [5, 2]},
								"south": {"uv": [43, 36], "uv_size": [5, 2]},
								"west": {"uv": [43, 36], "uv_size": [5, 2]},
								"up": {"uv": [48, 38], "uv_size": [-5, -2]},
								"down": {"uv": [48, 38], "uv_size": [-5, -2]}
							}
						},
						{
							"origin": [0.5, 0, 1.25],
							"size": [1.25, 1.25, 1],
							"uv": {
								"north": {"uv": [43, 36], "uv_size": [5, 2]},
								"east": {"uv": [43, 36], "uv_size": [5, 2]},
								"south": {"uv": [43, 36], "uv_size": [5, 2]},
								"west": {"uv": [43, 36], "uv_size": [5, 2]},
								"up": {"uv": [48, 38], "uv_size": [-5, -2]},
								"down": {"uv": [48, 38], "uv_size": [-5, -2]}
							}
						},
						{
							"origin": [0.75, 0, 0.25],
							"size": [1.25, 1, 1],
							"uv": {
								"north": {"uv": [43, 36], "uv_size": [5, 2]},
								"east": {"uv": [43, 36], "uv_size": [5, 2]},
								"south": {"uv": [43, 36], "uv_size": [5, 2]},
								"west": {"uv": [43, 36], "uv_size": [5, 2]},
								"up": {"uv": [48, 38], "uv_size": [-5, -2]},
								"down": {"uv": [48, 38], "uv_size": [-5, -2]}
							}
						},
						{
							"origin": [1.25, -2.5, -0.25],
							"size": [0.25, 1, 0.5],
							"pivot": [-0.75, 0, 2.5],
							"rotation": [-47.5, 0, 0],
							"uv": {
								"north": {"uv": [228, 90], "uv_size": [3, 3]},
								"east": {"uv": [228, 90], "uv_size": [3, 3]},
								"south": {"uv": [228, 90], "uv_size": [3, 3]},
								"west": {"uv": [228, 90], "uv_size": [3, 3]},
								"up": {"uv": [231, 93], "uv_size": [-3, -3]},
								"down": {"uv": [231, 93], "uv_size": [-3, -3]}
							}
						}
					]
				}
			]
		}
	]
}