{
    "minecraft": {
        "": {}
    },
    "mcp": {
        "": {}
    },
    "FML": {
        "": {}
    },
    "forge": {
        "": {}
    },
    "mclib": {
        "": {}
    },
    "metamorph": {
        "": {}
    },
    "blockbuster": {
        "": {}
    },
    "chameleon_morph": {
        "": {}
    },
    "chiselsandbits": {
        "": {}
    },
    "flatcoloredblocks": {
        "": {}
    },
    "ifc": {
        "": {}
    },
    "mappet": {
        "": {}
    },
    "modularvc": {
        "": {}
    },
    "soundfilters": {
        "": {}
    },
    "tlauncher_custom_cape_skin": {
        "": {}
    },
    "": {
        "": {}
    }
}