{
	"format_version": "1.8.0",
	"animations": {
		"idle": {
			"loop": true,
			"animation_length": 5.04167,
			"bones": {
				"bodyT": {
					"rotation": {
						"0.0": {
							"vector": ["0 + (math.clamp(query.head_pitch, -5, 7))", 0, 0]
						},
						"2.5": {
							"vector": ["2.5 + (math.clamp(query.head_pitch, -5, 7))", 0, 0],
							"easing": "easeInOutSine"
						},
						"5.0": {
							"vector": ["0 + (math.clamp(query.head_pitch, -5, 7))", 0, 0],
							"easing": "easeInOutSine"
						}
					}
				},
				"tie": {
					"rotation": {
						"0.0": {
							"vector": [0, 0, 0]
						},
						"2.5": {
							"vector": [-2.5, 0, 0],
							"easing": "easeInOutSine"
						},
						"5.0": {
							"vector": [0, 0, 0],
							"easing": "easeInOutSine"
						}
					}
				},
				"head": {
					"rotation": {
						"vector": ["math.clamp(query.head_pitch, -25, 20)", "query.head_yaw", 0]
					}
				},
				"armRT": {
					"rotation": {
						"0.0": {
							"vector": [0, 7.5, 2.5]
						},
						"2.0": {
							"vector": [-2.36809, 7.54247, 3.50777],
							"easing": "easeInOutSine"
						},
						"5.0": {
							"vector": [0, 7.5, 2.5],
							"easing": "easeInOutSine"
						}
					}
				},
				"armLT": {
					"rotation": {
						"0.0": {
							"vector": [0, -2.5, -2.5]
						},
						"2.0625": {
							"vector": [-2.456, -2.54324, -3.50003],
							"easing": "easeInOutSine"
						},
						"5.0": {
							"vector": [0, -2.5, -2.5],
							"easing": "easeInOutSine"
						}
					}
				},
				"legRT": {
					"rotation": {
						"vector": [0, 5, 0]
					}
				},
				"legLT": {
					"rotation": {
						"vector": [0, -5, 0]
					}
				},
				"armRB": {
					"rotation": {
						"0.0": {
							"vector": [-2.5, 0, 0]
						},
						"1.9375": {
							"vector": [0, 0, 0],
							"easing": "easeInOutSine"
						},
						"5.0": {
							"vector": [-2.5, 0, 0],
							"easing": "easeInOutSine"
						}
					}
				},
				"armLB": {
					"rotation": {
						"0.0": {
							"vector": [-2.5, 0, 0]
						},
						"1.8125": {
							"vector": [0, 0, 0],
							"easing": "easeInOutSine"
						},
						"5.0": {
							"vector": [-2.5, 0, 0],
							"easing": "easeInOutSine"
						}
					}
				},
				"hairLeft": {
					"rotation": {
						"0.0": {
							"vector": [0, 0, -1]
						},
						"1.5625": {
							"vector": [-1, 0, 1],
							"easing": "easeInOutSine"
						},
						"3.1875": {
							"vector": [1, 0, 0],
							"easing": "easeInOutSine"
						},
						"5.0": {
							"vector": [0, 0, -1],
							"easing": "easeInOutSine"
						}
					}
				},
				"hairRight": {
					"rotation": {
						"0.0": {
							"vector": [0, 0, 1]
						},
						"1.5": {
							"vector": [0, 0, -1],
							"easing": "easeInOutSine"
						},
						"3.3125": {
							"vector": [0, 0, 0],
							"easing": "easeInOutSine"
						},
						"5.0": {
							"vector": [0, 0, 1],
							"easing": "easeInOutSine"
						}
					}
				},
				"hairFront": {
					"rotation": {
						"0.0": {
							"vector": [0, 0, 1]
						},
						"0.9375": {
							"vector": [1, 0, 0.09802],
							"easing": "easeInOutSine"
						},
						"2.0": {
							"vector": [-1, 0, -1],
							"easing": "easeInOutSine"
						},
						"3.6875": {
							"vector": [1, 0, 0.20227],
							"easing": "easeInOutSine"
						},
						"5.0": {
							"vector": [0, 0, 1],
							"easing": "easeInOutSine"
						}
					}
				},
				"hairBack": {
					"rotation": {
						"0.0": {
							"vector": [1, 0, 0]
						},
						"1.5625": {
							"vector": [-1, 0, 0],
							"easing": "easeInOutSine"
						},
						"3.3125": {
							"vector": [0, 0, 0],
							"easing": "easeInOutSine"
						},
						"5.0": {
							"vector": [1, 0, 0],
							"easing": "easeInOutSine"
						}
					}
				}
			}
		},
		"running": {
			"loop": true,
			"animation_length": 1,
			"bones": {
				"base": {
					"rotation": {
						"0.0": {
							"vector": [-1, 0, 0]
						},
						"0.25": {
							"vector": [0, 0, 0],
							"easing": "easeInOutSine"
						},
						"0.5": {
							"vector": [-1, 0, 0],
							"easing": "easeInOutSine"
						},
						"0.75": {
							"vector": [0, 0, 0],
							"easing": "easeInOutSine"
						},
						"1.0": {
							"vector": [-1, 0, 0],
							"easing": "easeInOutSine"
						}
					},
					"position": {
						"0.0": {
							"vector": [0, -2, 0]
						},
						"0.25": {
							"vector": [0, 0, 0],
							"easing": "easeInOutSine"
						},
						"0.5": {
							"vector": [0, -2, 0],
							"easing": "easeInOutSine"
						},
						"0.75": {
							"vector": [0, 0, 0],
							"easing": "easeInOutSine"
						},
						"1.0": {
							"vector": [0, -2, 0],
							"easing": "easeInOutSine"
						}
					}
				},
				"legRT": {
					"rotation": {
						"0.0": {
							"vector": [-24.97911, -1.05627, -2.26603]
						},
						"0.5": {
							"vector": [25, 0, 0],
							"easing": "easeInOutSine"
						},
						"1.0": {
							"vector": [-24.97911, -1.05627, -2.26603]
						}
					},
					"position": {
						"0.0": {
							"vector": [0, 0, 0]
						},
						"0.5": {
							"vector": [0, 0, 0],
							"easing": "easeInOutSine"
						},
						"0.875": {
							"vector": [0, 1, 0],
							"easing": "easeInOutSine"
						},
						"1.0": {
							"vector": [0, 0, 0],
							"easing": "easeInOutSine"
						}
					}
				},
				"legRB": {
					"rotation": {
						"0.0": {
							"vector": [0, 0, 0]
						},
						"0.5": {
							"vector": [0, 0, 0],
							"easing": "easeInOutSine"
						},
						"0.75": {
							"vector": [45, 0, 0],
							"easing": "easeInOutSine"
						},
						"1.0": {
							"vector": [0, 0, 0],
							"easing": "easeInOutSine"
						}
					}
				},
				"feetRB": {
					"rotation": {
						"0.0": {
							"vector": [-5, 0, 0]
						},
						"0.125": {
							"vector": [15, 0, 0],
							"easing": "easeInOutSine"
						},
						"0.25": {
							"vector": [0, 0, 0],
							"easing": "easeInOutSine"
						},
						"0.375": {
							"vector": [-16.25, 0, 0],
							"easing": "easeInOutSine"
						},
						"0.5": {
							"vector": [-19.5, 0, 0],
							"easing": "easeInOutSine"
						},
						"0.75": {
							"vector": [7.5, 0, 0],
							"easing": "easeInOutSine"
						},
						"1.0": {
							"vector": [-5, 0, 0],
							"easing": "easeInOutSine"
						}
					},
					"position": {
						"0.0": {
							"vector": [0, 0, 0]
						},
						"0.125": {
							"vector": [0, -0.1, 0],
							"easing": "easeInOutSine"
						},
						"0.25": {
							"vector": [0, 0, 0],
							"easing": "easeInOutSine"
						},
						"0.375": {
							"vector": [0, 0.65, 0],
							"easing": "easeInOutSine"
						},
						"0.5": {
							"vector": [0, 0.9, 0.1],
							"easing": "easeInOutSine"
						},
						"0.75": {
							"vector": [0, 0, 0],
							"easing": "easeInOutSine"
						},
						"1.0": {
							"vector": [0, 0, 0],
							"easing": "easeInOutSine"
						}
					}
				},
				"legLT": {
					"rotation": {
						"0.0": {
							"vector": [25, 0, 0]
						},
						"0.5": {
							"vector": [-24.97911, 1.05627, 2.26603],
							"easing": "easeInOutSine"
						},
						"1.0": {
							"vector": [25, 0, 0],
							"easing": "easeInOutSine"
						}
					},
					"position": {
						"0.0": {
							"vector": [0, 0, 0]
						},
						"0.25": {
							"vector": [0, 0, 0],
							"easing": "easeInOutSine"
						},
						"0.375": {
							"vector": [0, 1, 0],
							"easing": "easeInOutSine"
						},
						"0.5": {
							"vector": [0, 0, 0],
							"easing": "easeInOutSine"
						},
						"1.0": {
							"vector": [0, 0, 0],
							"easing": "easeInOutSine"
						}
					}
				},
				"legLB": {
					"rotation": {
						"0.0": {
							"vector": [0, 0, 0]
						},
						"0.25": {
							"vector": [45, 0, 0],
							"easing": "easeInOutSine"
						},
						"0.5": {
							"vector": [0, 0, 0],
							"easing": "easeInOutSine"
						},
						"1.0": {
							"vector": [0, 0, 0],
							"easing": "easeInOutSine"
						}
					}
				},
				"feetLB": {
					"rotation": {
						"0.0": {
							"vector": [-20, 0, 0]
						},
						"0.125": {
							"vector": [0, 0, 0],
							"easing": "easeInOutSine"
						},
						"0.25": {
							"vector": [8, 0, 0],
							"easing": "easeInOutSine"
						},
						"0.5": {
							"vector": [0, 0, 0],
							"easing": "easeInOutSine"
						},
						"0.5833": {
							"vector": [19, 0, 0],
							"easing": "easeInOutSine"
						},
						"0.6667": {
							"vector": [11.5, 0, 0],
							"easing": "easeInOutSine"
						},
						"0.7917": {
							"vector": [-3.5, 0, 0],
							"easing": "easeInOutSine"
						},
						"0.9583": {
							"vector": [-20, 0, 0],
							"easing": "easeInOutSine"
						}
					},
					"position": {
						"0.0": {
							"vector": [0, 0.85, 0.1]
						},
						"0.125": {
							"vector": [0, 0, 0],
							"easing": "easeInOutSine"
						},
						"0.25": {
							"vector": [0, -0.2, 0],
							"easing": "easeInOutSine"
						},
						"0.5": {
							"vector": [0, 0, 0],
							"easing": "easeInOutSine"
						},
						"0.5833": {
							"vector": [0, -0.1, 0.2],
							"easing": "easeInOutSine"
						},
						"0.6667": {
							"vector": [0, -0.1, 0.2],
							"easing": "easeInOutSine"
						},
						"0.7917": {
							"vector": [0, -0.1, 0],
							"easing": "easeInOutSine"
						},
						"0.9583": {
							"vector": [0, 0.85, 0.1],
							"easing": "easeInOutSine"
						}
					}
				},
				"bodyB": {
					"rotation": {
						"0.0": {
							"vector": [0.17494, 4.99695, 2.00763]
						},
						"0.5": {
							"vector": [0.17494, -4.99695, -2.00763],
							"easing": "easeInOutSine"
						},
						"1.0": {
							"vector": [0.17494, 4.99695, 2.00763]
						}
					},
					"position": {
						"0.0": {
							"vector": [0, 0.5, 0]
						},
						"0.2917": {
							"vector": [0, 0, 0],
							"easing": "easeInOutSine"
						},
						"0.5417": {
							"vector": [0, 0.5, 0],
							"easing": "easeInOutSine"
						},
						"0.7917": {
							"vector": [0, 0, 0],
							"easing": "easeInOutSine"
						},
						"1.0": {
							"vector": [0, 0.5, 0],
							"easing": "easeInOutSine"
						}
					}
				},
				"bone": {
					"rotation": {
						"0.0": {
							"vector": [12.5, 0, 0]
						},
						"0.5": {
							"vector": [22.48072, 0.95645, -2.30991],
							"easing": "easeInOutSine"
						},
						"0.75": {
							"vector": [9.99036, 0.47822, -1.15496],
							"easing": "easeInOutSine"
						},
						"1.0": {
							"vector": [12.5, 0, 0],
							"easing": "easeInOutSine"
						}
					}
				},
				"bone2": {
					"rotation": {
						"0.0": {
							"vector": [22.48072, -0.95645, 2.30991]
						},
						"0.25": {
							"vector": [9.99036, -0.47822, 1.15496],
							"easing": "easeInOutSine"
						},
						"0.5": {
							"vector": [12.5, 0, 0],
							"easing": "easeInOutSine"
						},
						"1.0": {
							"vector": [22.48072, -0.95645, 2.30991],
							"easing": "easeInOutSine"
						}
					}
				},
				"bodyT": {
					"rotation": {
						"0.0": {
							"vector": ["-0.0873 + (math.clamp(query.head_pitch, -5, 7))", 2.49848, -2.0019]
						},
						"0.4167": {
							"vector": ["-0.0873 + (math.clamp(query.head_pitch, -5, 7))", -2.49848, 2.0019],
							"easing": "easeInOutSine"
						},
						"1.0": {
							"vector": ["-0.0873 + (math.clamp(query.head_pitch, -5, 7))", 2.49848, -2.0019]
						}
					}
				},
				"tie": {
					"rotation": {
						"0.0": {
							"vector": [0, 0, -5]
						},
						"0.5": {
							"vector": [0, 0, 5],
							"easing": "easeInOutSine"
						},
						"1.0": {
							"vector": [0, 0, -5],
							"easing": "easeInOutSine"
						}
					}
				},
				"tie_2": {
					"rotation": {
						"0.0": {
							"vector": [0, 0, -5]
						},
						"0.5417": {
							"vector": [0, 0, 5],
							"easing": "easeInOutSine"
						},
						"1.0": {
							"vector": [0, 0, -5],
							"easing": "easeInOutSine"
						}
					},
					"position": {
						"0.0": {
							"vector": [0, 0.1, 0]
						},
						"0.5417": {
							"vector": [0, 0.1, 0],
							"easing": "easeInOutSine"
						},
						"1.0": {
							"vector": [0, 0.1, 0],
							"easing": "easeInOutSine"
						}
					}
				},
				"armRT": {
					"rotation": {
						"0.0": {
							"vector": [14.94548, -1.29256, 4.83045]
						},
						"0.5": {
							"vector": [-14.94548, 1.29256, 4.83045],
							"easing": "easeInOutSine"
						},
						"1.0": {
							"vector": [14.94548, -1.29256, 4.83045],
							"easing": "easeInOutSine"
						}
					}
				},
				"armRB": {
					"rotation": {
						"0.0": {
							"vector": [0, 0, 0]
						},
						"0.5833": {
							"vector": [-10, 0, 0],
							"easing": "easeInOutSine"
						},
						"1.0": {
							"vector": [0, 0, 0],
							"easing": "easeInOutSine"
						}
					}
				},
				"handR": {
					"rotation": {
						"0.0": {
							"vector": [7.5, 0, 0]
						},
						"0.4167": {
							"vector": [-7.5, 0, 0],
							"easing": "easeInOutSine"
						},
						"1.0": {
							"vector": [7.5, 0, 0],
							"easing": "easeInOutSine"
						}
					},
					"position": {
						"0.0": {
							"vector": [0, 0.25, 0]
						},
						"0.4167": {
							"vector": [0, 0, 0],
							"easing": "easeInOutSine"
						},
						"1.0": {
							"vector": [0, 0.25, 0],
							"easing": "easeInOutSine"
						}
					}
				},
				"armLT": {
					"rotation": {
						"0.0": {
							"vector": [-14.94548, -1.29256, -4.83045]
						},
						"0.5": {
							"vector": [14.94548, 1.29256, -4.83045],
							"easing": "easeInOutSine"
						},
						"1.0": {
							"vector": [-14.94548, -1.29256, -4.83045],
							"easing": "easeInOutSine"
						}
					}
				},
				"armLB": {
					"rotation": {
						"0.0": {
							"vector": [-10, 0, 0]
						},
						"0.5": {
							"vector": [0, 0, 0],
							"easing": "easeInOutSine"
						},
						"1.0": {
							"vector": [-10, 0, 0],
							"easing": "easeInOutSine"
						}
					}
				},
				"handL": {
					"rotation": {
						"0.0": {
							"vector": [-7.5, 0, 0]
						},
						"0.5": {
							"vector": [7.5, 0, 0],
							"easing": "easeInOutSine"
						},
						"1.0": {
							"vector": [-7.5, 0, 0],
							"easing": "easeInOutSine"
						}
					},
					"position": {
						"0.0": {
							"vector": [0, 0, 0]
						},
						"0.5": {
							"vector": [0, 0.25, 0],
							"easing": "easeInOutSine"
						},
						"1.0": {
							"vector": [0, 0, 0],
							"easing": "easeInOutSine"
						}
					}
				},
				"head": {
					"rotation": {
						"vector": ["math.clamp(query.head_pitch, -25, 20)", "query.head_yaw", 0]
					}
				},
				"hairLeft": {
					"rotation": {
						"0.0": {
							"vector": [0, 0, -2.5]
						},
						"0.2917": {
							"vector": [5, 0, -0.34615],
							"easing": "easeInOutSine"
						},
						"0.5417": {
							"vector": [0, 0, 1.5],
							"easing": "easeInOutSine"
						},
						"0.7917": {
							"vector": [2.5, 0, -0.68182],
							"easing": "easeInOutSine"
						},
						"1.0": {
							"vector": [0, 0, -2.5],
							"easing": "easeInOutSine"
						}
					}
				},
				"hairRight": {
					"rotation": {
						"0.0": {
							"vector": [0, 0, -2]
						},
						"0.25": {
							"vector": [2.5, 0, 1.5],
							"easing": "easeInOutSine"
						},
						"0.5": {
							"vector": [0, 0, 5],
							"easing": "easeInOutSine"
						},
						"0.7917": {
							"vector": [2.5, 0, 0.91667],
							"easing": "easeInOutSine"
						},
						"1.0": {
							"vector": [0, 0, -2],
							"easing": "easeInOutSine"
						}
					}
				},
				"hairFront": {
					"rotation": {
						"0.0": {
							"vector": [-2.49762, -0.10901, -4.99762]
						},
						"0.25": {
							"vector": [0, 0, -0.30134],
							"easing": "easeInOutSine"
						},
						"0.5": {
							"vector": [-2.49762, 0.10901, 4.99762],
							"easing": "easeInOutSine"
						},
						"0.75": {
							"vector": [0, 0, -0.77254],
							"easing": "easeInOutSine"
						},
						"0.9583": {
							"vector": [-2.49762, -0.10901, -4.99762],
							"easing": "easeInOutSine"
						}
					}
				},
				"hairBack": {
					"rotation": {
						"0.0": {
							"vector": [4.98107, 0.43523, -4.98107]
						},
						"0.25": {
							"vector": [2, 0, 0],
							"easing": "easeInOutSine"
						},
						"0.5": {
							"vector": [4.98107, -0.43523, 4.98107],
							"easing": "easeInOutSine"
						},
						"0.75": {
							"vector": [0, 0, 0],
							"easing": "easeInOutSine"
						},
						"1.0": {
							"vector": [4.98107, 0.43523, -4.98107]
						}
					}
				}
			}
		},
		"sprinting": {
			"loop": true,
			"animation_length": 0.75,
			"bones": {
				"base": {
					"rotation": {
						"0.0": {
							"vector": [0, 0, 0]
						},
						"0.125": {
							"vector": [2.5, 0, 0],
							"easing": "easeInOutSine"
						},
						"0.2083": {
							"vector": [5, 0, 0],
							"easing": "easeInOutSine"
						},
						"0.375": {
							"vector": [0, 0, 0],
							"easing": "easeInOutSine"
						},
						"0.5": {
							"vector": [7.5, 0, 0],
							"easing": "easeInOutSine"
						},
						"0.5833": {
							"vector": [5, 0, 0],
							"easing": "easeInOutSine"
						},
						"0.75": {
							"vector": [0, 0, 0],
							"easing": "easeInOutSine"
						}
					},
					"position": {
						"0.0": {
							"vector": [0, 2, 0]
						},
						"0.2083": {
							"vector": [0, -0.5, 0],
							"easing": "easeInOutSine"
						},
						"0.375": {
							"vector": [0, 2, 0],
							"easing": "easeInOutSine"
						},
						"0.5833": {
							"vector": [0, -0.5, 0],
							"easing": "easeInOutSine"
						},
						"0.75": {
							"vector": [0, 2, 0],
							"easing": "easeInOutSine"
						}
					}
				},
				"legRT": {
					"rotation": {
						"0.0": {
							"vector": [-45, 0, 0]
						},
						"0.375": {
							"vector": [35, 0, 0],
							"easing": "easeInOutSine"
						},
						"0.75": {
							"vector": [-45, 0, 0],
							"easing": "easeInOutSine"
						}
					}
				},
				"legRB": {
					"rotation": {
						"0.0": {
							"vector": [0, 0, 0]
						},
						"0.25": {
							"vector": [0, 0, 0],
							"easing": "easeInOutSine"
						},
						"0.4167": {
							"vector": [75, 0, 0],
							"easing": "easeInOutSine"
						},
						"0.625": {
							"vector": [60, 0, 0],
							"easing": "easeInOutSine"
						},
						"0.75": {
							"vector": [0, 0, 0],
							"easing": "easeInOutSine"
						}
					}
				},
				"feetRB": {
					"rotation": {
						"0.0": {
							"vector": [-10, 0, 0]
						},
						"0.1667": {
							"vector": [0, 0, 0],
							"easing": "easeInOutSine"
						},
						"0.2083": {
							"vector": [-6, 0, 0],
							"easing": "easeInOutSine"
						},
						"0.25": {
							"vector": [-1, 0, 0],
							"easing": "easeInOutSine"
						},
						"0.3333": {
							"vector": [10, 0, 0],
							"easing": "easeInOutSine"
						},
						"0.4167": {
							"vector": [10, 0, 0],
							"easing": "easeInOutSine"
						},
						"0.5833": {
							"vector": [0, 0, 0],
							"easing": "easeInOutSine"
						},
						"0.75": {
							"vector": [-10, 0, 0],
							"easing": "easeInOutSine"
						}
					},
					"position": {
						"0.0": {
							"vector": [0, 0.3, 0]
						},
						"0.1667": {
							"vector": [0, 0, 0],
							"easing": "easeInOutSine"
						},
						"0.2083": {
							"vector": [0, 0.4, 0],
							"easing": "easeInOutSine"
						},
						"0.25": {
							"vector": [0, -0.1, 0],
							"easing": "easeInOutSine"
						},
						"0.3333": {
							"vector": [0, -0.2, 0],
							"easing": "easeInOutSine"
						},
						"0.4167": {
							"vector": [0, -0.2, 0],
							"easing": "easeInOutSine"
						},
						"0.5833": {
							"vector": [0, 0, 0],
							"easing": "easeInOutSine"
						},
						"0.75": {
							"vector": [0, 0.3, 0],
							"easing": "easeInOutSine"
						}
					}
				},
				"legLT": {
					"rotation": {
						"0.0": {
							"vector": [35, 0, 0]
						},
						"0.375": {
							"vector": [-45, 0, 0],
							"easing": "easeInOutSine"
						},
						"0.75": {
							"vector": [35, 0, 0],
							"easing": "easeInOutSine"
						}
					}
				},
				"legLB": {
					"rotation": {
						"0.0": {
							"vector": [75, 0, 0]
						},
						"0.2083": {
							"vector": [65, 0, 0]
						},
						"0.4167": {
							"vector": [0, 0, 0],
							"easing": "easeInOutSine"
						},
						"0.625": {
							"vector": [0, 0, 0],
							"easing": "easeInOutSine"
						},
						"0.75": {
							"vector": [75, 0, 0]
						}
					}
				},
				"feetLT": {
					"rotation": {
						"vector": [0, 0, 0]
					},
					"position": {
						"vector": [0, 0, 0]
					}
				},
				"feetLB": {
					"rotation": {
						"0.0": {
							"vector": [15, 0, 0]
						},
						"0.125": {
							"vector": [-15, 0, 0],
							"easing": "easeInOutSine"
						},
						"0.375": {
							"vector": [-15, 0, 0],
							"easing": "easeInOutSine"
						},
						"0.5417": {
							"vector": [0, 0, 0],
							"easing": "easeInOutSine"
						},
						"0.75": {
							"vector": [15, 0, 0],
							"easing": "easeInOutSine"
						}
					},
					"position": {
						"0.0": {
							"vector": [0, 0, 0]
						},
						"0.125": {
							"vector": [0, 0.5, 0],
							"easing": "easeInOutSine"
						},
						"0.375": {
							"vector": [0, 0.5, 0],
							"easing": "easeInOutSine"
						},
						"0.5417": {
							"vector": [0, 0, 0],
							"easing": "easeInOutSine"
						}
					}
				},
				"bodyB": {
					"rotation": {
						"0.0": {
							"vector": [15.20988, 9.74159, 1.96431]
						},
						"0.375": {
							"vector": [15.20988, -9.74159, -1.96431],
							"easing": "easeInOutSine"
						},
						"0.75": {
							"vector": [15.20988, 9.74159, 1.96431],
							"easing": "easeInOutSine"
						}
					},
					"position": {
						"0.0": {
							"vector": [0, 0.5, 0]
						},
						"0.2083": {
							"vector": [0, -0.5, -0.5],
							"easing": "easeInOutSine"
						},
						"0.375": {
							"vector": [0, 0.5, 0],
							"easing": "easeInOutSine"
						},
						"0.5833": {
							"vector": [0, -0.5, -0.5],
							"easing": "easeInOutSine"
						},
						"0.75": {
							"vector": [0, 0.5, 0],
							"easing": "easeInOutSine"
						}
					}
				},
				"bone": {
					"rotation": {
						"0.0": {
							"vector": [25, 0, 0]
						},
						"0.1667": {
							"vector": [45, 0, 0],
							"easing": "easeInOutSine"
						},
						"0.375": {
							"vector": [35, 0, 0],
							"easing": "easeInOutSine"
						},
						"0.5417": {
							"vector": [55, 0, 0],
							"easing": "easeInOutSine"
						},
						"0.75": {
							"vector": [25, 0, 0],
							"easing": "easeInOutSine"
						}
					},
					"position": {
						"0.0": {
							"vector": [0, 0, 0]
						},
						"0.375": {
							"vector": [0, 1, 0],
							"easing": "easeInOutSine"
						},
						"0.75": {
							"vector": [0, 0, 0],
							"easing": "easeInOutSine"
						}
					}
				},
				"bone2": {
					"rotation": {
						"0.0": {
							"vector": [35, 0, 0]
						},
						"0.1667": {
							"vector": [55, 0, 0],
							"easing": "easeInOutSine"
						},
						"0.375": {
							"vector": [25, 0, 0],
							"easing": "easeInOutSine"
						},
						"0.5417": {
							"vector": [45, 0, 0],
							"easing": "easeInOutSine"
						},
						"0.75": {
							"vector": [35, 0, 0],
							"easing": "easeInOutSine"
						}
					},
					"position": {
						"0.0": {
							"vector": [0, 1, 0]
						},
						"0.375": {
							"vector": [0, 0, 0],
							"easing": "easeInOutSine"
						},
						"0.75": {
							"vector": [0, 1, 0],
							"easing": "easeInOutSine"
						}
					}
				},
				"tie": {
					"rotation": {
						"0.0": {
							"vector": [0, 0, -15]
						},
						"0.375": {
							"vector": [-10, 0, 15],
							"easing": "easeInOutSine"
						},
						"0.75": {
							"vector": [0, 0, -15],
							"easing": "easeInOutSine"
						}
					}
				},
				"tie_2": {
					"rotation": {
						"0.0": {
							"vector": [0, 0, -15]
						},
						"0.375": {
							"vector": [0, 0, 15],
							"easing": "easeInOutSine"
						},
						"0.75": {
							"vector": [0, 0, -15],
							"easing": "easeInOutSine"
						}
					},
					"position": {
						"0.0": {
							"vector": [0, 0.2, 0]
						},
						"0.75": {
							"vector": [0, 0.2, 0],
							"easing": "easeInOutSine"
						}
					}
				},
				"armRT": {
					"rotation": {
						"0.0": {
							"vector": [54.58682, -8.17774, 5.77508]
						},
						"0.375": {
							"vector": [-35.49278, -1.47595, 10.11249],
							"easing": "easeInOutSine"
						},
						"0.75": {
							"vector": [54.58682, -8.17774, 5.77508],
							"easing": "easeInOutSine"
						}
					}
				},
				"armRB": {
					"rotation": {
						"0.0": {
							"vector": [-45, 0, 0]
						},
						"0.375": {
							"vector": [-70, 0, 0],
							"easing": "easeInOutSine"
						},
						"0.75": {
							"vector": [-45, 0, 0],
							"easing": "easeInOutSine"
						}
					},
					"position": {
						"0.0": {
							"vector": [0, 0, 0]
						},
						"0.375": {
							"vector": [0, 0, 0],
							"easing": "easeInOutSine"
						},
						"0.75": {
							"vector": [0, 0, 0],
							"easing": "easeInOutSine"
						}
					}
				},
				"handR": {
					"rotation": {
						"0.0": {
							"vector": [-0.0324, -0.44355, 0.63457]
						},
						"0.375": {
							"vector": [-14.7062, -3.52655, 1.84529],
							"easing": "easeInOutSine"
						},
						"0.75": {
							"vector": [-0.0324, -0.44355, 0.63457],
							"easing": "easeInOutSine"
						}
					}
				},
				"armLT": {
					"rotation": {
						"0.0": {
							"vector": [-35.49278, 1.47595, -10.11249]
						},
						"0.375": {
							"vector": [54.58682, 8.17774, -5.77508],
							"easing": "easeInOutSine"
						},
						"0.75": {
							"vector": [-35.49278, 1.47595, -10.11249],
							"easing": "easeInOutSine"
						}
					}
				},
				"armLB": {
					"rotation": {
						"0.0": {
							"vector": [-70, 0, 0]
						},
						"0.375": {
							"vector": [-45, 0, 0],
							"easing": "easeInOutSine"
						},
						"0.75": {
							"vector": [-70, 0, 0],
							"easing": "easeInOutSine"
						}
					},
					"position": {
						"0.0": {
							"vector": [0, 0, 0]
						},
						"0.375": {
							"vector": [0, 0, 0],
							"easing": "easeInOutSine"
						},
						"0.75": {
							"vector": [0, 0, 0],
							"easing": "easeInOutSine"
						}
					}
				},
				"handL": {
					"rotation": {
						"0.0": {
							"vector": [-17.30567, 1.66469, -0.45452]
						},
						"0.375": {
							"vector": [2.63628, 2.71011, -1.0424],
							"easing": "easeInOutSine"
						},
						"0.75": {
							"vector": [-17.30567, 1.66469, -0.45452],
							"easing": "easeInOutSine"
						}
					}
				},
				"head": {
					"rotation": {
						"vector": ["math.clamp(query.head_pitch, -25, 20)", "query.head_yaw", 0]
					}
				},
				"bodyT": {
					"rotation": {
						"vector": ["0 + (math.clamp(query.head_pitch, -5, 7))", 0, 0]
					}
				},
				"hairLeft": {
					"rotation": {
						"0.0": {
							"vector": [0, 0, -5]
						},
						"0.1667": {
							"vector": [5, 0, 0],
							"easing": "easeInOutSine"
						},
						"0.2917": {
							"vector": [5, 0, -10],
							"easing": "easeInOutSine"
						},
						"0.4167": {
							"vector": [-2.5, 0, -5],
							"easing": "easeInOutSine"
						},
						"0.5417": {
							"vector": [0, 0, -10],
							"easing": "easeInOutSine"
						},
						"0.75": {
							"vector": [0, 0, -5],
							"easing": "easeInOutSine"
						}
					}
				},
				"hairRight": {
					"rotation": {
						"0.0": {
							"vector": [0, 0, 2.5]
						},
						"0.1667": {
							"vector": [0, 0, 5],
							"easing": "easeInOutSine"
						},
						"0.2917": {
							"vector": [0, 0, 0],
							"easing": "easeInOutSine"
						},
						"0.4583": {
							"vector": [2.5, 0, 5],
							"easing": "easeInOutSine"
						},
						"0.5833": {
							"vector": [0, 0, 2.5],
							"easing": "easeInOutSine"
						},
						"0.75": {
							"vector": [0, 0, 2.5],
							"easing": "easeInOutSine"
						}
					}
				},
				"hairFront": {
					"rotation": {
						"0.0": {
							"vector": [-14.94548, 1.29256, 4.83045]
						},
						"0.1667": {
							"vector": [-2.49762, 0.10901, 2.49762],
							"easing": "easeInOutSine"
						},
						"0.3333": {
							"vector": [-24.91643, -2.11089, -4.53359],
							"easing": "easeInOutSine"
						},
						"0.5417": {
							"vector": [-7.47178, -0.65182, -4.95744],
							"easing": "easeInOutSine"
						},
						"0.75": {
							"vector": [-14.94548, 1.29256, 4.83045]
						}
					}
				},
				"hairBack": {
					"rotation": {
						"0.0": {
							"vector": [4.98107, 0.43523, -4.98107]
						},
						"0.2083": {
							"vector": [10, 0, 0],
							"easing": "easeInOutSine"
						},
						"0.3333": {
							"vector": [2, 0, 5],
							"easing": "easeInOutSine"
						},
						"0.5": {
							"vector": [7.49294, -0.32621, 2.47864],
							"easing": "easeInOutSine"
						},
						"0.6667": {
							"vector": [5, 0, 0],
							"easing": "easeInOutSine"
						},
						"0.75": {
							"vector": [4.98107, 0.43523, -4.98107]
						}
					}
				}
			}
		},
		"jump": {
			"animation_length": 0.12,
			"bones": {
				"base": {
					"position": {
						"0.0": {
							"vector": [0, 0, 0]
						},
						"0.08": {
							"vector": [0, 1, 0],
							"easing": "easeInOutSine"
						}
					}
				},
				"legRT": {
					"rotation": {
						"0.0": {
							"vector": [0, 0, 0]
						},
						"0.08": {
							"vector": [0, 0, 7.5],
							"easing": "easeInOutSine"
						}
					}
				},
				"legRB": {
					"rotation": {
						"0.0": {
							"vector": [0, 0, 0]
						},
						"0.08": {
							"vector": [32.5, 0, 0],
							"easing": "easeInOutSine"
						}
					}
				},
				"legLT": {
					"rotation": {
						"0.0": {
							"vector": [0, 0, 0]
						},
						"0.08": {
							"vector": [-17.43745, -1.50179, -4.76968],
							"easing": "easeInOutSine"
						}
					}
				},
				"legLB": {
					"rotation": {
						"0.0": {
							"vector": [0, 0, 0]
						},
						"0.08": {
							"vector": [60, 0, 0],
							"easing": "easeInOutSine"
						}
					}
				},
				"bodyB": {
					"rotation": {
						"0.0": {
							"vector": [0, 0, 0]
						},
						"0.08": {
							"vector": [2.5, 0, 0],
							"easing": "easeInOutSine"
						}
					}
				},
				"bone": {
					"rotation": {
						"0.0": {
							"vector": [0, 0, 0]
						},
						"0.08": {
							"vector": [30, 0, 0],
							"easing": "easeInOutSine"
						}
					}
				},
				"bone2": {
					"rotation": {
						"0.0": {
							"vector": [0, 0, 0]
						},
						"0.08": {
							"vector": [37.5, 0, 0],
							"easing": "easeInOutSine"
						}
					}
				},
				"bodyT": {
					"rotation": {
						"0.0": {
							"vector": ["0 + (math.clamp(query.head_pitch, -5, 7))", 0, 0]
						},
						"0.08": {
							"vector": ["2.5 + (math.clamp(query.head_pitch, -5, 7))", 0, 0],
							"easing": "easeInOutSine"
						}
					}
				},
				"tie": {
					"rotation": {
						"0.0": {
							"vector": [0, 0, 0]
						},
						"0.08": {
							"vector": [-17.5, 0, 0],
							"easing": "easeInOutSine"
						}
					}
				},
				"tie_2": {
					"rotation": {
						"0.0": {
							"vector": [0, 0, 0]
						},
						"0.08": {
							"vector": [15, 0, 0],
							"easing": "easeInOutSine"
						}
					}
				},
				"head": {
					"rotation": {
						"vector": ["math.clamp(query.head_pitch, -25, 20)", "query.head_yaw", 0]
					}
				},
				"armRT": {
					"rotation": {
						"0.0": {
							"vector": [0, 0, 0]
						},
						"0.08": {
							"vector": [11.83511, -2.79158, 21.99084],
							"easing": "easeInOutSine"
						}
					}
				},
				"armRB": {
					"rotation": {
						"0.0": {
							"vector": [0, 0, 0]
						},
						"0.08": {
							"vector": [-55, 0, 0],
							"easing": "easeInOutSine"
						}
					}
				},
				"armLT": {
					"rotation": {
						"0.0": {
							"vector": [0, 0, 0]
						},
						"0.08": {
							"vector": [7.47178, 0.65182, -22.45744],
							"easing": "easeInOutSine"
						}
					}
				},
				"armLB": {
					"rotation": {
						"0.0": {
							"vector": [0, 0, 0]
						},
						"0.08": {
							"vector": [-40, 0, 0],
							"easing": "easeInOutSine"
						}
					}
				}
			}
		},
		"land": {
			"animation_length": 0.12,
			"bones": {
				"base": {
					"position": {
						"0.0": {
							"vector": [0, 0, 0]
						},
						"0.12": {
							"vector": [0, -1, 0]
						}
					}
				},
				"legRT": {
					"rotation": {
						"0.0": {
							"vector": [0, 0, 0]
						},
						"0.08": {
							"vector": [-12.32615, 5.41965, 1.36641]
						}
					}
				},
				"legRB": {
					"rotation": {
						"0.0": {
							"vector": [0, 0, 0]
						},
						"0.08": {
							"vector": [20, 0, 0]
						}
					}
				},
				"legLT": {
					"rotation": {
						"0.0": {
							"vector": [0, 0, 0]
						},
						"0.08": {
							"vector": [-12.50511, -2.98172, -1.89964]
						}
					}
				},
				"legLB": {
					"rotation": {
						"0.0": {
							"vector": [0, 0, 0]
						},
						"0.08": {
							"vector": [20, 0, 0]
						}
					}
				},
				"bodyB": {
					"rotation": {
						"0.0": {
							"vector": [0, 0, 0]
						},
						"0.08": {
							"vector": [2.5, 0, 0],
							"easing": "easeInOutSine"
						}
					}
				},
				"bone": {
					"rotation": {
						"0.0": {
							"vector": [0, 0, 0]
						},
						"0.08": {
							"vector": [7.5, 0, 0],
							"easing": "easeInOutSine"
						}
					}
				},
				"bone2": {
					"rotation": {
						"0.0": {
							"vector": [0, 0, 0]
						},
						"0.08": {
							"vector": [12.5, 0, 0],
							"easing": "easeInOutSine"
						}
					}
				},
				"bodyT": {
					"rotation": {
						"0.0": {
							"vector": ["0 + (math.clamp(query.head_pitch, -5, 7))", 0, 0]
						},
						"0.12": {
							"vector": ["5 + (math.clamp(query.head_pitch, -5, 7))", 0, 0],
							"easing": "easeInOutSine"
						}
					}
				},
				"tie": {
					"rotation": {
						"vector": [0, 0, 0]
					}
				},
				"tie_2": {
					"rotation": {
						"vector": [0, 0, 0]
					}
				},
				"head": {
					"rotation": {
						"vector": ["math.clamp(query.head_pitch, -25, 20)", "query.head_yaw", 0]
					}
				},
				"armRT": {
					"rotation": {
						"0.0": {
							"vector": [0, 0, 0]
						},
						"0.12": {
							"vector": [-5.18984, -4.32387, 7.91363],
							"easing": "easeInOutSine"
						}
					}
				},
				"armRB": {
					"rotation": {
						"0.0": {
							"vector": [0, 0, 0]
						},
						"0.12": {
							"vector": [-10, 0, 0]
						}
					}
				},
				"armLT": {
					"rotation": {
						"0.0": {
							"vector": [0, 0, 0]
						},
						"0.12": {
							"vector": [-2.71045, 2.2701, -7.60827],
							"easing": "easeInOutSine"
						}
					}
				},
				"armLB": {
					"rotation": {
						"0.0": {
							"vector": [0, 0, 0]
						},
						"0.12": {
							"vector": [-10, 0, 0]
						}
					}
				}
			}
		},
		"swipe": {
			"animation_length": 0.4,
			"bones": {
				"bodyB": {
					"rotation": {
						"0.0": {
							"vector": [0, 0, 0]
						},
						"0.16": {
							"vector": [0, -5, 0],
							"easing": "easeInOutSine"
						},
						"0.4": {
							"vector": [0, 0, 0],
							"easing": "easeInOutSine"
						}
					}
				},
				"armRT": {
					"rotation": {
						"0.0": {
							"vector": [0, 0, 0]
						},
						"0.12": {
							"vector": [-37.1564, -18.86038, 29.12441],
							"easing": "easeInOutSine"
						},
						"0.32": {
							"vector": [0, 0, 0],
							"easing": "easeInOutSine"
						}
					}
				},
				"armRB": {
					"rotation": {
						"0.0": {
							"vector": [0, 0, 0]
						},
						"0.08": {
							"vector": [-32.09, 0, 0],
							"easing": "easeInOutSine"
						},
						"0.2": {
							"vector": [-35, 0, 0],
							"easing": "easeInOutSine"
						},
						"0.4": {
							"vector": [0, 0, 0],
							"easing": "easeInOutSine"
						}
					}
				},
				"bodyT": {
					"rotation": {
						"vector": ["0 + (math.clamp(query.head_pitch, -5, 7))", 0, 0]
					}
				}
			}
		}
	},
	"geckolib_format_version": 2
}