{
	"format_version": "1.12.0",
	"minecraft:geometry": [
		{
			"description": {
				"identifier": "geometry.unknown",
				"texture_width": 128,
				"texture_height": 128,
				"visible_bounds_width": 4,
				"visible_bounds_height": 3.5,
				"visible_bounds_offset": [0, 1.25, 0]
			},
			"bones": [
				{
					"name": "Rake",
					"pivot": [0, -7.25, -3]
				},
				{
					"name": "Right_leg",
					"parent": "Rake",
					"pivot": [-2.7, 22.95, -1.1],
					"rotation": [-12.5, 0, 0],
					"cubes": [
						{
							"origin": [-4.25, 10.75, -3.6],
							"size": [3.5, 12, 5],
							"uv": {
								"north": {"uv": [8, 24], "uv_size": [4, 12]},
								"east": {"uv": [8, 0], "uv_size": [5, 12]},
								"south": {"uv": [12, 24], "uv_size": [4, 12]},
								"west": {"uv": [8, 12], "uv_size": [5, 12]},
								"up": {"uv": [48, 4], "uv_size": [4, 5]},
								"down": {"uv": [48, 29], "uv_size": [4, -5]}
							}
						},
						{
							"origin": [-4.75, 15.75, -1.6],
							"size": [0.5, 7, 3],
							"uv": {
								"north": {"uv": [39, 65], "uv_size": [1, 7]},
								"east": {"uv": [11, 48], "uv_size": [3, 7]},
								"south": {"uv": [40, 65], "uv_size": [1, 7]},
								"west": {"uv": [20, 48], "uv_size": [3, 7]},
								"up": {"uv": [35, 69], "uv_size": [1, 3]},
								"down": {"uv": [36, 72], "uv_size": [1, -3]}
							}
						},
						{
							"origin": [-0.75, 16.75, -2.6],
							"size": [0.5, 6, 4],
							"uv": {
								"north": {"uv": [41, 65], "uv_size": [1, 6]},
								"east": {"uv": [28, 46], "uv_size": [4, 6]},
								"south": {"uv": [19, 67], "uv_size": [1, 6]},
								"west": {"uv": [32, 46], "uv_size": [4, 6]},
								"up": {"uv": [47, 68], "uv_size": [1, 4]},
								"down": {"uv": [68, 58], "uv_size": [1, -4]}
							}
						},
						{
							"origin": [-4.25, 16.75, 1.4],
							"size": [3.5, 5, 1],
							"uv": {
								"north": {"uv": [50, 46], "uv_size": [4, 5]},
								"east": {"uv": [27, 67], "uv_size": [1, 5]},
								"south": {"uv": [50, 51], "uv_size": [4, 5]},
								"west": {"uv": [28, 67], "uv_size": [1, 5]},
								"up": {"uv": [68, 52], "uv_size": [4, 1]},
								"down": {"uv": [68, 54], "uv_size": [4, -1]}
							}
						}
					]
				},
				{
					"name": "Right_leg_down",
					"parent": "Right_leg",
					"pivot": [-2.5, 12.75, -1.6],
					"rotation": [25, 0, 0],
					"cubes": [
						{
							"origin": [-4.15, 6.75, -2.6],
							"size": [3.3, 6, 5],
							"uv": {
								"north": {"uv": [4, 52], "uv_size": [3, 6]},
								"east": {"uv": [35, 0], "uv_size": [5, 6]},
								"south": {"uv": [52, 22], "uv_size": [3, 6]},
								"west": {"uv": [6, 36], "uv_size": [5, 6]},
								"up": {"uv": [52, 4], "uv_size": [3, 5]},
								"down": {"uv": [20, 60], "uv_size": [3, -5]}
							}
						}
					]
				},
				{
					"name": "Right_leg_down2",
					"parent": "Right_leg_down",
					"pivot": [-2.5, 6.75, -1.6],
					"rotation": [55, 0, 0],
					"cubes": [
						{
							"origin": [-4, 0.75, -2.6],
							"size": [3, 6, 3.5],
							"uv": {
								"north": {"uv": [23, 52], "uv_size": [3, 6]},
								"east": {"uv": [16, 39], "uv_size": [4, 6]},
								"south": {"uv": [26, 52], "uv_size": [3, 6]},
								"west": {"uv": [40, 0], "uv_size": [4, 6]},
								"up": {"uv": [27, 36], "uv_size": [3, 4]},
								"down": {"uv": [24, 46], "uv_size": [3, -4]}
							}
						}
					]
				},
				{
					"name": "Right_ankle",
					"parent": "Right_leg_down2",
					"pivot": [-2.5, 0.75, 0.9],
					"rotation": [-70, 0, 0],
					"cubes": [
						{
							"origin": [-3.75, -5.25, -2.1],
							"size": [2.5, 6, 3],
							"uv": {
								"north": {"uv": [52, 28], "uv_size": [3, 6]},
								"east": {"uv": [29, 52], "uv_size": [3, 6]},
								"south": {"uv": [32, 52], "uv_size": [3, 6]},
								"west": {"uv": [35, 52], "uv_size": [3, 6]},
								"up": {"uv": [63, 26], "uv_size": [3, 3]},
								"down": {"uv": [63, 32], "uv_size": [3, -3]}
							}
						}
					]
				},
				{
					"name": "Right_foot",
					"parent": "Right_ankle",
					"pivot": [-2.5, -5.33333, -0.1],
					"rotation": [2.5, 0, 0],
					"cubes": [
						{
							"origin": [-3.25, -6.66276, -5.0981],
							"size": [1.5, 1.5, 4],
							"uv": {
								"north": {"uv": [8, 46], "uv_size": [2, 2]},
								"east": {"uv": [22, 34], "uv_size": [4, 2]},
								"south": {"uv": [50, 22], "uv_size": [2, 2]},
								"west": {"uv": [44, 4], "uv_size": [4, 2]},
								"up": {"uv": [6, 31], "uv_size": [2, 4]},
								"down": {"uv": [4, 41], "uv_size": [2, -4]}
							}
						},
						{
							"origin": [-4, -6.66276, -1.0981],
							"size": [3, 1.5, 1.75],
							"uv": {
								"north": {"uv": [38, 14], "uv_size": [3, 2]},
								"east": {"uv": [32, 67], "uv_size": [2, 2]},
								"south": {"uv": [55, 32], "uv_size": [3, 2]},
								"west": {"uv": [67, 35], "uv_size": [2, 2]},
								"up": {"uv": [65, 20], "uv_size": [3, 2]},
								"down": {"uv": [3, 68], "uv_size": [3, -2]}
							}
						}
					]
				},
				{
					"name": "Left_leg",
					"parent": "Rake",
					"pivot": [2.7, 22.95, -1.1],
					"rotation": [-12.5, 0, 0],
					"cubes": [
						{
							"origin": [0.75, 10.75, -3.6],
							"size": [3.5, 12, 5],
							"uv": {
								"north": {"uv": [26, 12], "uv_size": [4, 12]},
								"east": {"uv": [13, 0], "uv_size": [5, 12]},
								"south": {"uv": [26, 24], "uv_size": [4, 12]},
								"west": {"uv": [13, 12], "uv_size": [5, 12]},
								"up": {"uv": [48, 29], "uv_size": [4, 5]},
								"down": {"uv": [14, 54], "uv_size": [4, -5]}
							}
						},
						{
							"origin": [4.25, 15.75, -1.6],
							"size": [0.5, 7, 3],
							"uv": {
								"north": {"uv": [31, 65], "uv_size": [1, 7]},
								"east": {"uv": [47, 46], "uv_size": [3, 7]},
								"south": {"uv": [38, 65], "uv_size": [1, 7]},
								"west": {"uv": [8, 48], "uv_size": [3, 7]},
								"up": {"uv": [33, 69], "uv_size": [1, 3]},
								"down": {"uv": [34, 72], "uv_size": [1, -3]}
							}
						},
						{
							"origin": [0.25, 16.75, -2.6],
							"size": [0.5, 6, 4],
							"uv": {
								"north": {"uv": [23, 67], "uv_size": [1, 6]},
								"east": {"uv": [36, 46], "uv_size": [4, 6]},
								"south": {"uv": [24, 67], "uv_size": [1, 6]},
								"west": {"uv": [40, 46], "uv_size": [4, 6]},
								"up": {"uv": [56, 68], "uv_size": [1, 4]},
								"down": {"uv": [57, 72], "uv_size": [1, -4]}
							}
						},
						{
							"origin": [0.75, 16.75, 1.4],
							"size": [3.5, 5, 1],
							"uv": {
								"north": {"uv": [0, 50], "uv_size": [4, 5]},
								"east": {"uv": [25, 67], "uv_size": [1, 5]},
								"south": {"uv": [50, 17], "uv_size": [4, 5]},
								"west": {"uv": [26, 67], "uv_size": [1, 5]},
								"up": {"uv": [68, 47], "uv_size": [4, 1]},
								"down": {"uv": [52, 69], "uv_size": [4, -1]}
							}
						}
					]
				},
				{
					"name": "Left_leg_down",
					"parent": "Left_leg",
					"pivot": [2.5, 12.75, -1.6],
					"rotation": [25, 0, 0],
					"cubes": [
						{
							"origin": [0.85, 6.75, -2.6],
							"size": [3.3, 6, 5],
							"uv": {
								"north": {"uv": [38, 52], "uv_size": [3, 6]},
								"east": {"uv": [11, 36], "uv_size": [5, 6]},
								"south": {"uv": [41, 52], "uv_size": [3, 6]},
								"west": {"uv": [36, 16], "uv_size": [5, 6]},
								"up": {"uv": [3, 58], "uv_size": [3, 5]},
								"down": {"uv": [58, 9], "uv_size": [3, -5]}
							}
						}
					]
				},
				{
					"name": "Left_leg_down2",
					"parent": "Left_leg_down",
					"pivot": [2.5, 6.75, -1.6],
					"rotation": [55, 0, 0],
					"cubes": [
						{
							"origin": [1, 0.75, -2.6],
							"size": [3, 6, 3.5],
							"uv": {
								"north": {"uv": [44, 53], "uv_size": [3, 6]},
								"east": {"uv": [27, 40], "uv_size": [4, 6]},
								"south": {"uv": [47, 53], "uv_size": [3, 6]},
								"west": {"uv": [31, 40], "uv_size": [4, 6]},
								"up": {"uv": [58, 35], "uv_size": [3, 4]},
								"down": {"uv": [57, 62], "uv_size": [3, -4]}
							}
						}
					]
				},
				{
					"name": "Left_ankle",
					"parent": "Left_leg_down2",
					"pivot": [2.5, 0.75, 0.9],
					"rotation": [-70, 0, 0],
					"cubes": [
						{
							"origin": [1.25, -5.25, -2.1],
							"size": [2.5, 6, 3],
							"uv": {
								"north": {"uv": [14, 54], "uv_size": [3, 6]},
								"east": {"uv": [17, 54], "uv_size": [3, 6]},
								"south": {"uv": [54, 42], "uv_size": [3, 6]},
								"west": {"uv": [54, 48], "uv_size": [3, 6]},
								"up": {"uv": [63, 32], "uv_size": [3, 3]},
								"down": {"uv": [63, 42], "uv_size": [3, -3]}
							}
						}
					]
				},
				{
					"name": "Left_foot",
					"parent": "Left_ankle",
					"pivot": [2.5, -5.33333, -0.1],
					"rotation": [2.5, 0, 0],
					"cubes": [
						{
							"origin": [1.75, -6.66276, -5.0981],
							"size": [1.5, 1.5, 4],
							"uv": {
								"north": {"uv": [48, 67], "uv_size": [2, 2]},
								"east": {"uv": [64, 14], "uv_size": [4, 2]},
								"south": {"uv": [67, 48], "uv_size": [2, 2]},
								"west": {"uv": [64, 62], "uv_size": [4, 2]},
								"up": {"uv": [18, 49], "uv_size": [2, 4]},
								"down": {"uv": [64, 68], "uv_size": [2, -4]}
							}
						},
						{
							"origin": [1, -6.66276, -1.0981],
							"size": [3, 1.5, 1.75],
							"uv": {
								"north": {"uv": [6, 66], "uv_size": [3, 2]},
								"east": {"uv": [50, 67], "uv_size": [2, 2]},
								"south": {"uv": [9, 66], "uv_size": [3, 2]},
								"west": {"uv": [67, 50], "uv_size": [2, 2]},
								"up": {"uv": [12, 66], "uv_size": [3, 2]},
								"down": {"uv": [66, 24], "uv_size": [3, -2]}
							}
						}
					]
				},
				{
					"name": "Body",
					"parent": "Rake",
					"pivot": [0, 20.75, -1.125],
					"cubes": [
						{
							"origin": [-4, 20.75, -4],
							"size": [8, 3, 4.75],
							"uv": {
								"north": {"uv": [38, 11], "uv_size": [8, 3]},
								"east": {"uv": [42, 30], "uv_size": [5, 3]},
								"south": {"uv": [40, 33], "uv_size": [8, 3]},
								"west": {"uv": [58, 9], "uv_size": [5, 3]},
								"up": {"uv": [28, 6], "uv_size": [8, 5]},
								"down": {"uv": [30, 16], "uv_size": [8, -5]}
							}
						}
					]
				},
				{
					"name": "body_up",
					"parent": "Body",
					"pivot": [0, 23.75, 0.75],
					"rotation": [15, 0, 0],
					"cubes": [
						{
							"origin": [-2, 28.5, 5.5],
							"size": [4, 1, 3],
							"pivot": [4, 34, 2.5],
							"rotation": [-55, 0, 0],
							"uv": {
								"north": {"uv": [68, 15], "uv_size": [4, 1]},
								"east": {"uv": [69, 19], "uv_size": [3, 1]},
								"south": {"uv": [68, 20], "uv_size": [4, 1]},
								"west": {"uv": [69, 22], "uv_size": [3, 1]},
								"up": {"uv": [3, 63], "uv_size": [4, 3]},
								"down": {"uv": [7, 66], "uv_size": [4, -3]}
							}
						},
						{
							"origin": [-2, 26.5, 8.5],
							"size": [4, 1, 3],
							"pivot": [4, 34, 2.5],
							"rotation": [-55, 0, 0],
							"uv": {
								"north": {"uv": [68, 21], "uv_size": [4, 1]},
								"east": {"uv": [69, 23], "uv_size": [3, 1]},
								"south": {"uv": [68, 29], "uv_size": [4, 1]},
								"west": {"uv": [69, 28], "uv_size": [3, 1]},
								"up": {"uv": [63, 8], "uv_size": [4, 3]},
								"down": {"uv": [11, 66], "uv_size": [4, -3]}
							}
						},
						{
							"origin": [-3, 23.75, -3.75],
							"size": [6, 6, 4.5],
							"uv": {
								"north": {"uv": [30, 16], "uv_size": [6, 6]},
								"east": {"uv": [22, 36], "uv_size": [5, 6]},
								"south": {"uv": [30, 22], "uv_size": [6, 6]},
								"west": {"uv": [36, 22], "uv_size": [5, 6]},
								"up": {"uv": [36, 6], "uv_size": [6, 5]},
								"down": {"uv": [36, 33], "uv_size": [6, -5]}
							}
						},
						{
							"origin": [-4, 26.75, -4.25],
							"size": [1, 3, 5],
							"uv": {
								"north": {"uv": [69, 30], "uv_size": [1, 3]},
								"east": {"uv": [29, 58], "uv_size": [5, 3]},
								"south": {"uv": [32, 69], "uv_size": [1, 3]},
								"west": {"uv": [58, 32], "uv_size": [5, 3]},
								"up": {"uv": [54, 17], "uv_size": [1, 5]},
								"down": {"uv": [13, 60], "uv_size": [1, -5]}
							}
						},
						{
							"origin": [3, 26.75, -3.25],
							"size": [1, 4, 4],
							"uv": {
								"north": {"uv": [68, 43], "uv_size": [1, 4]},
								"east": {"uv": [57, 54], "uv_size": [4, 4]},
								"south": {"uv": [44, 68], "uv_size": [1, 4]},
								"west": {"uv": [58, 0], "uv_size": [4, 4]},
								"up": {"uv": [45, 68], "uv_size": [1, 4]},
								"down": {"uv": [46, 72], "uv_size": [1, -4]}
							}
						}
					]
				},
				{
					"name": "body_up2",
					"parent": "body_up",
					"pivot": [0, 29.75, 0.83333],
					"rotation": [17.5, 0, 0],
					"cubes": [
						{
							"origin": [-1.875, 29.75, -3.75],
							"size": [0, 8, 1],
							"uv": {
								"north": {"uv": [0, 0], "uv_size": [0, 8]},
								"east": {"uv": [7, 16], "uv_size": [1, 8]},
								"south": {"uv": [0, 0], "uv_size": [0, 8]},
								"west": {"uv": [25, 12], "uv_size": [1, 8]},
								"up": {"uv": [0, 0], "uv_size": [0, 1]},
								"down": {"uv": [0, 1], "uv_size": [0, -1]}
							}
						},
						{
							"origin": [1.875, 29.75, -3.75],
							"size": [0, 8, 1],
							"uv": {
								"north": {"uv": [0, 0], "uv_size": [0, 8]},
								"east": {"uv": [20, 63], "uv_size": [1, 8]},
								"south": {"uv": [0, 0], "uv_size": [0, 8]},
								"west": {"uv": [0, 65], "uv_size": [1, 8]},
								"up": {"uv": [0, 0], "uv_size": [0, 1]},
								"down": {"uv": [0, 1], "uv_size": [0, -1]}
							}
						},
						{
							"origin": [-4.125, 29.75, -4.75],
							"size": [8.25, 8, 7],
							"uv": {
								"north": {"uv": [0, 0], "uv_size": [8, 8]},
								"east": {"uv": [0, 16], "uv_size": [7, 8]},
								"south": {"uv": [0, 8], "uv_size": [8, 8]},
								"west": {"uv": [18, 12], "uv_size": [7, 8]},
								"up": {"uv": [18, 20], "uv_size": [8, 7]},
								"down": {"uv": [0, 31], "uv_size": [8, -7]}
							}
						},
						{
							"origin": [-5.125, 32.75, -1.75],
							"size": [10.25, 6, 2],
							"uv": {
								"north": {"uv": [18, 0], "uv_size": [10, 6]},
								"east": {"uv": [15, 63], "uv_size": [2, 6]},
								"south": {"uv": [18, 6], "uv_size": [10, 6]},
								"west": {"uv": [63, 16], "uv_size": [2, 6]},
								"up": {"uv": [48, 34], "uv_size": [10, 2]},
								"down": {"uv": [49, 42], "uv_size": [10, -2]}
							}
						}
					]
				},
				{
					"name": "bone22",
					"parent": "body_up2",
					"pivot": [1.875, 37.75, 1]
				},
				{
					"name": "wool",
					"parent": "body_up2",
					"pivot": [-1.875, 37.75, 1],
					"cubes": [
						{
							"origin": [-2, 35.5, -0.75],
							"size": [4, 1, 3],
							"pivot": [4, 34, 2.5],
							"rotation": [-32.5, 0, 0],
							"uv": {
								"north": {"uv": [59, 31], "uv_size": [4, 1]},
								"east": {"uv": [58, 68], "uv_size": [3, 1]},
								"south": {"uv": [67, 37], "uv_size": [4, 1]},
								"west": {"uv": [68, 58], "uv_size": [3, 1]},
								"up": {"uv": [59, 22], "uv_size": [4, 3]},
								"down": {"uv": [59, 28], "uv_size": [4, -3]}
							}
						},
						{
							"origin": [-2, 33.5, 0.5],
							"size": [4, 1, 3],
							"pivot": [4, 34, 2.5],
							"rotation": [-42.5, 0, 0],
							"uv": {
								"north": {"uv": [52, 67], "uv_size": [4, 1]},
								"east": {"uv": [68, 59], "uv_size": [3, 1]},
								"south": {"uv": [56, 67], "uv_size": [4, 1]},
								"west": {"uv": [68, 60], "uv_size": [3, 1]},
								"up": {"uv": [59, 28], "uv_size": [4, 3]},
								"down": {"uv": [59, 42], "uv_size": [4, -3]}
							}
						},
						{
							"origin": [-2, 32, 1.75],
							"size": [4, 1, 3],
							"pivot": [4, 34, 2.5],
							"rotation": [-47.5, 0, 0],
							"uv": {
								"north": {"uv": [66, 67], "uv_size": [4, 1]},
								"east": {"uv": [61, 68], "uv_size": [3, 1]},
								"south": {"uv": [68, 0], "uv_size": [4, 1]},
								"west": {"uv": [68, 62], "uv_size": [3, 1]},
								"up": {"uv": [42, 59], "uv_size": [4, 3]},
								"down": {"uv": [46, 62], "uv_size": [4, -3]}
							}
						},
						{
							"origin": [-2, 30.5, 3.5],
							"size": [4, 1, 3],
							"pivot": [4, 34, 2.5],
							"rotation": [-55, 0, 0],
							"uv": {
								"north": {"uv": [68, 1], "uv_size": [4, 1]},
								"east": {"uv": [68, 63], "uv_size": [3, 1]},
								"south": {"uv": [68, 2], "uv_size": [4, 1]},
								"west": {"uv": [64, 68], "uv_size": [3, 1]},
								"up": {"uv": [13, 60], "uv_size": [4, 3]},
								"down": {"uv": [17, 63], "uv_size": [4, -3]}
							}
						}
					]
				},
				{
					"name": "Head",
					"parent": "body_up2",
					"pivot": [0, 37.75, 0.25],
					"rotation": [45, 0, 0],
					"cubes": [
						{
							"origin": [-2, 36.75, -5.25],
							"size": [4, 6, 6.5],
							"uv": {
								"north": {"uv": [35, 40], "uv_size": [4, 6]},
								"east": {"uv": [16, 27], "uv_size": [7, 6]},
								"south": {"uv": [40, 36], "uv_size": [4, 6]},
								"west": {"uv": [28, 0], "uv_size": [7, 6]},
								"up": {"uv": [36, 33], "uv_size": [4, 7]},
								"down": {"uv": [0, 44], "uv_size": [4, -7]}
							}
						}
					]
				},
				{
					"name": "head2",
					"parent": "Head",
					"pivot": [0.41667, 41.56873, -1.82976],
					"rotation": [-65, 0, 0],
					"cubes": [
						{
							"origin": [-3, 36.75, -8.43115],
							"size": [6, 2, 6.43115],
							"uv": {
								"north": {"uv": [50, 60], "uv_size": [6, 2]},
								"east": {"uv": [60, 58], "uv_size": [6, 2]},
								"south": {"uv": [60, 60], "uv_size": [6, 2]},
								"west": {"uv": [61, 4], "uv_size": [6, 2]},
								"up": {"uv": [30, 28], "uv_size": [6, 6]},
								"down": {"uv": [0, 37], "uv_size": [6, -6]}
							}
						},
						{
							"origin": [-3, 38.75, -8.68115],
							"size": [6, 3.75024, 3.68115],
							"uv": {
								"north": {"uv": [41, 14], "uv_size": [6, 4]},
								"east": {"uv": [50, 36], "uv_size": [4, 4]},
								"south": {"uv": [41, 18], "uv_size": [6, 4]},
								"west": {"uv": [54, 36], "uv_size": [4, 4]},
								"up": {"uv": [41, 22], "uv_size": [6, 4]},
								"down": {"uv": [4, 46], "uv_size": [6, -4]}
							}
						},
						{
							"origin": [-3, 38.75, -5],
							"size": [6, 6, 3.5],
							"uv": {
								"north": {"uv": [16, 33], "uv_size": [6, 6]},
								"east": {"uv": [10, 42], "uv_size": [4, 6]},
								"south": {"uv": [30, 34], "uv_size": [6, 6]},
								"west": {"uv": [20, 42], "uv_size": [4, 6]},
								"up": {"uv": [42, 6], "uv_size": [6, 4]},
								"down": {"uv": [42, 30], "uv_size": [6, -4]}
							}
						},
						{
							"origin": [-2.25, 44.75, -2.77837],
							"size": [4.5, 0.59528, 1.27837],
							"uv": {
								"north": {"uv": [42, 10], "uv_size": [5, 1]},
								"east": {"uv": [22, 33], "uv_size": [1, 1]},
								"south": {"uv": [66, 34], "uv_size": [5, 1]},
								"west": {"uv": [58, 39], "uv_size": [1, 1]},
								"up": {"uv": [66, 61], "uv_size": [5, 1]},
								"down": {"uv": [67, 14], "uv_size": [5, -1]}
							}
						},
						{
							"origin": [-2.75, 40.09303, -7.89447],
							"size": [5.5, 4.21131, 4.31345],
							"pivot": [0, 42.09303, -5.055],
							"rotation": [32.5, 0, 0],
							"uv": {
								"north": {"uv": [39, 42], "uv_size": [6, 4]},
								"east": {"uv": [55, 24], "uv_size": [4, 4]},
								"south": {"uv": [44, 0], "uv_size": [6, 4]},
								"west": {"uv": [55, 28], "uv_size": [4, 4]},
								"up": {"uv": [44, 36], "uv_size": [6, 4]},
								"down": {"uv": [14, 49], "uv_size": [6, -4]}
							}
						},
						{
							"origin": [-2.75, 44.21997, -4.93022],
							"size": [5.5, 1, 2.3],
							"pivot": [0, 44.71997, -3.18022],
							"rotation": [15, 0, 0],
							"uv": {
								"north": {"uv": [64, 38], "uv_size": [6, 1]},
								"east": {"uv": [28, 11], "uv_size": [2, 1]},
								"south": {"uv": [66, 24], "uv_size": [6, 1]},
								"west": {"uv": [6, 35], "uv_size": [2, 1]},
								"up": {"uv": [6, 61], "uv_size": [6, 2]},
								"down": {"uv": [61, 8], "uv_size": [6, -2]}
							}
						},
						{
							"origin": [-1.5, 40.75, -8.43115],
							"size": [3, 2.50024, 3.43115],
							"uv": {
								"north": {"uv": [63, 42], "uv_size": [3, 3]},
								"east": {"uv": [63, 45], "uv_size": [3, 3]},
								"south": {"uv": [63, 52], "uv_size": [3, 3]},
								"west": {"uv": [63, 55], "uv_size": [3, 3]},
								"up": {"uv": [64, 11], "uv_size": [3, 3]},
								"down": {"uv": [64, 38], "uv_size": [3, -3]}
							}
						}
					]
				},
				{
					"name": "tongue",
					"parent": "Head",
					"pivot": [0, 37, -5],
					"rotation": [-15, 0, 0],
					"cubes": [
						{
							"origin": [-0.75, 36.5, -8],
							"size": [1.5, 1, 3],
							"uv": {
								"north": {"uv": [4, 41], "uv_size": [2, 1]},
								"east": {"uv": [68, 64], "uv_size": [3, 1]},
								"south": {"uv": [48, 9], "uv_size": [2, 1]},
								"west": {"uv": [68, 65], "uv_size": [3, 1]},
								"up": {"uv": [16, 24], "uv_size": [2, 3]},
								"down": {"uv": [20, 42], "uv_size": [2, -3]}
							}
						}
					]
				},
				{
					"name": "bone14",
					"parent": "tongue",
					"pivot": [0, 37, -8],
					"rotation": [32.5, 0, 0],
					"cubes": [
						{
							"origin": [-0.5, 36.5, -11],
							"size": [1, 1, 3],
							"uv": {
								"north": {"uv": [61, 8], "uv_size": [1, 1]},
								"east": {"uv": [68, 66], "uv_size": [3, 1]},
								"south": {"uv": [62, 8], "uv_size": [1, 1]},
								"west": {"uv": [67, 68], "uv_size": [3, 1]},
								"up": {"uv": [46, 11], "uv_size": [1, 3]},
								"down": {"uv": [47, 33], "uv_size": [1, -3]}
							}
						}
					]
				},
				{
					"name": "bone15",
					"parent": "bone14",
					"pivot": [0, 37, -11],
					"rotation": [27.5, 0, 0],
					"cubes": [
						{
							"origin": [-0.5, 36.5, -13],
							"size": [1, 1, 2],
							"uv": {
								"north": {"uv": [63, 11], "uv_size": [1, 1]},
								"east": {"uv": [18, 53], "uv_size": [2, 1]},
								"south": {"uv": [69, 33], "uv_size": [1, 1]},
								"west": {"uv": [42, 58], "uv_size": [2, 1]},
								"up": {"uv": [39, 40], "uv_size": [1, 2]},
								"down": {"uv": [41, 28], "uv_size": [1, -2]}
							}
						}
					]
				},
				{
					"name": "Right_arm",
					"parent": "body_up2",
					"pivot": [-3.7, 36.95, -1],
					"rotation": [-26.67263, 13.35973, 13.68074],
					"cubes": [
						{
							"origin": [-7.18047, 34.71454, -1.75613],
							"size": [1, 3, 2.5],
							"uv": {
								"north": {"uv": [7, 52], "uv_size": [1, 3]},
								"east": {"uv": [48, 64], "uv_size": [3, 3]},
								"south": {"uv": [3, 55], "uv_size": [1, 3]},
								"west": {"uv": [51, 64], "uv_size": [3, 3]},
								"up": {"uv": [6, 58], "uv_size": [1, 3]},
								"down": {"uv": [1, 72], "uv_size": [1, -3]}
							}
						},
						{
							"origin": [-6.25, 34.75, -3],
							"size": [2.5, 4, 5],
							"uv": {
								"north": {"uv": [23, 63], "uv_size": [3, 4]},
								"east": {"uv": [50, 9], "uv_size": [5, 4]},
								"south": {"uv": [26, 63], "uv_size": [3, 4]},
								"west": {"uv": [50, 13], "uv_size": [5, 4]},
								"up": {"uv": [23, 58], "uv_size": [3, 5]},
								"down": {"uv": [26, 63], "uv_size": [3, -5]}
							}
						}
					]
				},
				{
					"name": "Right_arm2",
					"parent": "Right_arm",
					"pivot": [-5, 34.75, -1],
					"rotation": [0, 0, -15],
					"cubes": [
						{
							"origin": [-6.25, 28.75, -2.5],
							"size": [2.5, 6, 4],
							"uv": {
								"north": {"uv": [54, 54], "uv_size": [3, 6]},
								"east": {"uv": [0, 44], "uv_size": [4, 6]},
								"south": {"uv": [0, 55], "uv_size": [3, 6]},
								"west": {"uv": [45, 40], "uv_size": [4, 6]},
								"up": {"uv": [0, 61], "uv_size": [3, 4]},
								"down": {"uv": [61, 16], "uv_size": [3, -4]}
							}
						},
						{
							"origin": [-6.64201, 29.69775, -1.50613],
							"size": [0.5, 4, 2],
							"uv": {
								"north": {"uv": [68, 30], "uv_size": [1, 4]},
								"east": {"uv": [1, 65], "uv_size": [2, 4]},
								"south": {"uv": [68, 39], "uv_size": [1, 4]},
								"west": {"uv": [29, 65], "uv_size": [2, 4]},
								"up": {"uv": [69, 41], "uv_size": [1, 2]},
								"down": {"uv": [69, 45], "uv_size": [1, -2]}
							}
						}
					]
				},
				{
					"name": "Right_arm_down",
					"parent": "Right_arm2",
					"pivot": [-5, 28.75, -1],
					"rotation": [-67.5, 0, 0],
					"cubes": [
						{
							"origin": [-6, 22.75, -2],
							"size": [2, 7, 3],
							"uv": {
								"north": {"uv": [34, 58], "uv_size": [2, 7]},
								"east": {"uv": [23, 27], "uv_size": [3, 7]},
								"south": {"uv": [36, 58], "uv_size": [2, 7]},
								"west": {"uv": [44, 46], "uv_size": [3, 7]},
								"up": {"uv": [14, 42], "uv_size": [2, 3]},
								"down": {"uv": [21, 69], "uv_size": [2, -3]}
							}
						}
					]
				},
				{
					"name": "bone37",
					"parent": "Right_arm_down",
					"pivot": [-5, 22.75, -1.25],
					"rotation": [90, 0, 0],
					"cubes": [
						{
							"origin": [-5.75, 16.75, -2.25],
							"size": [1.5, 6, 2.5],
							"uv": {
								"north": {"uv": [21, 60], "uv_size": [2, 6]},
								"east": {"uv": [55, 0], "uv_size": [3, 6]},
								"south": {"uv": [61, 16], "uv_size": [2, 6]},
								"west": {"uv": [55, 6], "uv_size": [3, 6]},
								"up": {"uv": [66, 25], "uv_size": [2, 3]},
								"down": {"uv": [66, 31], "uv_size": [2, -3]}
							}
						}
					]
				},
				{
					"name": "bone38",
					"parent": "bone37",
					"pivot": [-5, 16.75, -2.25],
					"cubes": [
						{
							"origin": [-5.5, 13.75, -2.25],
							"size": [1, 3, 2],
							"uv": {
								"north": {"uv": [2, 69], "uv_size": [1, 3]},
								"east": {"uv": [66, 31], "uv_size": [2, 3]},
								"south": {"uv": [69, 4], "uv_size": [1, 3]},
								"west": {"uv": [66, 39], "uv_size": [2, 3]},
								"up": {"uv": [44, 40], "uv_size": [1, 2]},
								"down": {"uv": [47, 26], "uv_size": [1, -2]}
							}
						}
					]
				},
				{
					"name": "bone39",
					"parent": "bone38",
					"pivot": [-5, 13.75, -2.25],
					"rotation": [12.5, 0, 0],
					"cubes": [
						{
							"origin": [-5.5, 10.75, -2.25],
							"size": [1, 3, 2],
							"uv": {
								"north": {"uv": [69, 7], "uv_size": [1, 3]},
								"east": {"uv": [66, 42], "uv_size": [2, 3]},
								"south": {"uv": [69, 10], "uv_size": [1, 3]},
								"west": {"uv": [66, 45], "uv_size": [2, 3]},
								"up": {"uv": [58, 22], "uv_size": [1, 2]},
								"down": {"uv": [56, 62], "uv_size": [1, -2]}
							}
						}
					]
				},
				{
					"name": "bone40",
					"parent": "bone39",
					"pivot": [-5, 10.75, -2.25],
					"rotation": [17.5, 0, 0],
					"cubes": [
						{
							"origin": [-5, 6.75, -2.25],
							"size": [0, 4, 4],
							"uv": {
								"north": {"uv": [0, 0], "uv_size": [0, 4]},
								"east": {"uv": [50, 56], "uv_size": [4, 4]},
								"south": {"uv": [0, 0], "uv_size": [0, 4]},
								"west": {"uv": [57, 42], "uv_size": [4, 4]},
								"up": {"uv": [0, 0], "uv_size": [0, 4]},
								"down": {"uv": [0, 4], "uv_size": [0, -4]}
							}
						}
					]
				},
				{
					"name": "Left_arm",
					"parent": "body_up2",
					"pivot": [3.7, 36.95, -1],
					"rotation": [-27.10587, -13.38527, -13.68932],
					"cubes": [
						{
							"origin": [6.18047, 34.71454, -1.75613],
							"size": [1, 3, 2.5],
							"uv": {
								"north": {"uv": [15, 69], "uv_size": [1, 3]},
								"east": {"uv": [54, 64], "uv_size": [3, 3]},
								"south": {"uv": [16, 69], "uv_size": [1, 3]},
								"west": {"uv": [57, 64], "uv_size": [3, 3]},
								"up": {"uv": [69, 16], "uv_size": [1, 3]},
								"down": {"uv": [21, 72], "uv_size": [1, -3]}
							}
						},
						{
							"origin": [3.75, 34.75, -3],
							"size": [2.5, 4, 5],
							"uv": {
								"north": {"uv": [17, 63], "uv_size": [3, 4]},
								"east": {"uv": [49, 42], "uv_size": [5, 4]},
								"south": {"uv": [63, 22], "uv_size": [3, 4]},
								"west": {"uv": [50, 0], "uv_size": [5, 4]},
								"up": {"uv": [58, 12], "uv_size": [3, 5]},
								"down": {"uv": [58, 22], "uv_size": [3, -5]}
							}
						}
					]
				},
				{
					"name": "Left_arm2",
					"parent": "Left_arm",
					"pivot": [5, 34.75, -1],
					"rotation": [0, 0, 15],
					"cubes": [
						{
							"origin": [3.75, 28.75, -2.5],
							"size": [2.5, 6, 4],
							"uv": {
								"north": {"uv": [7, 55], "uv_size": [3, 6]},
								"east": {"uv": [4, 46], "uv_size": [4, 6]},
								"south": {"uv": [10, 55], "uv_size": [3, 6]},
								"west": {"uv": [24, 46], "uv_size": [4, 6]},
								"up": {"uv": [29, 61], "uv_size": [3, 4]},
								"down": {"uv": [61, 39], "uv_size": [3, -4]}
							}
						},
						{
							"origin": [6.19201, 29.69775, -1.50613],
							"size": [0.5, 4, 2],
							"uv": {
								"north": {"uv": [42, 68], "uv_size": [1, 4]},
								"east": {"uv": [34, 65], "uv_size": [2, 4]},
								"south": {"uv": [43, 68], "uv_size": [1, 4]},
								"west": {"uv": [36, 65], "uv_size": [2, 4]},
								"up": {"uv": [69, 45], "uv_size": [1, 2]},
								"down": {"uv": [48, 71], "uv_size": [1, -2]}
							}
						}
					]
				},
				{
					"name": "Left_arm_down",
					"parent": "Left_arm2",
					"pivot": [5, 28.75, -1],
					"rotation": [-67.5, 0, 0],
					"cubes": [
						{
							"origin": [4, 22.75, -2],
							"size": [2, 7, 3],
							"uv": {
								"north": {"uv": [38, 58], "uv_size": [2, 7]},
								"east": {"uv": [47, 10], "uv_size": [3, 7]},
								"south": {"uv": [40, 58], "uv_size": [2, 7]},
								"west": {"uv": [47, 17], "uv_size": [3, 7]},
								"up": {"uv": [66, 52], "uv_size": [2, 3]},
								"down": {"uv": [66, 58], "uv_size": [2, -3]}
							}
						}
					]
				},
				{
					"name": "bone9",
					"parent": "Left_arm_down",
					"pivot": [5, 22.75, -1.25],
					"rotation": [90, 0, 0],
					"cubes": [
						{
							"origin": [4.25, 16.75, -2.25],
							"size": [1.5, 6, 2.5],
							"uv": {
								"north": {"uv": [32, 61], "uv_size": [2, 6]},
								"east": {"uv": [55, 12], "uv_size": [3, 6]},
								"south": {"uv": [61, 42], "uv_size": [2, 6]},
								"west": {"uv": [55, 18], "uv_size": [3, 6]},
								"up": {"uv": [66, 58], "uv_size": [2, 3]},
								"down": {"uv": [66, 67], "uv_size": [2, -3]}
							}
						}
					]
				},
				{
					"name": "bone10",
					"parent": "bone9",
					"pivot": [5, 16.75, -2.25],
					"cubes": [
						{
							"origin": [4.5, 13.75, -2.25],
							"size": [1, 3, 2],
							"uv": {
								"north": {"uv": [22, 69], "uv_size": [1, 3]},
								"east": {"uv": [67, 4], "uv_size": [2, 3]},
								"south": {"uv": [69, 25], "uv_size": [1, 3]},
								"west": {"uv": [67, 7], "uv_size": [2, 3]},
								"up": {"uv": [12, 61], "uv_size": [1, 2]},
								"down": {"uv": [69, 37], "uv_size": [1, -2]}
							}
						}
					]
				},
				{
					"name": "bone11",
					"parent": "bone10",
					"pivot": [5, 13.75, -2.25],
					"rotation": [12.5, 0, 0],
					"cubes": [
						{
							"origin": [4.5, 10.75, -2.25],
							"size": [1, 3, 2],
							"uv": {
								"north": {"uv": [29, 69], "uv_size": [1, 3]},
								"east": {"uv": [67, 10], "uv_size": [2, 3]},
								"south": {"uv": [30, 69], "uv_size": [1, 3]},
								"west": {"uv": [17, 67], "uv_size": [2, 3]},
								"up": {"uv": [37, 69], "uv_size": [1, 2]},
								"down": {"uv": [69, 41], "uv_size": [1, -2]}
							}
						}
					]
				},
				{
					"name": "bone12",
					"parent": "bone11",
					"pivot": [5, 10.75, -2.25],
					"rotation": [17.5, 0, 0],
					"cubes": [
						{
							"origin": [5, 6.75, -2.25],
							"size": [0, 4, 4],
							"uv": {
								"north": {"uv": [0, 0], "uv_size": [0, 4]},
								"east": {"uv": [57, 46], "uv_size": [4, 4]},
								"south": {"uv": [0, 0], "uv_size": [0, 4]},
								"west": {"uv": [57, 50], "uv_size": [4, 4]},
								"up": {"uv": [0, 0], "uv_size": [0, 4]},
								"down": {"uv": [0, 4], "uv_size": [0, -4]}
							}
						}
					]
				},
				{
					"name": "tale",
					"parent": "Body",
					"pivot": [0, 22.75, 1],
					"rotation": [-72.5, 0, 0],
					"cubes": [
						{
							"origin": [-1, 21.75, 1],
							"size": [2, 2, 6],
							"uv": {
								"north": {"uv": [3, 68], "uv_size": [2, 2]},
								"east": {"uv": [61, 48], "uv_size": [6, 2]},
								"south": {"uv": [5, 68], "uv_size": [2, 2]},
								"west": {"uv": [61, 50], "uv_size": [6, 2]},
								"up": {"uv": [61, 52], "uv_size": [2, 6]},
								"down": {"uv": [42, 68], "uv_size": [2, -6]}
							}
						}
					]
				},
				{
					"name": "bone17",
					"parent": "tale",
					"pivot": [0, 22.75, 7],
					"rotation": [10, 0, 0],
					"cubes": [
						{
							"origin": [-1, 21.75, 7],
							"size": [2, 2, 6],
							"uv": {
								"north": {"uv": [7, 68], "uv_size": [2, 2]},
								"east": {"uv": [62, 0], "uv_size": [6, 2]},
								"south": {"uv": [9, 68], "uv_size": [2, 2]},
								"west": {"uv": [62, 2], "uv_size": [6, 2]},
								"up": {"uv": [44, 62], "uv_size": [2, 6]},
								"down": {"uv": [46, 68], "uv_size": [2, -6]}
							}
						}
					]
				},
				{
					"name": "bone18",
					"parent": "bone17",
					"pivot": [0, 22.75, 13],
					"rotation": [7.5, 0, 0],
					"cubes": [
						{
							"origin": [-0.75, 22, 13],
							"size": [1.5, 1.5, 6],
							"uv": {
								"north": {"uv": [11, 68], "uv_size": [2, 2]},
								"east": {"uv": [48, 62], "uv_size": [6, 2]},
								"south": {"uv": [13, 68], "uv_size": [2, 2]},
								"west": {"uv": [54, 62], "uv_size": [6, 2]},
								"up": {"uv": [60, 62], "uv_size": [2, 6]},
								"down": {"uv": [62, 68], "uv_size": [2, -6]}
							}
						}
					]
				},
				{
					"name": "bone19",
					"parent": "bone18",
					"pivot": [0, 22.75, 19],
					"rotation": [10, 0, 0],
					"cubes": [
						{
							"origin": [-0.5, 22.25, 19],
							"size": [1, 1, 4],
							"uv": {
								"north": {"uv": [69, 48], "uv_size": [1, 1]},
								"east": {"uv": [68, 3], "uv_size": [4, 1]},
								"south": {"uv": [49, 69], "uv_size": [1, 1]},
								"west": {"uv": [68, 14], "uv_size": [4, 1]},
								"up": {"uv": [23, 48], "uv_size": [1, 4]},
								"down": {"uv": [68, 29], "uv_size": [1, -4]}
							}
						}
					]
				},
				{
					"name": "bone20",
					"parent": "bone19",
					"pivot": [0, 22.75, 23],
					"rotation": [12.5, 0, 0],
					"cubes": [
						{
							"origin": [0, 22.25, 23],
							"size": [0, 2, 4],
							"uv": {
								"north": {"uv": [0, 0], "uv_size": [0, 2]},
								"east": {"uv": [65, 16], "uv_size": [4, 2]},
								"south": {"uv": [0, 0], "uv_size": [0, 2]},
								"west": {"uv": [65, 18], "uv_size": [4, 2]},
								"up": {"uv": [0, 0], "uv_size": [0, 4]},
								"down": {"uv": [0, 4], "uv_size": [0, -4]}
							}
						}
					]
				}
			]
		}
	]
}