{
	"format_version": "1.12.0",
	"minecraft:geometry": [
		{
			"description": {
				"identifier": "geometry.unknown",
				"texture_width": 64,
				"texture_height": 64,
				"visible_bounds_width": 8,
				"visible_bounds_height": 3.5,
				"visible_bounds_offset": [0, 1.25, 0]
			},
			"bones": [
				{
					"name": "Base",
					"pivot": [0.26771, -0.00243, -4.83502],
					"cubes": [
						{
							"origin": [-62.21848, 26.49757, -37.91623],
							"size": [7.5, 2, 2],
							"pivot": [-56.11848, 19.99757, 11.83377],
							"rotation": [0, -65, 0],
							"uv": {
								"north": {"uv": [1, 26.5], "uv_size": [7.5, 2]},
								"east": {"uv": [39, 23.5], "uv_size": [2, 2]},
								"south": {"uv": [6.5, 13.5], "uv_size": [7.5, 2]},
								"west": {"uv": [0, 0], "uv_size": [2, 2]},
								"up": {"uv": [8.5, 28.5], "uv_size": [-7.5, -2]},
								"down": {"uv": [46.5, 25.5], "uv_size": [-7.5, -2]}
							}
						},
						{
							"origin": [-39.92671, 26.49757, -29.51478],
							"size": [7.5, 2, 2],
							"pivot": [-56.32671, 19.99757, 20.23522],
							"rotation": [0, -25, 0],
							"uv": {
								"north": {"uv": [1, 26.5], "uv_size": [7.5, 2]},
								"east": {"uv": [0, 0], "uv_size": [2, 2]},
								"south": {"uv": [6.5, 13.5], "uv_size": [7.5, 2]},
								"west": {"uv": [39, 23.5], "uv_size": [2, 2]},
								"up": {"uv": [8.5, 28.5], "uv_size": [-7.5, -2]},
								"down": {"uv": [46.5, 25.5], "uv_size": [-7.5, -2]}
							}
						},
						{
							"origin": [-59.87878, 26.49757, -0.49703],
							"size": [7.5, 2, 2],
							"pivot": [-76.27878, 19.99757, 49.25297],
							"rotation": [0, -25, 0],
							"uv": {
								"north": {"uv": [6.5, 13.5], "uv_size": [7.5, 2]},
								"east": {"uv": [39, 23.5], "uv_size": [2, 2]},
								"south": {"uv": [1, 26.5], "uv_size": [7.5, 2]},
								"west": {"uv": [0, 0], "uv_size": [2, 2]},
								"up": {"uv": [10.5, 29.5], "uv_size": [-7.5, -2]},
								"down": {"uv": [46.5, 25.5], "uv_size": [-7.5, -2]}
							}
						},
						{
							"origin": [-91.23623, 26.49757, -17.96415],
							"size": [7.5, 2, 2],
							"pivot": [-85.13623, 19.99757, 31.78585],
							"rotation": [0, -65, 0],
							"uv": {
								"north": {"uv": [6.5, 13.5], "uv_size": [7.5, 2]},
								"east": {"uv": [0, 0], "uv_size": [2, 2]},
								"south": {"uv": [1, 26.5], "uv_size": [7.5, 2]},
								"west": {"uv": [0, 0], "uv_size": [2, 2]},
								"up": {"uv": [10.5, 29.5], "uv_size": [-7.5, -2]},
								"down": {"uv": [46.5, 25.5], "uv_size": [-7.5, -2]}
							}
						},
						{
							"origin": [-59.12164, 26.49757, 39.52866],
							"size": [7.5, 2, 2],
							"pivot": [-89.02164, 19.99757, 4.27866],
							"rotation": [0, 65, 0],
							"uv": {
								"north": {"uv": [1, 26.5], "uv_size": [7.5, 2]},
								"east": {"uv": [0, 0], "uv_size": [2, 2]},
								"south": {"uv": [6.5, 13.5], "uv_size": [7.5, 2]},
								"west": {"uv": [0, 0], "uv_size": [2, 2]},
								"up": {"uv": [8.5, 28.5], "uv_size": [-7.5, -2]},
								"down": {"uv": [46.5, 25.5], "uv_size": [-7.5, -2]}
							}
						},
						{
							"origin": [-53.28436, 26.49757, 1.39723],
							"size": [7.5, 2, 2],
							"pivot": [-83.68436, 19.99757, -33.85277],
							"rotation": [0, 25, 0],
							"uv": {
								"north": {"uv": [1, 26.5], "uv_size": [7.5, 2]},
								"east": {"uv": [39, 23.5], "uv_size": [2, 2]},
								"south": {"uv": [6.5, 13.5], "uv_size": [7.5, 2]},
								"west": {"uv": [0, 0], "uv_size": [2, 2]},
								"up": {"uv": [8.5, 28.5], "uv_size": [-7.5, -2]},
								"down": {"uv": [46.5, 25.5], "uv_size": [-7.5, -2]}
							}
						},
						{
							"origin": [-6, -3.3, -29.15],
							"size": [12, 6, 4],
							"pivot": [0, -2.8, 10.1],
							"rotation": [-12.5, 0, 0],
							"uv": {
								"north": {"uv": [4.5, 9.5], "uv_size": [12, 6]},
								"east": {"uv": [5, 9.5], "uv_size": [4, 6]},
								"south": {"uv": [0, 0], "uv_size": [12, 6]},
								"west": {"uv": [8.5, 10], "uv_size": [4, 6]},
								"up": {"uv": [19, 4], "uv_size": [-12, -4]},
								"down": {"uv": [19, 7.5], "uv_size": [-12, -4]}
							}
						},
						{
							"origin": [-5.95, -8.6271, -32.0377],
							"size": [0.95, 6, 1],
							"pivot": [0, -8.1271, 7.2123],
							"rotation": [-30, 0, 0],
							"uv": {
								"north": {"uv": [4.5, 0], "uv_size": [6, 0.95]},
								"east": {"uv": [4.5, 0], "uv_size": [6, 1]},
								"south": {"uv": [6, 0], "uv_size": [6, 0.95]},
								"west": {"uv": [4.5, 0], "uv_size": [6, 1]},
								"up": {"uv": [0.95, 1], "uv_size": [-0.95, -1]},
								"down": {"uv": [0.95, 1], "uv_size": [-0.95, -1]}
							}
						},
						{
							"origin": [5, -8.6271, -32.0377],
							"size": [0.95, 6, 1],
							"pivot": [0, -8.1271, 7.2123],
							"rotation": [-30, 0, 0],
							"uv": {
								"north": {"uv": [4.5, 0], "uv_size": [6, 0.95]},
								"east": {"uv": [4.5, 0], "uv_size": [6, 1]},
								"south": {"uv": [6, 0], "uv_size": [6, 0.95]},
								"west": {"uv": [4.5, 0], "uv_size": [6, 1]},
								"up": {"uv": [0.95, 1], "uv_size": [-0.95, -1]},
								"down": {"uv": [0.95, 1], "uv_size": [-0.95, -1]}
							}
						},
						{
							"origin": [-5, -8.6271, -31.4377],
							"size": [10, 5.9, 0.4],
							"pivot": [-1, -8.1271, 7.2123],
							"rotation": [-30, 0, 0],
							"uv": {
								"north": {"uv": [53, 0], "uv_size": [10, 5.9]},
								"east": {"uv": [0, 0], "uv_size": [0.4, 5.9]},
								"south": {"uv": [0, 0], "uv_size": [10, 5.9]},
								"west": {"uv": [0, 0], "uv_size": [0.4, 5.9]},
								"up": {"uv": [10, 0.4], "uv_size": [-10, -0.4]},
								"down": {"uv": [10, 0.5], "uv_size": [-10, -0.5]}
							}
						},
						{
							"origin": [10.12265, 9.69767, -18.42265],
							"size": [1, 7, 1],
							"pivot": [6.12265, -8.80233, 6.82735],
							"rotation": [0, 0, -12.5],
							"uv": {
								"north": {"uv": [6, 0], "uv_size": [7, 1]},
								"east": {"uv": [0, 0], "uv_size": [1, 7]},
								"south": {"uv": [6, 0], "uv_size": [7, 1]},
								"west": {"uv": [6, 0], "uv_size": [7, 1]},
								"up": {"uv": [1, 1], "uv_size": [-1, -1]},
								"down": {"uv": [1, 1], "uv_size": [-1, -1]}
							}
						},
						{
							"origin": [5.46498, 8.45277, -22.92265],
							"size": [0.1, 8, 11.1],
							"pivot": [5.51498, 12.85277, -19.82265],
							"rotation": [15, 0, -12.5],
							"uv": {
								"north": {"uv": [53, 0], "uv_size": [0.1, 8]},
								"east": {"uv": [0, 0], "uv_size": [11.1, 8]},
								"south": {"uv": [0, 0], "uv_size": [0.1, 8]},
								"west": {"uv": [53, 0], "uv_size": [11.1, 8]},
								"up": {"uv": [0.1, 11.1], "uv_size": [-0.1, -11.1]},
								"down": {"uv": [0.5, 11.1], "uv_size": [-0.5, -11.1]}
							}
						},
						{
							"origin": [-5.73502, 8.35277, -23.52265],
							"size": [0.1, 7.9, 11.1],
							"pivot": [-5.68502, 12.75277, -20.42265],
							"rotation": [15, 0, 12.5],
							"uv": {
								"north": {"uv": [53, 0], "uv_size": [0.1, 7.9]},
								"east": {"uv": [53, 0], "uv_size": [11.1, 7.9]},
								"south": {"uv": [0, 0], "uv_size": [0.1, 7.9]},
								"west": {"uv": [0, 0], "uv_size": [11.1, 7.9]},
								"up": {"uv": [0.1, 11.1], "uv_size": [-0.1, -11.1]},
								"down": {"uv": [0.5, 11.1], "uv_size": [-0.5, -11.1]}
							}
						},
						{
							"origin": [5.87605, 9.04532, -23.46758],
							"size": [0.15, 3.8, 5.1],
							"pivot": [6.02605, 9.54532, -23.21758],
							"rotation": [60, 0, -12.5],
							"uv": {
								"north": {"uv": [0, 0], "uv_size": [0.15, 3.8]},
								"east": {"uv": [0, 0], "uv_size": [5.1, 3.8]},
								"south": {"uv": [0, 0], "uv_size": [0.15, 3.8]},
								"west": {"uv": [54, 2.5], "uv_size": [5.1, 3.8]},
								"up": {"uv": [0.15, 5.1], "uv_size": [-0.15, -5.1]},
								"down": {"uv": [0.5, 5.1], "uv_size": [-0.5, -5.1]}
							}
						},
						{
							"origin": [-6.09895, 9.64532, -23.76758],
							"size": [0.15, 3.4, 4.4],
							"pivot": [-5.94895, 9.74532, -23.21758],
							"rotation": [60, -5, 12.5],
							"uv": {
								"north": {"uv": [0, 0], "uv_size": [0.15, 3.4]},
								"east": {"uv": [54, 5], "uv_size": [4.4, 3.4]},
								"south": {"uv": [0, 0], "uv_size": [0.15, 3.4]},
								"west": {"uv": [0, 0], "uv_size": [4.4, 3.4]},
								"up": {"uv": [0.15, 4.4], "uv_size": [-0.15, -4.4]},
								"down": {"uv": [0.5, 4.4], "uv_size": [-0.5, -4.4]}
							}
						},
						{
							"origin": [10.12265, 9.69767, -14.42265],
							"size": [1, 8, 1],
							"pivot": [6.12265, -8.80233, 6.82735],
							"rotation": [0, 0, -12.5],
							"uv": {
								"north": {"uv": [6, 0], "uv_size": [8, 1]},
								"east": {"uv": [0, 0], "uv_size": [1, 8]},
								"south": {"uv": [0, 0], "uv_size": [1, 8]},
								"west": {"uv": [6, 0], "uv_size": [8, 1]},
								"up": {"uv": [1, 1], "uv_size": [-1, -1]},
								"down": {"uv": [1, 1], "uv_size": [-1, -1]}
							}
						},
						{
							"origin": [10.42265, 12.69767, -17.42265],
							"size": [0.2, 1, 3],
							"pivot": [6.12265, -8.80233, 6.82735],
							"rotation": [0, 0, -12.5],
							"uv": {
								"north": {"uv": [6, 0], "uv_size": [0.2, 1]},
								"east": {"uv": [6, 0], "uv_size": [3, 1]},
								"south": {"uv": [6, 0], "uv_size": [0.2, 1]},
								"west": {"uv": [6, 0], "uv_size": [3, 1]},
								"up": {"uv": [9, 0.2], "uv_size": [-3, -0.2]},
								"down": {"uv": [9, 0.5], "uv_size": [-3, -0.5]}
							}
						},
						{
							"origin": [-11.17006, 9.26479, -18.42265],
							"size": [1, 7, 1],
							"pivot": [-4.17006, -9.23521, 6.82735],
							"rotation": [0, 0, 12.5],
							"uv": {
								"north": {"uv": [6, 0], "uv_size": [7, 1]},
								"east": {"uv": [6, 0], "uv_size": [7, 1]},
								"south": {"uv": [6, 0], "uv_size": [7, 1]},
								"west": {"uv": [0, 0], "uv_size": [1, 7]},
								"up": {"uv": [1, 1], "uv_size": [-1, -1]},
								"down": {"uv": [1, 1], "uv_size": [-1, -1]}
							}
						},
						{
							"origin": [-10.67006, 12.26479, -17.42265],
							"size": [0.2, 1, 3],
							"pivot": [-4.17006, -9.23521, 6.82735],
							"rotation": [0, 0, 12.5],
							"uv": {
								"north": {"uv": [6, 0], "uv_size": [0.2, 1]},
								"east": {"uv": [6, 0], "uv_size": [3, 1]},
								"south": {"uv": [6, 0], "uv_size": [0.2, 1]},
								"west": {"uv": [6, 0], "uv_size": [3, 1]},
								"up": {"uv": [9, 0.2], "uv_size": [-3, -0.2]},
								"down": {"uv": [9, 0.5], "uv_size": [-3, -0.5]}
							}
						},
						{
							"origin": [-11.17006, 9.26479, -14.42265],
							"size": [1, 8, 1],
							"pivot": [-4.17006, -9.23521, 6.82735],
							"rotation": [0, 0, 12.5],
							"uv": {
								"north": {"uv": [6, 0], "uv_size": [8, 1]},
								"east": {"uv": [6, 0], "uv_size": [8, 1]},
								"south": {"uv": [0, 0], "uv_size": [1, 8]},
								"west": {"uv": [0, 0], "uv_size": [1, 8]},
								"up": {"uv": [1, 1], "uv_size": [-1, -1]},
								"down": {"uv": [1, 1], "uv_size": [-1, -1]}
							}
						},
						{
							"origin": [-7, 4.14135, -24.42265],
							"size": [14, 6.2, 11],
							"uv": {
								"north": {"uv": [4.5, 9.5], "uv_size": [14, 6.2]},
								"east": {"uv": [5, 9.5], "uv_size": [11, 6.2]},
								"south": {"uv": [0, 0], "uv_size": [14, 6.2]},
								"west": {"uv": [6.5, 9.5], "uv_size": [11, 6.2]},
								"up": {"uv": [15.5, 14], "uv_size": [-11, -14]},
								"down": {"uv": [21, 13.5], "uv_size": [-14, -11]}
							}
						},
						{
							"origin": [5, 8.34135, -22.42265],
							"size": [5, 1, 3],
							"pivot": [0, 4.84135, 14.82735],
							"rotation": [0, 25, 0],
							"uv": {
								"north": {"uv": [3, 28.5], "uv_size": [5, 1]},
								"east": {"uv": [3, 28.5], "uv_size": [3, 1]},
								"south": {"uv": [3, 28.5], "uv_size": [5, 1]},
								"west": {"uv": [0, 0], "uv_size": [3, 1]},
								"up": {"uv": [6.5, 22.5], "uv_size": [-5, -3]},
								"down": {"uv": [6.5, 22.5], "uv_size": [-5, -3]}
							}
						},
						{
							"origin": [-10, 8.34135, -22.42265],
							"size": [5, 1, 3],
							"pivot": [0, 4.84135, 14.82735],
							"rotation": [0, -25, 0],
							"uv": {
								"north": {"uv": [3, 28.5], "uv_size": [5, 1]},
								"east": {"uv": [0, 0], "uv_size": [3, 1]},
								"south": {"uv": [3, 28.5], "uv_size": [5, 1]},
								"west": {"uv": [3, 28.5], "uv_size": [3, 1]},
								"up": {"uv": [6.5, 22.5], "uv_size": [-5, -3]},
								"down": {"uv": [6.5, 22.5], "uv_size": [-5, -3]}
							}
						},
						{
							"origin": [-7, 3.59135, -10.42265],
							"size": [14, 1, 24.5],
							"uv": {
								"north": {"uv": [1, 15], "uv_size": [14, 1]},
								"east": {"uv": [1, 15], "uv_size": [24.5, 1]},
								"south": {"uv": [1, 15], "uv_size": [14, 1]},
								"west": {"uv": [1, 15], "uv_size": [24.5, 1]},
								"up": {"uv": [26.5, 49.5], "uv_size": [-24.5, -14]},
								"down": {"uv": [26.5, 15], "uv_size": [-24.5, -14]}
							}
						},
						{
							"origin": [-5, 4.59135, 12.57735],
							"size": [10, 2.5, 23.7],
							"pivot": [0, 6.34135, 14.07735],
							"rotation": [30.5, 0, 0],
							"uv": {
								"north": {"uv": [0, 0], "uv_size": [10, 2.5]},
								"east": {"uv": [3.5, 13.5], "uv_size": [23.7, 2.5]},
								"south": {"uv": [7, 13.5], "uv_size": [10, 2.5]},
								"west": {"uv": [2.5, 13.5], "uv_size": [23.7, 2.5]},
								"up": {"uv": [26.2, 11.5], "uv_size": [-23.7, -10]},
								"down": {"uv": [16.5, 15.5], "uv_size": [-10, -15.5]}
							}
						},
						{
							"origin": [-3, 3.89135, 21.57735],
							"size": [6, 0.7, 9.7],
							"pivot": [0, 6.34135, 14.07735],
							"rotation": [30.5, 0, 0],
							"uv": {
								"north": {"uv": [11.5, 39], "uv_size": [6, 0.7]},
								"east": {"uv": [11.5, 39], "uv_size": [9.7, 0.7]},
								"south": {"uv": [11.5, 39], "uv_size": [6, 0.7]},
								"west": {"uv": [11.5, 39], "uv_size": [9.7, 0.7]},
								"up": {"uv": [17.5, 48.7], "uv_size": [-6, -9.7]},
								"down": {"uv": [17.5, 48.7], "uv_size": [-6, -9.7]}
							}
						},
						{
							"origin": [9.2981, -0.12096, -12.42265],
							"size": [2, 0.75, 25],
							"uv": {
								"north": {"uv": [36, 31.5], "uv_size": [2, 0.75]},
								"east": {"uv": [36, 31.5], "uv_size": [25, 0.75]},
								"south": {"uv": [36, 31.5], "uv_size": [2, 0.75]},
								"west": {"uv": [36, 31.5], "uv_size": [25, 0.75]},
								"up": {"uv": [46.5, 63.5], "uv_size": [-2, -25]},
								"down": {"uv": [46.5, 63.5], "uv_size": [-2, -25]}
							}
						},
						{
							"origin": [9.2981, -7.76348, -17.4495],
							"size": [2, 0.75, 3],
							"pivot": [-3.7019, -8.51348, 3.8005],
							"rotation": [-25, 0, 0],
							"uv": {
								"north": {"uv": [44.5, 38.5], "uv_size": [2, 0.75]},
								"east": {"uv": [35.5, 30.5], "uv_size": [3, 0.75]},
								"south": {"uv": [35.5, 30.5], "uv_size": [0.75, 2]},
								"west": {"uv": [35.5, 30.5], "uv_size": [3, 0.75]},
								"up": {"uv": [46.5, 41.5], "uv_size": [-2, -3]},
								"down": {"uv": [46.5, 41.5], "uv_size": [-2, -3]}
							}
						},
						{
							"origin": [-11.3019, 0.47783, 12.17637],
							"size": [2, 0.75, 3],
							"pivot": [-0.0019, 0.85283, 13.67637],
							"rotation": [25, 0, 0],
							"uv": {
								"north": {"uv": [36.5, 30.5], "uv_size": [0.75, 2]},
								"east": {"uv": [36.5, 31.5], "uv_size": [3, 0.75]},
								"south": {"uv": [44.5, 38.5], "uv_size": [2, 0.75]},
								"west": {"uv": [36.5, 31], "uv_size": [3, 0.75]},
								"up": {"uv": [46.5, 41.5], "uv_size": [-2, -3]},
								"down": {"uv": [46.5, 41.5], "uv_size": [-2, -3]}
							}
						},
						{
							"origin": [9.2981, 0.47783, 12.17637],
							"size": [2, 0.75, 3],
							"pivot": [-0.0019, 0.85283, 13.67637],
							"rotation": [25, 0, 0],
							"uv": {
								"north": {"uv": [35.5, 30.5], "uv_size": [0.75, 2]},
								"east": {"uv": [35.5, 30.5], "uv_size": [3, 0.75]},
								"south": {"uv": [44.5, 38.5], "uv_size": [2, 0.75]},
								"west": {"uv": [35.5, 30.5], "uv_size": [3, 0.75]},
								"up": {"uv": [46.5, 41.5], "uv_size": [-2, -3]},
								"down": {"uv": [46.5, 41.5], "uv_size": [-2, -3]}
							}
						},
						{
							"origin": [-11.3019, -7.76348, -17.4495],
							"size": [2, 0.75, 3],
							"pivot": [-24.3019, -8.51348, 3.8005],
							"rotation": [-25, 0, 0],
							"uv": {
								"north": {"uv": [44.5, 38.5], "uv_size": [2, 0.75]},
								"east": {"uv": [35.5, 31], "uv_size": [3, 0.75]},
								"south": {"uv": [35.5, 30.5], "uv_size": [0.75, 2]},
								"west": {"uv": [36.5, 31.5], "uv_size": [3, 0.75]},
								"up": {"uv": [46.5, 41.5], "uv_size": [-2, -3]},
								"down": {"uv": [46.5, 41.5], "uv_size": [-2, -3]}
							}
						},
						{
							"origin": [-11.3019, -0.12096, -12.42265],
							"size": [2, 0.75, 25],
							"uv": {
								"north": {"uv": [37, 30.5], "uv_size": [0.75, 2]},
								"east": {"uv": [35.5, 31.5], "uv_size": [25, 0.75]},
								"south": {"uv": [36.5, 30.5], "uv_size": [0.75, 2]},
								"west": {"uv": [36, 31.5], "uv_size": [25, 0.75]},
								"up": {"uv": [46.5, 63.5], "uv_size": [-2, -25]},
								"down": {"uv": [46.5, 63.5], "uv_size": [-2, -25]}
							}
						},
						{
							"origin": [-10.0052, 1.58614, 3.57735],
							"size": [3, 0.75, 4],
							"uv": {
								"north": {"uv": [37, 42], "uv_size": [3, 0.75]},
								"east": {"uv": [37, 42], "uv_size": [4, 0.75]},
								"south": {"uv": [37, 42], "uv_size": [3, 0.75]},
								"west": {"uv": [37, 42], "uv_size": [4, 0.75]},
								"up": {"uv": [51, 57], "uv_size": [-3, -4]},
								"down": {"uv": [41, 44], "uv_size": [-3, -4]}
							}
						},
						{
							"origin": [7.0052, 1.58614, -2.42265],
							"size": [3, 0.75, 10],
							"uv": {
								"north": {"uv": [38.5, 6.5], "uv_size": [0.75, 3]},
								"east": {"uv": [15, 39], "uv_size": [10, 0.75]},
								"south": {"uv": [38.5, 6.5], "uv_size": [0.75, 3]},
								"west": {"uv": [15, 39], "uv_size": [10, 0.75]},
								"up": {"uv": [51, 60], "uv_size": [-3, -10]},
								"down": {"uv": [51, 60], "uv_size": [-3, -10]}
							}
						},
						{
							"origin": [2.5, 6.54135, -9.42265],
							"size": [3.5, 0.75, 5],
							"uv": {
								"north": {"uv": [38, 40.5], "uv_size": [3.5, 0.75]},
								"east": {"uv": [38, 40.5], "uv_size": [5, 0.75]},
								"south": {"uv": [38, 40.5], "uv_size": [3.5, 0.75]},
								"west": {"uv": [38, 40.5], "uv_size": [5, 0.75]},
								"up": {"uv": [41.5, 44], "uv_size": [-3.5, -5]},
								"down": {"uv": [41.5, 45.5], "uv_size": [-3.5, -5]}
							}
						},
						{
							"origin": [-5.8, 6.54135, 3.97735],
							"size": [3.5, 0.75, 5],
							"uv": {
								"north": {"uv": [38, 39], "uv_size": [3.5, 0.75]},
								"east": {"uv": [37, 39.5], "uv_size": [5, 0.75]},
								"south": {"uv": [38, 39], "uv_size": [3.5, 0.75]},
								"west": {"uv": [37.5, 39], "uv_size": [5, 0.75]},
								"up": {"uv": [41.5, 44], "uv_size": [-3.5, -5]},
								"down": {"uv": [41.5, 44], "uv_size": [-3.5, -5]}
							}
						},
						{
							"origin": [-5.8, 6.54135, -2.72265],
							"size": [3.5, 0.75, 5],
							"uv": {
								"north": {"uv": [38, 39], "uv_size": [3.5, 0.75]},
								"east": {"uv": [37, 39.5], "uv_size": [5, 0.75]},
								"south": {"uv": [38, 39], "uv_size": [3.5, 0.75]},
								"west": {"uv": [37.5, 39], "uv_size": [5, 0.75]},
								"up": {"uv": [41.5, 44], "uv_size": [-3.5, -5]},
								"down": {"uv": [41.5, 44], "uv_size": [-3.5, -5]}
							}
						},
						{
							"origin": [-5.8, 6.54135, -9.02265],
							"size": [3.5, 0.75, 5],
							"uv": {
								"north": {"uv": [38, 39], "uv_size": [3.5, 0.75]},
								"east": {"uv": [37, 39.5], "uv_size": [5, 0.75]},
								"south": {"uv": [38, 39], "uv_size": [3.5, 0.75]},
								"west": {"uv": [37.5, 39], "uv_size": [5, 0.75]},
								"up": {"uv": [41.5, 44], "uv_size": [-3.5, -5]},
								"down": {"uv": [41.5, 44], "uv_size": [-3.5, -5]}
							}
						},
						{
							"origin": [5, 7.29135, -9.42265],
							"size": [1, 3.5, 5],
							"uv": {
								"north": {"uv": [38, 40.5], "uv_size": [1, 3.5]},
								"east": {"uv": [38, 40.5], "uv_size": [5, 3.5]},
								"south": {"uv": [38, 40.5], "uv_size": [1, 3.5]},
								"west": {"uv": [38, 40.5], "uv_size": [5, 3.5]},
								"up": {"uv": [39, 45.5], "uv_size": [-1, -5]},
								"down": {"uv": [39, 45.5], "uv_size": [-1, -5]}
							}
						},
						{
							"origin": [-5.8, 7.39135, 3.97735],
							"size": [1, 3.5, 5],
							"uv": {
								"north": {"uv": [37.5, 39], "uv_size": [1, 3.5]},
								"east": {"uv": [37.5, 39], "uv_size": [5, 3.5]},
								"south": {"uv": [37.5, 39], "uv_size": [1, 3.5]},
								"west": {"uv": [37.5, 39], "uv_size": [5, 3.5]},
								"up": {"uv": [38.5, 44], "uv_size": [-1, -5]},
								"down": {"uv": [38.5, 44], "uv_size": [-1, -5]}
							}
						},
						{
							"origin": [-5.8, 7.39135, -2.72265],
							"size": [1, 3.5, 5],
							"uv": {
								"north": {"uv": [37.5, 39.5], "uv_size": [1, 3.5]},
								"east": {"uv": [37.5, 39.5], "uv_size": [5, 3.5]},
								"south": {"uv": [37.5, 39.5], "uv_size": [1, 3.5]},
								"west": {"uv": [37.5, 39.5], "uv_size": [5, 3.5]},
								"up": {"uv": [38.5, 44.5], "uv_size": [-1, -5]},
								"down": {"uv": [38.5, 44.5], "uv_size": [-1, -5]}
							}
						},
						{
							"origin": [-5.8, 7.39135, -9.02265],
							"size": [1, 3.5, 5],
							"uv": {
								"north": {"uv": [37, 39.5], "uv_size": [1, 3.5]},
								"east": {"uv": [37, 39.5], "uv_size": [5, 3.5]},
								"south": {"uv": [37, 39.5], "uv_size": [1, 3.5]},
								"west": {"uv": [37, 39.5], "uv_size": [5, 3.5]},
								"up": {"uv": [38, 44.5], "uv_size": [-1, -5]},
								"down": {"uv": [38, 44.5], "uv_size": [-1, -5]}
							}
						},
						{
							"origin": [8.40411, 6.16328, 6.55235],
							"size": [1.25, 6, 8.025],
							"pivot": [3.65411, 14.11328, 28.82735],
							"rotation": [0, 0, 25],
							"uv": {
								"north": {"uv": [5, 0], "uv_size": [6, 1.25]},
								"east": {"uv": [8, 44.5], "uv_size": [8.025, 6]},
								"south": {"uv": [3, 3.5], "uv_size": [1.25, 6]},
								"west": {"uv": [5.5, 10], "uv_size": [8.025, 6]},
								"up": {"uv": [13.525, 1.25], "uv_size": [-8.025, -1.25]},
								"down": {"uv": [1.25, 8.025], "uv_size": [-1.25, -8.025]}
							}
						},
						{
							"origin": [8.40411, 6.16328, -10.42265],
							"size": [1.25, 6, 6.2],
							"pivot": [3.65411, 14.11328, 28.82735],
							"rotation": [0, 0, 25],
							"uv": {
								"north": {"uv": [2, 4.5], "uv_size": [1.25, 6]},
								"east": {"uv": [8.5, 44.5], "uv_size": [6.2, 6]},
								"south": {"uv": [5, 0], "uv_size": [6, 1.25]},
								"west": {"uv": [5.5, 10], "uv_size": [6.2, 6]},
								"up": {"uv": [11.7, 1.25], "uv_size": [-6.2, -1.25]},
								"down": {"uv": [1.25, 6.2], "uv_size": [-1.25, -6.2]}
							}
						},
						{
							"origin": [2.53118, 11.66179, 11.57735],
							"size": [3.15, 4, 21.8],
							"pivot": [5.85618, 13.26179, 24.07735],
							"rotation": [28, -15, 25],
							"uv": {
								"north": {"uv": [0, 0], "uv_size": [3.15, 4]},
								"east": {"uv": [3, 5], "uv_size": [21.8, 4]},
								"south": {"uv": [2.5, 12.5], "uv_size": [4, 3.15]},
								"west": {"uv": [4.5, 7.5], "uv_size": [21.8, 4]},
								"up": {"uv": [24.3, 15.65], "uv_size": [-21.8, -3.15]},
								"down": {"uv": [3.15, 21.8], "uv_size": [-3.15, -21.8]}
							}
						},
						{
							"origin": [3.83118, 15.56179, 11.57735],
							"size": [3.15, 7, 13.8],
							"pivot": [7.15618, 17.16179, 24.07735],
							"rotation": [30.31421, -2.38814, -2.89007],
							"uv": {
								"north": {"uv": [0, 0], "uv_size": [3.15, 7]},
								"east": {"uv": [4.5, 3.5], "uv_size": [13.8, 7]},
								"south": {"uv": [7, 12.5], "uv_size": [7, 3.15]},
								"west": {"uv": [5, 0], "uv_size": [13.8, 7]},
								"up": {"uv": [19.3, 3.15], "uv_size": [-13.8, -3.15]},
								"down": {"uv": [17.8, 9.15], "uv_size": [-13.8, -3.15]}
							}
						},
						{
							"origin": [-6.86417, 12.40097, 11.31613],
							"size": [3.15, 7, 13.8],
							"pivot": [-5.28917, 15.90097, 18.21613],
							"rotation": [30.31421, 7.61186, -2.89007],
							"uv": {
								"north": {"uv": [0, 0], "uv_size": [3.15, 7]},
								"east": {"uv": [11.5, 0], "uv_size": [13.8, 7]},
								"south": {"uv": [4, 12.5], "uv_size": [7, 3.15]},
								"west": {"uv": [2.5, 1], "uv_size": [7, 13.8]},
								"up": {"uv": [17.8, 15.65], "uv_size": [-13.8, -3.15]},
								"down": {"uv": [3.15, 13.8], "uv_size": [-3.15, -13.8]}
							}
						},
						{
							"origin": [-6.56882, 12.96179, 11.57735],
							"size": [3.15, 4, 21.8],
							"pivot": [-3.24382, 14.56179, 24.07735],
							"rotation": [29.07249, 9.9774, -15.04813],
							"uv": {
								"north": {"uv": [0, 0], "uv_size": [3.15, 4]},
								"east": {"uv": [5, 7.5], "uv_size": [21.8, 4]},
								"south": {"uv": [3.5, 2.5], "uv_size": [4, 3.15]},
								"west": {"uv": [4, 3.5], "uv_size": [21.8, 4]},
								"up": {"uv": [25.8, 15.65], "uv_size": [-21.8, -3.15]},
								"down": {"uv": [25.3, 7.65], "uv_size": [-21.8, -3.15]}
							}
						},
						{
							"origin": [13.94167, 9.86425, -8.42265],
							"size": [5.25, 1, 2],
							"pivot": [2.19167, 16.81425, 28.82735],
							"rotation": [0, 0, 45],
							"uv": {
								"north": {"uv": [36, 18.5], "uv_size": [5.25, 1]},
								"east": {"uv": [36, 18.5], "uv_size": [2, 1]},
								"south": {"uv": [36, 18.5], "uv_size": [5.25, 1]},
								"west": {"uv": [36, 18.5], "uv_size": [2, 1]},
								"up": {"uv": [41.25, 20.5], "uv_size": [-5.25, -2]},
								"down": {"uv": [41.25, 20.5], "uv_size": [-5.25, -2]}
							}
						},
						{
							"origin": [13.94167, 9.86425, 7.57735],
							"size": [5.25, 1, 1],
							"pivot": [2.19167, 16.81425, 28.82735],
							"rotation": [0, 0, 45],
							"uv": {
								"north": {"uv": [36, 18.5], "uv_size": [5.25, 1]},
								"east": {"uv": [36, 18.5], "uv_size": [1, 1]},
								"south": {"uv": [36, 18.5], "uv_size": [5.25, 1]},
								"west": {"uv": [36, 18.5], "uv_size": [1, 1]},
								"up": {"uv": [41.25, 19.5], "uv_size": [-5.25, -1]},
								"down": {"uv": [41.25, 19.5], "uv_size": [-5.25, -1]}
							}
						},
						{
							"origin": [13.94167, 9.86425, -3.42265],
							"size": [5.25, 1, 1],
							"pivot": [2.19167, 16.81425, 28.82735],
							"rotation": [0, 0, 45],
							"uv": {
								"north": {"uv": [36, 18.5], "uv_size": [5.25, 1]},
								"east": {"uv": [36, 18.5], "uv_size": [1, 1]},
								"south": {"uv": [36, 18.5], "uv_size": [5.25, 1]},
								"west": {"uv": [36, 18.5], "uv_size": [1, 1]},
								"up": {"uv": [41.25, 19.5], "uv_size": [-5.25, -1]},
								"down": {"uv": [41.25, 19.5], "uv_size": [-5.25, -1]}
							}
						},
						{
							"origin": [-10.66731, 22.78759, 1.57735],
							"size": [3.25, 2, 8],
							"pivot": [-15.41731, 14.73759, 25.82735],
							"rotation": [0, 0, 25],
							"uv": {
								"north": {"uv": [37, 3.5], "uv_size": [3.25, 2]},
								"east": {"uv": [35, 5], "uv_size": [8, 2]},
								"south": {"uv": [37, 3.5], "uv_size": [3.25, 2]},
								"west": {"uv": [36, 4.5], "uv_size": [8, 2]},
								"up": {"uv": [41.75, 54], "uv_size": [-3.25, -7]},
								"down": {"uv": [41.75, 55], "uv_size": [-3.25, -8]}
							}
						},
						{
							"origin": [-5.57568, 33.76023, 10.55443],
							"size": [3.25, 2, 4],
							"pivot": [-10.30068, 25.71023, 34.80443],
							"rotation": [27.5, 0, 25],
							"uv": {
								"north": {"uv": [35, 5], "uv_size": [2, 3.25]},
								"east": {"uv": [35, 5], "uv_size": [4, 2]},
								"south": {"uv": [11, 20.5], "uv_size": [3.25, 2]},
								"west": {"uv": [35, 5], "uv_size": [4, 2]},
								"up": {"uv": [41.75, 51], "uv_size": [-3.25, -4]},
								"down": {"uv": [41.75, 51], "uv_size": [-3.25, -4]}
							}
						},
						{
							"origin": [-11.66731, 20.78759, -11.42265],
							"size": [3.25, 4, 7],
							"pivot": [-15.41731, 14.73759, 25.82735],
							"rotation": [0, 0, 25],
							"uv": {
								"north": {"uv": [11, 19.5], "uv_size": [3.25, 4]},
								"east": {"uv": [0.5, 19], "uv_size": [7, 4]},
								"south": {"uv": [0.5, 19], "uv_size": [3.25, 4]},
								"west": {"uv": [0.5, 19], "uv_size": [7, 4]},
								"up": {"uv": [41.75, 53.5], "uv_size": [-3.25, -7]},
								"down": {"uv": [41.75, 53.5], "uv_size": [-3.25, -7]}
							}
						},
						{
							"origin": [-8.26785, 9.81027, -10.42265],
							"size": [1.35, 7, 25.3],
							"uv": {
								"north": {"uv": [2, 5.5], "uv_size": [1.35, 7]},
								"east": {"uv": [2.5, 5], "uv_size": [25.3, 7]},
								"south": {"uv": [2, 5.5], "uv_size": [1.35, 7]},
								"west": {"uv": [2, 34.5], "uv_size": [25.3, 7]},
								"up": {"uv": [27.8, 5.85], "uv_size": [-25.3, -1.35]},
								"down": {"uv": [27.8, 5.85], "uv_size": [-25.3, -1.35]}
							}
						},
						{
							"origin": [-8.36785, 11.61027, -4.72265],
							"size": [0.05, 4.4, 12.8],
							"uv": {
								"north": {"uv": [24, 42], "uv_size": [0.05, 4.4]},
								"east": {"uv": [49.8, 38.8], "uv_size": [12.8, 4.4]},
								"south": {"uv": [24, 42], "uv_size": [0.05, 4.4]},
								"west": {"uv": [2, 34.5], "uv_size": [12.8, 4.4]},
								"up": {"uv": [23.05, 49.3], "uv_size": [-0.05, -12.8]},
								"down": {"uv": [23.05, 49.3], "uv_size": [-0.05, -12.8]}
							}
						},
						{
							"origin": [6.91785, 9.81027, 6.57735],
							"size": [1.35, 7, 8.3],
							"uv": {
								"north": {"uv": [5, 0], "uv_size": [7, 1.35]},
								"east": {"uv": [7.5, 35.5], "uv_size": [8.3, 7]},
								"south": {"uv": [3, 3.5], "uv_size": [1.35, 7]},
								"west": {"uv": [5, 5], "uv_size": [8.3, 7]},
								"up": {"uv": [12.3, 5.85], "uv_size": [-8.3, -1.35]},
								"down": {"uv": [4.35, 11.8], "uv_size": [-1.35, -8.3]}
							}
						},
						{
							"origin": [8.31785, 10.81027, -9.72265],
							"size": [0.05, 5, 5],
							"uv": {
								"north": {"uv": [13.5, 39], "uv_size": [0.05, 5]},
								"east": {"uv": [13.5, 39], "uv_size": [5, 5]},
								"south": {"uv": [13.5, 39], "uv_size": [0.05, 5]},
								"west": {"uv": [49.5, 38.5], "uv_size": [5, 5]},
								"up": {"uv": [13.55, 44], "uv_size": [-0.05, -5]},
								"down": {"uv": [13.55, 44], "uv_size": [-0.05, -5]}
							}
						},
						{
							"origin": [6.91785, 9.81027, -10.54765],
							"size": [1.35, 7, 6.3],
							"uv": {
								"north": {"uv": [2, 4.5], "uv_size": [1.35, 7]},
								"east": {"uv": [9.5, 38.5], "uv_size": [6.3, 7]},
								"south": {"uv": [5, 0], "uv_size": [7, 1.35]},
								"west": {"uv": [5.5, 3.5], "uv_size": [6.3, 7]},
								"up": {"uv": [5.85, 10.3], "uv_size": [-1.35, -6.3]},
								"down": {"uv": [1.35, 6.3], "uv_size": [-1.35, -6.3]}
							}
						},
						{
							"origin": [-10.33388, 8.22953, -10.42265],
							"size": [1.25, 6, 25],
							"pivot": [0.66612, 16.67953, 28.82735],
							"rotation": [0, 0, -25],
							"uv": {
								"north": {"uv": [2, 5.5], "uv_size": [1.25, 6]},
								"east": {"uv": [2, 10], "uv_size": [25, 6]},
								"south": {"uv": [2, 5.5], "uv_size": [1.25, 6]},
								"west": {"uv": [3, 44.5], "uv_size": [25, 6]},
								"up": {"uv": [1.25, 25], "uv_size": [-1.25, -25]},
								"down": {"uv": [28, 1.25], "uv_size": [-25, -1.25]}
							}
						},
						{
							"origin": [-18.66655, 7.59648, -8.42265],
							"size": [5.25, 1, 2],
							"pivot": [-4.66655, 15.04648, 28.82735],
							"rotation": [0, 0, -45],
							"uv": {
								"north": {"uv": [37, 18], "uv_size": [5.25, 1]},
								"east": {"uv": [37, 18], "uv_size": [2, 1]},
								"south": {"uv": [37, 18], "uv_size": [5.25, 1]},
								"west": {"uv": [37, 18], "uv_size": [2, 1]},
								"up": {"uv": [42.25, 20], "uv_size": [-5.25, -2]},
								"down": {"uv": [42.25, 20], "uv_size": [-5.25, -2]}
							}
						},
						{
							"origin": [-18.66655, 7.59648, 7.57735],
							"size": [5.25, 1, 1],
							"pivot": [-4.66655, 15.04648, 28.82735],
							"rotation": [0, 0, -45],
							"uv": {
								"north": {"uv": [37, 18], "uv_size": [5.25, 1]},
								"east": {"uv": [37, 18], "uv_size": [1, 1]},
								"south": {"uv": [37, 18], "uv_size": [5.25, 1]},
								"west": {"uv": [37, 18], "uv_size": [1, 1]},
								"up": {"uv": [42.25, 19], "uv_size": [-5.25, -1]},
								"down": {"uv": [42.25, 19], "uv_size": [-5.25, -1]}
							}
						},
						{
							"origin": [-18.66655, 7.59648, 2.57735],
							"size": [5.25, 1, 1],
							"pivot": [-4.66655, 15.04648, 28.82735],
							"rotation": [0, 0, -45],
							"uv": {
								"north": {"uv": [37, 18], "uv_size": [5.25, 1]},
								"east": {"uv": [37, 18], "uv_size": [1, 1]},
								"south": {"uv": [37, 18], "uv_size": [5.25, 1]},
								"west": {"uv": [37, 18], "uv_size": [1, 1]},
								"up": {"uv": [42.25, 19], "uv_size": [-5.25, -1]},
								"down": {"uv": [42.25, 19], "uv_size": [-5.25, -1]}
							}
						},
						{
							"origin": [1.68134, 24.17154, -11.42265],
							"size": [3.25, 4, 7],
							"pivot": [19.68134, 31.62154, 25.82735],
							"rotation": [0, 0, -25],
							"uv": {
								"north": {"uv": [11, 19.5], "uv_size": [3.25, 4]},
								"east": {"uv": [1, 20], "uv_size": [7, 4]},
								"south": {"uv": [3, 19.5], "uv_size": [3.25, 4]},
								"west": {"uv": [1.5, 20], "uv_size": [7, 4]},
								"up": {"uv": [41.25, 53.5], "uv_size": [-3.25, -7]},
								"down": {"uv": [41.25, 53.5], "uv_size": [-3.25, -7]}
							}
						},
						{
							"origin": [0.68134, 26.17154, 1.57735],
							"size": [3.25, 2, 8],
							"pivot": [19.68134, 31.62154, 25.82735],
							"rotation": [0, 0, -25],
							"uv": {
								"north": {"uv": [34.5, 6], "uv_size": [2, 3.25]},
								"east": {"uv": [35, 5], "uv_size": [8, 2]},
								"south": {"uv": [34.5, 6], "uv_size": [2, 3.25]},
								"west": {"uv": [35, 5], "uv_size": [8, 2]},
								"up": {"uv": [41.75, 54], "uv_size": [-3.25, -7]},
								"down": {"uv": [41.75, 55], "uv_size": [-3.25, -8]}
							}
						},
						{
							"origin": [-3.57049, 35.34326, 4.43382],
							"size": [3.25, 2, 4],
							"pivot": [15.40451, 40.79326, 27.68382],
							"rotation": [27.5, 0, -25],
							"uv": {
								"north": {"uv": [37, 5.5], "uv_size": [2, 3.25]},
								"east": {"uv": [35, 5], "uv_size": [4, 2]},
								"south": {"uv": [11, 20.5], "uv_size": [3.25, 2]},
								"west": {"uv": [35, 5], "uv_size": [4, 2]},
								"up": {"uv": [41.75, 51], "uv_size": [-3.25, -4]},
								"down": {"uv": [41.75, 51], "uv_size": [-3.25, -4]}
							}
						},
						{
							"origin": [-1.42416, 20.13765, -5.42265],
							"size": [3.25, 3.25, 11],
							"uv": {
								"north": {"uv": [10.9, 19.9], "uv_size": [3.25, 3.25]},
								"east": {"uv": [1.5, 26.5], "uv_size": [11, 3.25]},
								"south": {"uv": [1.5, 26.5], "uv_size": [3.25, 3.25]},
								"west": {"uv": [1.5, 26.5], "uv_size": [11, 3.25]},
								"up": {"uv": [25, 28], "uv_size": [-3, -11]},
								"down": {"uv": [3.25, 11], "uv_size": [-3.25, -11]}
							}
						},
						{
							"origin": [0.833, 26.36832, -4.42265],
							"size": [5.25, 3.25, 7],
							"pivot": [21.833, 26.56832, 32.82735],
							"rotation": [0, 0, -20],
							"uv": {
								"north": {"uv": [37.25, 4.5], "uv_size": [5.25, 3.25]},
								"east": {"uv": [36.5, 4.5], "uv_size": [7, 3.25]},
								"south": {"uv": [36.5, 4.5], "uv_size": [5.25, 3.25]},
								"west": {"uv": [36.5, 4.5], "uv_size": [7, 3.25]},
								"up": {"uv": [41.75, 11.5], "uv_size": [-5.25, -7]},
								"down": {"uv": [41.75, 11.5], "uv_size": [-5.25, -7]}
							}
						},
						{
							"origin": [5.98968, 20.79757, -3.42265],
							"size": [3.25, 3.25, 5],
							"uv": {
								"north": {"uv": [4, 5], "uv_size": [3.25, 3.25]},
								"east": {"uv": [4, 5], "uv_size": [3.25, 5]},
								"south": {"uv": [4, 5], "uv_size": [3.25, 3.25]},
								"west": {"uv": [4, 5], "uv_size": [3.25, 5]},
								"up": {"uv": [9, 8.25], "uv_size": [-5, -3.25]},
								"down": {"uv": [9, 8.25], "uv_size": [-5, -3.25]}
							}
						},
						{
							"origin": [26.65118, 24.46842, -2.42265],
							"size": [2.25, 2.25, 3],
							"uv": {
								"north": {"uv": [37.5, 6.5], "uv_size": [2.25, 2.25]},
								"east": {"uv": [37.5, 6.5], "uv_size": [3, 2.25]},
								"south": {"uv": [37.5, 6.5], "uv_size": [2.25, 2.25]},
								"west": {"uv": [37.5, 6.5], "uv_size": [3, 2.25]},
								"up": {"uv": [13.75, 22.5], "uv_size": [-2.25, -3]},
								"down": {"uv": [39.75, 9.5], "uv_size": [-2.25, -3]}
							}
						},
						{
							"origin": [-28.5375, 24.24, -2.42265],
							"size": [2.25, 2.25, 3],
							"uv": {
								"north": {"uv": [38, 6.5], "uv_size": [2.25, 2.25]},
								"east": {"uv": [38, 6.5], "uv_size": [3, 2.25]},
								"south": {"uv": [38, 6.5], "uv_size": [2.25, 2.25]},
								"west": {"uv": [38, 6.5], "uv_size": [3, 2.25]},
								"up": {"uv": [13.75, 22.5], "uv_size": [-2.25, -3]},
								"down": {"uv": [40.25, 9.5], "uv_size": [-2.25, -3]}
							}
						},
						{
							"origin": [-28.68568, 20.57928, -2.92265],
							"size": [20.25, 1.25, 4],
							"pivot": [-0.68568, 21.27928, 32.82735],
							"rotation": [0, 0, 7.5],
							"uv": {
								"north": {"uv": [1.5, 6], "uv_size": [20.25, 1.25]},
								"east": {"uv": [1.5, 6], "uv_size": [4, 1.25]},
								"south": {"uv": [1.5, 6], "uv_size": [20.25, 1.25]},
								"west": {"uv": [1.5, 6], "uv_size": [4, 1.25]},
								"up": {"uv": [21.75, 10], "uv_size": [-20.25, -4]},
								"down": {"uv": [21.75, 10], "uv_size": [-20.25, -4]}
							}
						},
						{
							"origin": [-23.68568, 19.57928, -3.92265],
							"size": [2.25, 2.5, 6],
							"pivot": [-0.68568, 21.27928, 32.82735],
							"rotation": [0, 0, 7.5],
							"uv": {
								"north": {"uv": [11.5, 20], "uv_size": [2.25, 2.5]},
								"east": {"uv": [2.5, 18.5], "uv_size": [2.5, 6]},
								"south": {"uv": [11.5, 20], "uv_size": [2.25, 2.5]},
								"west": {"uv": [2.5, 18.5], "uv_size": [2.5, 6]},
								"up": {"uv": [4.75, 24.5], "uv_size": [-2.25, -6]},
								"down": {"uv": [4.75, 24.5], "uv_size": [-2.25, -6]}
							}
						},
						{
							"origin": [-20.68568, 19.57928, -3.92265],
							"size": [1.25, 2.5, 6],
							"pivot": [-0.68568, 21.27928, 32.82735],
							"rotation": [0, 0, 7.5],
							"uv": {
								"north": {"uv": [37, 49.5], "uv_size": [1.25, 2.5]},
								"east": {"uv": [37, 49.5], "uv_size": [6, 2.5]},
								"south": {"uv": [37, 49.5], "uv_size": [1.25, 2.5]},
								"west": {"uv": [37, 49.5], "uv_size": [6, 2.5]},
								"up": {"uv": [4.75, 24.5], "uv_size": [-1.25, -6]},
								"down": {"uv": [4.75, 24.5], "uv_size": [-1.25, -6]}
							}
						},
						{
							"origin": [8.81432, 20.57928, -2.92265],
							"size": [20.25, 1.25, 4],
							"pivot": [-0.68568, 21.27928, 32.82735],
							"rotation": [0, 0, -7.5],
							"uv": {
								"north": {"uv": [1.5, 6], "uv_size": [20.25, 1.25]},
								"east": {"uv": [1.5, 6], "uv_size": [4, 1.25]},
								"south": {"uv": [1.5, 6], "uv_size": [20.25, 1.25]},
								"west": {"uv": [1.5, 6], "uv_size": [4, 1.25]},
								"up": {"uv": [21.75, 10], "uv_size": [-20.25, -4]},
								"down": {"uv": [21.75, 10], "uv_size": [-20.25, -4]}
							}
						},
						{
							"origin": [21.81432, 19.57928, -3.92265],
							"size": [2.25, 2.5, 6],
							"pivot": [-0.68568, 21.27928, 32.82735],
							"rotation": [0, 0, -7.5],
							"uv": {
								"north": {"uv": [11.5, 20], "uv_size": [2.25, 2.5]},
								"east": {"uv": [37, 48.5], "uv_size": [6, 2.5]},
								"south": {"uv": [11.5, 20], "uv_size": [2.25, 2.5]},
								"west": {"uv": [37, 48.5], "uv_size": [6, 2.5]},
								"up": {"uv": [5.25, 25], "uv_size": [-2.25, -6]},
								"down": {"uv": [4.75, 25], "uv_size": [-2.25, -6]}
							}
						},
						{
							"origin": [19.81432, 19.57928, -3.92265],
							"size": [1.25, 2.5, 6],
							"pivot": [-0.68568, 21.27928, 32.82735],
							"rotation": [0, 0, -7.5],
							"uv": {
								"north": {"uv": [37, 48.5], "uv_size": [1.25, 2.5]},
								"east": {"uv": [37, 48.5], "uv_size": [6, 2.5]},
								"south": {"uv": [37, 48.5], "uv_size": [1.25, 2.5]},
								"west": {"uv": [37, 48.5], "uv_size": [6, 2.5]},
								"up": {"uv": [3.75, 24.5], "uv_size": [-1.25, -6]},
								"down": {"uv": [4.25, 24.5], "uv_size": [-1.25, -6]}
							}
						},
						{
							"origin": [-8.838, 20.79757, -3.42265],
							"size": [3.25, 3.25, 5],
							"uv": {
								"north": {"uv": [4, 5], "uv_size": [3.25, 3.25]},
								"east": {"uv": [4, 5], "uv_size": [3.25, 5]},
								"south": {"uv": [4, 5], "uv_size": [3.25, 3.25]},
								"west": {"uv": [4, 5], "uv_size": [3.25, 5]},
								"up": {"uv": [9, 8.25], "uv_size": [-5, -3.25]},
								"down": {"uv": [9, 8.25], "uv_size": [-5, -3.25]}
							}
						},
						{
							"origin": [-7.83731, 14.1411, -4.42265],
							"size": [5.25, 3.25, 7],
							"pivot": [12.16269, 14.3411, 32.82735],
							"rotation": [0, 0, 20],
							"uv": {
								"north": {"uv": [36.75, 4.5], "uv_size": [5.25, 3.25]},
								"east": {"uv": [37, 4], "uv_size": [7, 3.25]},
								"south": {"uv": [37, 4], "uv_size": [5.25, 3.25]},
								"west": {"uv": [37, 4], "uv_size": [7, 3.25]},
								"up": {"uv": [42.25, 11], "uv_size": [-5.25, -7]},
								"down": {"uv": [42.25, 11], "uv_size": [-5.25, -7]}
							}
						},
						{
							"origin": [2.48739, 22.34588, -10.42265],
							"size": [1.25, 2, 25.2],
							"pivot": [18.48739, 29.79588, 43.82735],
							"rotation": [0, 0, -25],
							"uv": {
								"north": {"uv": [2, 4.5], "uv_size": [1.25, 2]},
								"east": {"uv": [1.5, 34.5], "uv_size": [25.2, 2]},
								"south": {"uv": [3, 3.5], "uv_size": [1.25, 2]},
								"west": {"uv": [1, 4], "uv_size": [25.2, 2]},
								"up": {"uv": [29.2, 5.75], "uv_size": [-25.2, -1.25]},
								"down": {"uv": [29.2, 1.25], "uv_size": [-25.2, -1.25]}
							}
						},
						{
							"origin": [-1.54701, 8.22607, -10.42265],
							"size": [1.25, 2, 25.2],
							"pivot": [14.45299, 27.67607, 43.82735],
							"rotation": [0, 0, 25],
							"uv": {
								"north": {"uv": [2, 5.5], "uv_size": [1.25, 2]},
								"east": {"uv": [2, 3], "uv_size": [25.2, 2]},
								"south": {"uv": [2, 5.5], "uv_size": [1.25, 2]},
								"west": {"uv": [1.5, 34.5], "uv_size": [25.2, 2]},
								"up": {"uv": [28.2, 1.25], "uv_size": [-25.2, -1.25]},
								"down": {"uv": [1.25, 25.2], "uv_size": [-1.25, -25.2]}
							}
						},
						{
							"origin": [-7.42738, 17.87289, -10.42265],
							"size": [14.85, 2.25, 25],
							"uv": {
								"north": {"uv": [5, 0], "uv_size": [14.85, 2.25]},
								"east": {"uv": [3, 0], "uv_size": [25, 2.25]},
								"south": {"uv": [4, 0], "uv_size": [14.85, 2.25]},
								"west": {"uv": [3, 0], "uv_size": [25, 2.25]},
								"up": {"uv": [26, 15.35], "uv_size": [-25, -14.85]},
								"down": {"uv": [26.5, 49.85], "uv_size": [-25, -14.85]}
							}
						},
						{
							"origin": [-6.42738, 17.87289, 13.57735],
							"size": [12.85, 3.25, 6],
							"uv": {
								"north": {"uv": [1, 26.5], "uv_size": [12.85, 3.25]},
								"east": {"uv": [4.5, 26.5], "uv_size": [6, 3.25]},
								"south": {"uv": [1.5, 26.5], "uv_size": [12.85, 3.25]},
								"west": {"uv": [4.5, 26.5], "uv_size": [6, 3.25]},
								"up": {"uv": [12, 14.35], "uv_size": [-6, -12.85]},
								"down": {"uv": [12.85, 6], "uv_size": [-12.85, -6]}
							}
						},
						{
							"origin": [-4.42738, 18.07289, 19.57735],
							"size": [8.85, 3.05, 10],
							"uv": {
								"north": {"uv": [0, 0], "uv_size": [8.85, 3.05]},
								"east": {"uv": [6, 0], "uv_size": [10, 3.05]},
								"south": {"uv": [6, 0], "uv_size": [8.85, 3.05]},
								"west": {"uv": [8, 0], "uv_size": [10, 3.05]},
								"up": {"uv": [16, 11.35], "uv_size": [-10, -8.85]},
								"down": {"uv": [8.85, 10], "uv_size": [-8.85, -10]}
							}
						},
						{
							"origin": [-2.42738, 16.35546, 33.82463],
							"size": [4.85, 3.55, 11],
							"uv": {
								"north": {"uv": [0, 0], "uv_size": [4.85, 3.55]},
								"east": {"uv": [4.5, 0], "uv_size": [11, 3.55]},
								"south": {"uv": [6, 0], "uv_size": [4.85, 3.55]},
								"west": {"uv": [6, 0], "uv_size": [11, 3.55]},
								"up": {"uv": [21.5, 8.85], "uv_size": [-11, -4.85]},
								"down": {"uv": [11.85, 13], "uv_size": [-4.85, -11]}
							}
						},
						{
							"origin": [-1.42738, 16.65546, 44.82463],
							"size": [2.85, 2.25, 4],
							"uv": {
								"north": {"uv": [36.5, 6.5], "uv_size": [2.85, 2.25]},
								"east": {"uv": [36.5, 6.5], "uv_size": [4, 2.25]},
								"south": {"uv": [36.5, 6.5], "uv_size": [2.85, 2.25]},
								"west": {"uv": [36.5, 6.5], "uv_size": [4, 2.25]},
								"up": {"uv": [39.35, 10.5], "uv_size": [-2.85, -4]},
								"down": {"uv": [39.35, 10.5], "uv_size": [-2.85, -4]}
							}
						},
						{
							"origin": [0.11442, 18.41086, 37.76777],
							"size": [0.85, 13.25, 6],
							"pivot": [0.15845, 20.16857, 41.84682],
							"rotation": [-12.5, 0, 55],
							"uv": {
								"north": {"uv": [24, 18], "uv_size": [0.85, 13.25]},
								"east": {"uv": [12, 1.5], "uv_size": [6, 13.25]},
								"south": {"uv": [1.5, 26.5], "uv_size": [13.25, 0.85]},
								"west": {"uv": [11, 1.5], "uv_size": [6, 13.25]},
								"up": {"uv": [43, 22.85], "uv_size": [-6, -0.85]},
								"down": {"uv": [43, 22.85], "uv_size": [-6, -0.85]}
							}
						},
						{
							"origin": [10.91442, 25.01086, 40.76777],
							"size": [0.85, 5.25, 6],
							"pivot": [10.95845, 26.76857, 44.84682],
							"rotation": [-12.5, 0, 90],
							"uv": {
								"north": {"uv": [22, 23], "uv_size": [0.85, 5.25]},
								"east": {"uv": [38.5, 23.5], "uv_size": [6, 5.25]},
								"south": {"uv": [24, 22.5], "uv_size": [0.85, 5.25]},
								"west": {"uv": [38.5, 23.5], "uv_size": [6, 5.25]},
								"up": {"uv": [24.85, 28.5], "uv_size": [-0.85, -6]},
								"down": {"uv": [39.35, 29.5], "uv_size": [-0.85, -6]}
							}
						},
						{
							"origin": [-0.96919, 18.41086, 37.76777],
							"size": [0.85, 13.25, 6],
							"pivot": [-0.16321, 20.16857, 41.84682],
							"rotation": [-12.5, 0, -55],
							"uv": {
								"north": {"uv": [24, 18], "uv_size": [0.85, 13.25]},
								"east": {"uv": [11, 1.5], "uv_size": [6, 13.25]},
								"south": {"uv": [1.5, 26.5], "uv_size": [13.25, 0.85]},
								"west": {"uv": [4.5, 1.5], "uv_size": [6, 13.25]},
								"up": {"uv": [43, 22.85], "uv_size": [-6, -0.85]},
								"down": {"uv": [43, 22.85], "uv_size": [-6, -0.85]}
							}
						},
						{
							"origin": [-11.66919, 24.91086, 40.76777],
							"size": [0.85, 5.25, 6],
							"pivot": [-10.86321, 26.66857, 44.84682],
							"rotation": [-12.5, 0, -90],
							"uv": {
								"north": {"uv": [22, 23], "uv_size": [0.85, 5.25]},
								"east": {"uv": [37.5, 22], "uv_size": [6, 5.25]},
								"south": {"uv": [22, 23], "uv_size": [0.85, 5.25]},
								"west": {"uv": [37.5, 22], "uv_size": [6, 5.25]},
								"up": {"uv": [22.85, 29], "uv_size": [-0.85, -6]},
								"down": {"uv": [38.35, 28], "uv_size": [-0.85, -6]}
							}
						},
						{
							"origin": [-1.42738, 19.65546, 29.82463],
							"size": [2.85, 1.25, 6],
							"uv": {
								"north": {"uv": [3, 18.5], "uv_size": [2.85, 1.25]},
								"east": {"uv": [2, 18.5], "uv_size": [6, 1.25]},
								"south": {"uv": [3, 18.5], "uv_size": [2.85, 1.25]},
								"west": {"uv": [1, 19.5], "uv_size": [6, 1.25]},
								"up": {"uv": [5.85, 24.5], "uv_size": [-2.85, -6]},
								"down": {"uv": [5.85, 24.5], "uv_size": [-2.85, -6]}
							}
						},
						{
							"origin": [-3.42738, 17.66069, 24.9679],
							"size": [6.85, 2.95, 5],
							"pivot": [0.42262, 3.36069, 29.2179],
							"rotation": [-15, 0, 0],
							"uv": {
								"north": {"uv": [0, 0], "uv_size": [6.85, 2.95]},
								"east": {"uv": [6.5, 0], "uv_size": [5, 2.95]},
								"south": {"uv": [5.5, 0], "uv_size": [6.85, 2.95]},
								"west": {"uv": [6.5, 0], "uv_size": [5, 2.95]},
								"up": {"uv": [11.35, 8], "uv_size": [-6.85, -5]},
								"down": {"uv": [6.85, 5], "uv_size": [-6.85, -5]}
							}
						},
						{
							"origin": [-2.3, 4.49135, -10.42265],
							"size": [4.8, 11.1, 0.5],
							"uv": {
								"north": {"uv": [6.5, 39.5], "uv_size": [11.1, 4.8]},
								"east": {"uv": [6, 34.5], "uv_size": [11.1, 0.5]},
								"south": {"uv": [9, 37], "uv_size": [4.8, 11.1]},
								"west": {"uv": [6, 34.5], "uv_size": [11.1, 0.5]},
								"up": {"uv": [7, 44.3], "uv_size": [-0.5, -4.8]},
								"down": {"uv": [7, 44.3], "uv_size": [-0.5, -4.8]}
							}
						},
						{
							"origin": [-7, 3.84135, -13.42265],
							"size": [14, 15.75, 3],
							"uv": {
								"north": {"uv": [6, 0], "uv_size": [14, 15.75]},
								"east": {"uv": [6, 0], "uv_size": [3, 15.75]},
								"south": {"uv": [7.5, 34.5], "uv_size": [14, 15.75]},
								"west": {"uv": [8.5, 0], "uv_size": [3, 15.75]},
								"up": {"uv": [5, 15], "uv_size": [-3, -14]},
								"down": {"uv": [20.5, 7.5], "uv_size": [-14, -3]}
							}
						},
						{
							"origin": [-6.9, 4.54135, 10.17735],
							"size": [13.9, 13.05, 3],
							"uv": {
								"north": {"uv": [7, 37.5], "uv_size": [13.9, 13.05]},
								"east": {"uv": [40, 18.5], "uv_size": [3, 13.05]},
								"south": {"uv": [40, 18.5], "uv_size": [13.9, 13.05]},
								"west": {"uv": [40, 18.5], "uv_size": [3, 13.05]},
								"up": {"uv": [13.9, 3], "uv_size": [-13.9, -3]},
								"down": {"uv": [13.9, 3], "uv_size": [-13.9, -3]}
							}
						},
						{
							"origin": [-6, 25.91376, -17.61374],
							"size": [12, 1, 7],
							"pivot": [1, 12.41376, 17.63626],
							"rotation": [15, 0, 0],
							"uv": {
								"north": {"uv": [5, 15], "uv_size": [12, 1]},
								"east": {"uv": [4.5, 0], "uv_size": [7, 1]},
								"south": {"uv": [0, 0], "uv_size": [12, 1]},
								"west": {"uv": [4.5, 0], "uv_size": [7, 1]},
								"up": {"uv": [17, 12], "uv_size": [-12, -7]},
								"down": {"uv": [13, 12], "uv_size": [-7, -12]}
							}
						},
						{
							"origin": [-3, 18.21922, -19.55535],
							"size": [6, 1, 6.4],
							"pivot": [0, 17.71922, -16.65535],
							"rotation": [15, 0, 0],
							"uv": {
								"north": {"uv": [37.5, 50], "uv_size": [6, 1]},
								"east": {"uv": [37.5, 50], "uv_size": [6.4, 1]},
								"south": {"uv": [37.5, 50], "uv_size": [6, 1]},
								"west": {"uv": [37.5, 50], "uv_size": [6.4, 1]},
								"up": {"uv": [42.5, 10.9], "uv_size": [-6, -6.4]},
								"down": {"uv": [17.5, 45.4], "uv_size": [-6, -6.4]}
							}
						},
						{
							"origin": [5, 25.91376, -21.61374],
							"size": [1, 1, 4],
							"pivot": [1, 12.41376, 17.63626],
							"rotation": [15, 0, 0],
							"uv": {
								"north": {"uv": [4.5, 0], "uv_size": [1, 1]},
								"east": {"uv": [4.5, 0], "uv_size": [4, 1]},
								"south": {"uv": [0, 0], "uv_size": [1, 1]},
								"west": {"uv": [4.5, 0], "uv_size": [4, 1]},
								"up": {"uv": [8.5, 1], "uv_size": [-4, -1]},
								"down": {"uv": [10, 1], "uv_size": [-4, -1]}
							}
						},
						{
							"origin": [-5.1, 26.11376, -20.61374],
							"size": [10.2, 0.2, 3],
							"pivot": [1, 12.41376, 17.63626],
							"rotation": [15, 0, 0],
							"uv": {
								"north": {"uv": [0, 0], "uv_size": [10.2, 0.2]},
								"east": {"uv": [0, 0], "uv_size": [3, 0.2]},
								"south": {"uv": [0, 0], "uv_size": [10.2, 0.2]},
								"west": {"uv": [0, 0], "uv_size": [3, 0.2]},
								"up": {"uv": [63.2, 3], "uv_size": [-10.2, -3]},
								"down": {"uv": [10.2, 3], "uv_size": [-10.2, -3]}
							}
						},
						{
							"origin": [-6, 25.91376, -21.61374],
							"size": [1, 1, 4],
							"pivot": [1, 12.41376, 17.63626],
							"rotation": [15, 0, 0],
							"uv": {
								"north": {"uv": [4.5, 0], "uv_size": [1, 1]},
								"east": {"uv": [4.5, 0], "uv_size": [4, 1]},
								"south": {"uv": [0, 0], "uv_size": [1, 1]},
								"west": {"uv": [4.5, 0], "uv_size": [4, 1]},
								"up": {"uv": [8.5, 1], "uv_size": [-4, -1]},
								"down": {"uv": [10, 1], "uv_size": [-4, -1]}
							}
						},
						{
							"origin": [-5, 26.21376, -21.61374],
							"size": [10, 0.2, 1],
							"pivot": [1, 12.41376, 17.63626],
							"rotation": [15, 0, 0],
							"uv": {
								"north": {"uv": [4.5, 0], "uv_size": [10, 0.2]},
								"east": {"uv": [0, 0], "uv_size": [1, 0.2]},
								"south": {"uv": [4.5, 0], "uv_size": [10, 0.2]},
								"west": {"uv": [0, 0], "uv_size": [1, 0.2]},
								"up": {"uv": [14.5, 1], "uv_size": [-10, -1]},
								"down": {"uv": [10, 1], "uv_size": [-10, -1]}
							}
						},
						{
							"origin": [-4, 5.2, -32.9],
							"size": [8, 4, 6],
							"uv": {
								"north": {"uv": [6, 12], "uv_size": [8, 4]},
								"east": {"uv": [5.5, 12], "uv_size": [6, 4]},
								"south": {"uv": [0, 0], "uv_size": [8, 4]},
								"west": {"uv": [9, 12], "uv_size": [6, 4]},
								"up": {"uv": [14, 13.5], "uv_size": [-8, -6]},
								"down": {"uv": [15, 9.5], "uv_size": [-8, -6]}
							}
						},
						{
							"origin": [-2.75, 14.95, -28.9],
							"size": [5.5, 2, 5],
							"pivot": [0, -2.8, 10.1],
							"rotation": [10, 0, 0],
							"uv": {
								"north": {"uv": [7, 0], "uv_size": [5.5, 2]},
								"east": {"uv": [7, 0], "uv_size": [5, 2]},
								"south": {"uv": [0, 0], "uv_size": [5.5, 2]},
								"west": {"uv": [7, 0], "uv_size": [5, 2]},
								"up": {"uv": [7, 24.5], "uv_size": [-5.5, -5]},
								"down": {"uv": [5.5, 5], "uv_size": [-5.5, -5]}
							}
						},
						{
							"origin": [1, 21.45, -25.9],
							"size": [2, 3, 3],
							"pivot": [0, -2.8, 10.1],
							"rotation": [25, 0, 0],
							"uv": {
								"north": {"uv": [11.5, 20], "uv_size": [2, 3]},
								"east": {"uv": [3.5, 19.5], "uv_size": [3, 3]},
								"south": {"uv": [3.5, 19.5], "uv_size": [2, 3]},
								"west": {"uv": [3.5, 19.5], "uv_size": [3, 3]},
								"up": {"uv": [5.5, 22.5], "uv_size": [-2, -3]},
								"down": {"uv": [5.5, 22.5], "uv_size": [-2, -3]}
							}
						},
						{
							"origin": [20.812, 26.49757, 14.07735],
							"size": [14, 2, 2],
							"uv": {
								"north": {"uv": [6.5, 13.5], "uv_size": [14, 2]},
								"east": {"uv": [0, 0], "uv_size": [2, 2]},
								"south": {"uv": [1, 26.5], "uv_size": [14, 2]},
								"west": {"uv": [0, 0], "uv_size": [2, 2]},
								"up": {"uv": [15, 29.5], "uv_size": [-14, -2]},
								"down": {"uv": [53, 25.5], "uv_size": [-14, -2]}
							}
						},
						{
							"origin": [-35.98623, 26.49757, -17.96415],
							"size": [7.5, 2, 2],
							"pivot": [-29.88623, 19.99757, 31.78585],
							"rotation": [0, -65, 0],
							"uv": {
								"north": {"uv": [6.5, 13.5], "uv_size": [7.5, 2]},
								"east": {"uv": [0, 0], "uv_size": [2, 2]},
								"south": {"uv": [1, 26.5], "uv_size": [7.5, 2]},
								"west": {"uv": [39, 23.5], "uv_size": [2, 2]},
								"up": {"uv": [10.5, 29.5], "uv_size": [-7.5, -2]},
								"down": {"uv": [46.5, 25.5], "uv_size": [-7.5, -2]}
							}
						},
						{
							"origin": [42.812, 26.49757, -7.92265],
							"size": [2, 2, 14],
							"uv": {
								"north": {"uv": [0, 0], "uv_size": [2, 2]},
								"east": {"uv": [6.5, 13.5], "uv_size": [14, 2]},
								"south": {"uv": [0, 0], "uv_size": [2, 2]},
								"west": {"uv": [1, 26.5], "uv_size": [14, 2]},
								"up": {"uv": [24, 31.5], "uv_size": [-2, -14]},
								"down": {"uv": [43.5, 30.5], "uv_size": [-2, -9.5]}
							}
						},
						{
							"origin": [20.812, 26.49757, -17.92265],
							"size": [14, 2, 2],
							"uv": {
								"north": {"uv": [1, 26.5], "uv_size": [14, 2]},
								"east": {"uv": [0, 0], "uv_size": [2, 2]},
								"south": {"uv": [6.5, 13.5], "uv_size": [14, 2]},
								"west": {"uv": [0, 0], "uv_size": [2, 2]},
								"up": {"uv": [15, 28.5], "uv_size": [-14, -2]},
								"down": {"uv": [53, 25.5], "uv_size": [-14, -2]}
							}
						},
						{
							"origin": [-4.62878, 26.49757, -0.49703],
							"size": [7.5, 2, 2],
							"pivot": [-21.02878, 19.99757, 49.25297],
							"rotation": [0, -25, 0],
							"uv": {
								"north": {"uv": [6.5, 13.5], "uv_size": [7.5, 2]},
								"east": {"uv": [0, 0], "uv_size": [2, 2]},
								"south": {"uv": [1, 26.5], "uv_size": [7.5, 2]},
								"west": {"uv": [0, 0], "uv_size": [2, 2]},
								"up": {"uv": [10.5, 29.5], "uv_size": [-7.5, -2]},
								"down": {"uv": [46.5, 25.5], "uv_size": [-7.5, -2]}
							}
						},
						{
							"origin": [-3.87164, 26.49757, 39.52866],
							"size": [7.5, 2, 2],
							"pivot": [-33.77164, 19.99757, 4.27866],
							"rotation": [0, 65, 0],
							"uv": {
								"north": {"uv": [1, 26.5], "uv_size": [7.5, 2]},
								"east": {"uv": [0, 0], "uv_size": [2, 2]},
								"south": {"uv": [6.5, 13.5], "uv_size": [7.5, 2]},
								"west": {"uv": [39, 23.5], "uv_size": [2, 2]},
								"up": {"uv": [8.5, 28.5], "uv_size": [-7.5, -2]},
								"down": {"uv": [46.5, 25.5], "uv_size": [-7.5, -2]}
							}
						},
						{
							"origin": [1.96564, 26.49757, 1.39723],
							"size": [7.5, 2, 2],
							"pivot": [-28.43436, 19.99757, -33.85277],
							"rotation": [0, 25, 0],
							"uv": {
								"north": {"uv": [1, 26.5], "uv_size": [7.5, 2]},
								"east": {"uv": [0, 0], "uv_size": [2, 2]},
								"south": {"uv": [6.5, 13.5], "uv_size": [7.5, 2]},
								"west": {"uv": [0, 0], "uv_size": [2, 2]},
								"up": {"uv": [8.5, 28.5], "uv_size": [-7.5, -2]},
								"down": {"uv": [46.5, 25.5], "uv_size": [-7.5, -2]}
							}
						},
						{
							"origin": [21.91771, 26.49757, 30.41498],
							"size": [7.5, 2, 2],
							"pivot": [-8.48229, 19.99757, -4.83502],
							"rotation": [0, 25, 0],
							"uv": {
								"north": {"uv": [6.5, 13.5], "uv_size": [7.5, 2]},
								"east": {"uv": [0, 0], "uv_size": [2, 2]},
								"south": {"uv": [1, 26.5], "uv_size": [7.5, 2]},
								"west": {"uv": [39, 23.5], "uv_size": [2, 2]},
								"up": {"uv": [11, 29.5], "uv_size": [-7.5, -2]},
								"down": {"uv": [46.5, 25.5], "uv_size": [-7.5, -2]}
							}
						},
						{
							"origin": [25.14611, 26.49757, 59.48073],
							"size": [7.5, 2, 2],
							"pivot": [-4.75389, 19.99757, 24.23073],
							"rotation": [0, 65, 0],
							"uv": {
								"north": {"uv": [6.5, 13.5], "uv_size": [7.5, 2]},
								"east": {"uv": [39, 23.5], "uv_size": [2, 2]},
								"south": {"uv": [1, 26.5], "uv_size": [7.5, 2]},
								"west": {"uv": [0, 0], "uv_size": [2, 2]},
								"up": {"uv": [10.5, 29.5], "uv_size": [-7.5, -2]},
								"down": {"uv": [46.5, 25.5], "uv_size": [-7.5, -2]}
							}
						},
						{
							"origin": [-6.96848, 26.49757, -37.91623],
							"size": [7.5, 2, 2],
							"pivot": [-0.86848, 19.99757, 11.83377],
							"rotation": [0, -65, 0],
							"uv": {
								"north": {"uv": [1, 26.5], "uv_size": [7.5, 2]},
								"east": {"uv": [39, 23.5], "uv_size": [2, 2]},
								"south": {"uv": [6.5, 13.5], "uv_size": [7.5, 2]},
								"west": {"uv": [0, 0], "uv_size": [2, 2]},
								"up": {"uv": [8.5, 28.5], "uv_size": [-7.5, -2]},
								"down": {"uv": [46.5, 25.5], "uv_size": [-7.5, -2]}
							}
						},
						{
							"origin": [15.32329, 26.49757, -29.51478],
							"size": [7.5, 2, 2],
							"pivot": [-1.07671, 19.99757, 20.23522],
							"rotation": [0, -25, 0],
							"uv": {
								"north": {"uv": [1, 26.5], "uv_size": [7.5, 2]},
								"east": {"uv": [0, 0], "uv_size": [2, 2]},
								"south": {"uv": [6.5, 13.5], "uv_size": [7.5, 2]},
								"west": {"uv": [39, 23.5], "uv_size": [2, 2]},
								"up": {"uv": [8.5, 28.5], "uv_size": [-7.5, -2]},
								"down": {"uv": [46.5, 25.5], "uv_size": [-7.5, -2]}
							}
						},
						{
							"origin": [10.812, 26.49757, -7.92265],
							"size": [2, 2, 14],
							"uv": {
								"north": {"uv": [0, 0], "uv_size": [2, 2]},
								"east": {"uv": [1, 26.5], "uv_size": [14, 2]},
								"south": {"uv": [0, 0], "uv_size": [2, 2]},
								"west": {"uv": [6.5, 13.5], "uv_size": [14, 2]},
								"up": {"uv": [25, 31.5], "uv_size": [-2, -14]},
								"down": {"uv": [43.5, 30.5], "uv_size": [-2, -9.5]}
							}
						},
						{
							"origin": [-34.438, 26.49757, -17.92265],
							"size": [14, 2, 2],
							"uv": {
								"north": {"uv": [1, 26.5], "uv_size": [14, 2]},
								"east": {"uv": [0, 0], "uv_size": [2, 2]},
								"south": {"uv": [6.5, 13.5], "uv_size": [14, 2]},
								"west": {"uv": [0, 0], "uv_size": [2, 2]},
								"up": {"uv": [15, 28.5], "uv_size": [-14, -2]},
								"down": {"uv": [53, 25.5], "uv_size": [-14, -2]}
							}
						},
						{
							"origin": [-44.438, 26.49757, -7.92265],
							"size": [2, 2, 14],
							"uv": {
								"north": {"uv": [0, 0], "uv_size": [2, 2]},
								"east": {"uv": [1, 26.5], "uv_size": [14, 2]},
								"south": {"uv": [0, 0], "uv_size": [2, 2]},
								"west": {"uv": [6.5, 13.5], "uv_size": [14, 2]},
								"up": {"uv": [25, 31.5], "uv_size": [-2, -14]},
								"down": {"uv": [43.5, 30.5], "uv_size": [-2, -9.5]}
							}
						},
						{
							"origin": [-12.438, 26.49757, -7.92265],
							"size": [2, 2, 14],
							"uv": {
								"north": {"uv": [0, 0], "uv_size": [2, 2]},
								"east": {"uv": [6.5, 13.5], "uv_size": [14, 2]},
								"south": {"uv": [0, 0], "uv_size": [2, 2]},
								"west": {"uv": [1, 26.5], "uv_size": [14, 2]},
								"up": {"uv": [24, 31.5], "uv_size": [-2, -14]},
								"down": {"uv": [43.5, 30.5], "uv_size": [-2, -9.5]}
							}
						},
						{
							"origin": [-34.438, 26.49757, 14.07735],
							"size": [14, 2, 2],
							"uv": {
								"north": {"uv": [6.5, 13.5], "uv_size": [14, 2]},
								"east": {"uv": [0, 0], "uv_size": [2, 2]},
								"south": {"uv": [1, 26.5], "uv_size": [14, 2]},
								"west": {"uv": [0, 0], "uv_size": [2, 2]},
								"up": {"uv": [15, 29.5], "uv_size": [-14, -2]},
								"down": {"uv": [53, 25.5], "uv_size": [-14, -2]}
							}
						},
						{
							"origin": [-30.10389, 26.49757, 59.48073],
							"size": [7.5, 2, 2],
							"pivot": [-60.00389, 19.99757, 24.23073],
							"rotation": [0, 65, 0],
							"uv": {
								"north": {"uv": [6.5, 13.5], "uv_size": [7.5, 2]},
								"east": {"uv": [39, 23.5], "uv_size": [2, 2]},
								"south": {"uv": [1, 26.5], "uv_size": [7.5, 2]},
								"west": {"uv": [0, 0], "uv_size": [2, 2]},
								"up": {"uv": [12, 29.5], "uv_size": [-7.5, -2]},
								"down": {"uv": [41, 29.5], "uv_size": [-2, -7.5]}
							}
						},
						{
							"origin": [-33.33229, 26.49757, 30.41498],
							"size": [7.5, 2, 2],
							"pivot": [-63.73229, 19.99757, -4.83502],
							"rotation": [0, 25, 0],
							"uv": {
								"north": {"uv": [6.5, 13.5], "uv_size": [7.5, 2]},
								"east": {"uv": [0, 0], "uv_size": [2, 2]},
								"south": {"uv": [1, 26.5], "uv_size": [7.5, 2]},
								"west": {"uv": [39, 23.5], "uv_size": [2, 2]},
								"up": {"uv": [12, 29.5], "uv_size": [-7.5, -2]},
								"down": {"uv": [46.5, 25.5], "uv_size": [-7.5, -2]}
							}
						}
					]
				},
				{
					"name": "door",
					"parent": "Base",
					"pivot": [8.13223, 12.95244, 1.1586],
					"cubes": [
						{
							"origin": [7.21785, 9.81027, -4.17265],
							"size": [1.35, 3, 10.7],
							"uv": {
								"north": {"uv": [8, 39], "uv_size": [1.35, 3]},
								"east": {"uv": [8, 39], "uv_size": [10.7, 3]},
								"south": {"uv": [8, 39], "uv_size": [1.35, 3]},
								"west": {"uv": [8, 39], "uv_size": [10.7, 3]},
								"up": {"uv": [9.35, 49.7], "uv_size": [-1.35, -10.7]},
								"down": {"uv": [9.35, 49.7], "uv_size": [-1.35, -10.7]}
							}
						},
						{
							"origin": [7.21785, 12.81027, -4.17265],
							"size": [1.35, 2, 1.7],
							"uv": {
								"north": {"uv": [8, 39], "uv_size": [1.35, 2]},
								"east": {"uv": [8, 39], "uv_size": [1.7, 2]},
								"south": {"uv": [8, 39], "uv_size": [1.35, 2]},
								"west": {"uv": [8, 39], "uv_size": [1.7, 2]},
								"up": {"uv": [9.35, 40.7], "uv_size": [-1.35, -1.7]},
								"down": {"uv": [9.35, 40.7], "uv_size": [-1.35, -1.7]}
							}
						},
						{
							"origin": [7.21785, 14.81027, -4.17265],
							"size": [1.35, 2, 10.7],
							"uv": {
								"north": {"uv": [8, 39], "uv_size": [1.35, 2]},
								"east": {"uv": [8, 39], "uv_size": [10.7, 2]},
								"south": {"uv": [8, 39], "uv_size": [1.35, 2]},
								"west": {"uv": [8, 39], "uv_size": [10.7, 2]},
								"up": {"uv": [9.35, 49.7], "uv_size": [-1.35, -10.7]},
								"down": {"uv": [9.35, 49.7], "uv_size": [-1.35, -10.7]}
							}
						},
						{
							"origin": [7.21785, 12.81027, 4.82735],
							"size": [1.35, 2, 1.7],
							"uv": {
								"north": {"uv": [8, 39], "uv_size": [1.35, 2]},
								"east": {"uv": [8, 39], "uv_size": [1.7, 2]},
								"south": {"uv": [8, 39], "uv_size": [1.35, 2]},
								"west": {"uv": [9, 39.5], "uv_size": [1.7, 2]},
								"up": {"uv": [9.35, 40.7], "uv_size": [-1.35, -1.7]},
								"down": {"uv": [9.35, 40.7], "uv_size": [-1.35, -1.7]}
							}
						},
						{
							"origin": [8.70411, 6.16328, -4.19765],
							"size": [1.25, 6, 10.725],
							"pivot": [3.95411, 14.11328, 18.07735],
							"rotation": [0, 0, 25],
							"uv": {
								"north": {"uv": [8, 39], "uv_size": [1.25, 6]},
								"east": {"uv": [8, 39], "uv_size": [10.725, 6]},
								"south": {"uv": [8, 39], "uv_size": [1.25, 6]},
								"west": {"uv": [8, 39], "uv_size": [10.725, 6]},
								"up": {"uv": [9.25, 49.725], "uv_size": [-1.25, -10.725]},
								"down": {"uv": [9.25, 49.725], "uv_size": [-1.25, -10.725]}
							}
						},
						{
							"origin": [7.21785, 12.81027, 0.32735],
							"size": [1.35, 2, 1.5],
							"uv": {
								"north": {"uv": [8, 39], "uv_size": [1.35, 2]},
								"east": {"uv": [8.5, 39.5], "uv_size": [1.5, 2]},
								"south": {"uv": [8, 39], "uv_size": [1.35, 2]},
								"west": {"uv": [8.5, 39.5], "uv_size": [1.5, 2]},
								"up": {"uv": [9.85, 41], "uv_size": [-1.35, -1.5]},
								"down": {"uv": [9.85, 41], "uv_size": [-1.35, -1.5]}
							}
						}
					]
				},
				{
					"name": "right_wing",
					"parent": "Base",
					"pivot": [-27.36573, 25.00404, -0.70794],
					"cubes": [
						{
							"origin": [-28.36573, 25.97904, -16.10794],
							"size": [2, 0.45, 30.8],
							"uv": {
								"north": {"uv": [0.5, 54], "uv_size": [0.45, 2]},
								"east": {"uv": [0.5, 54], "uv_size": [30.8, 0.45]},
								"south": {"uv": [0.5, 54], "uv_size": [0.45, 2]},
								"west": {"uv": [0.5, 54], "uv_size": [30.8, 0.45]},
								"up": {"uv": [34.5, 63.8], "uv_size": [-2, -30.8]},
								"down": {"uv": [34.5, 63.8], "uv_size": [-2, -30.8]}
							}
						},
						{
							"origin": [-28.36573, 25.97904, -16.10794],
							"size": [2, 0.45, 30.8],
							"pivot": [-27.36573, 26.20404, -0.70794],
							"rotation": [0, -90, 0],
							"uv": {
								"north": {"uv": [0.5, 53.5], "uv_size": [0.45, 2]},
								"east": {"uv": [0.5, 53.5], "uv_size": [30.8, 0.45]},
								"south": {"uv": [0.5, 53.5], "uv_size": [0.45, 2]},
								"west": {"uv": [0.5, 53.5], "uv_size": [30.8, 0.45]},
								"up": {"uv": [35, 63.8], "uv_size": [-2, -30.8]},
								"down": {"uv": [35, 63.8], "uv_size": [-2, -30.8]}
							}
						}
					]
				},
				{
					"name": "left_wing",
					"parent": "Base",
					"pivot": [27.63427, 25.00404, -0.70794],
					"cubes": [
						{
							"origin": [26.63427, 25.97904, -16.10794],
							"size": [2, 0.45, 30.8],
							"uv": {
								"north": {"uv": [0.5, 54], "uv_size": [0.45, 2]},
								"east": {"uv": [0.5, 54], "uv_size": [30.8, 0.45]},
								"south": {"uv": [0.5, 54], "uv_size": [0.45, 2]},
								"west": {"uv": [0.5, 54], "uv_size": [30.8, 0.45]},
								"up": {"uv": [34.5, 63.8], "uv_size": [-2, -30.8]},
								"down": {"uv": [34.5, 63.8], "uv_size": [-2, -30.8]}
							}
						},
						{
							"origin": [26.63427, 25.97904, -16.10794],
							"size": [2, 0.45, 30.8],
							"pivot": [27.63427, 26.20404, -0.70794],
							"rotation": [0, -90, 0],
							"uv": {
								"north": {"uv": [0.5, 53.5], "uv_size": [0.45, 2]},
								"east": {"uv": [0.5, 53.5], "uv_size": [30.8, 0.45]},
								"south": {"uv": [0.5, 53.5], "uv_size": [0.45, 2]},
								"west": {"uv": [0.5, 53.5], "uv_size": [30.8, 0.45]},
								"up": {"uv": [34.5, 63.8], "uv_size": [-2, -30.8]},
								"down": {"uv": [34.5, 63.8], "uv_size": [-2, -30.8]}
							}
						}
					]
				}
			]
		}
	]
}