{
    "Hide": 0b,
    "Fov": 70.0f,
    "Morphs": [
        {
            "Expire": 0,
            "Ortho": 0b,
            "Morph": {
                "Label": "███",
                "Name": "label"
            },
            "OrthoY": 0.0f,
            "Scale": [
                0.75f,
                0.8f,
                0.5f
            ],
            "OrthoX": 0.0f,
            "Translate": [
                -2.2555f,
                0.053f,
                0.0f
            ]
        },
        {
            "Expire": 0,
            "Rotate": [
                0.0f,
                0.0f,
                -90.0f
            ],
            "Ortho": 0b,
            "Morph": {
                "Texture": "https://cdn.discordapp.com/attachments/922870730977325096/1083410825840181248/1.png",
                "Name": "blockbuster.image"
            },
            "OrthoY": 0.0f,
            "Scale": [
                0.75f,
                0.75f,
                0.75f
            ],
            "OrthoX": 0.0f,
            "Translate": [
                -2.1875f,
                0.03f,
                0.0f
            ]
        }
    ]
}