{
    "Hide": 0b,
    "Fov": 70.0f,
    "Morphs": [
        {
            "Expire": 0,
            "Ortho": 0b,
            "Morph": {
                "Hitbox": {
                    "Eye": 0.9f,
                    "Sneak": 1.65f,
                    "Enabled": 1b,
                    "Height": 1.9f
                },
                "Actions": {
                    "running": {
                        "Speed": 0.75f,
                        "Name": "running"
                    },
                    "idle": {
                        "Speed": 0.25f,
                        "Name": "idle"
                    },
                    "swipe": {
                        "Speed": 2.0f,
                        "Name": "swipe"
                    }
                },
                "Skin": "c.s:ghost/skins/ghost.png",
                "BodyParts": [
                    {
                        "R": [
                            0.0f,
                            180.0f,
                            0.0f
                        ],
                        "S": [
                            0.09f,
                            0.1f,
                            0.09f
                        ],
                        "T": [
                            -0.09375f,
                            0.1875f,
                            -0.19f
                        ],
                        "Limb": "bone6",
                        "Morph": {
                            "Name": "item",
                            "Stack": {
                                "id": "blockbuster:green",
                                "Count": 64b,
                                "Damage": 6s
                            }
                        }
                    },
                    {
                        "R": [
                            0.0f,
                            180.0f,
                            0.0f
                        ],
                        "S": [
                            0.05f,
                            0.1f,
                            0.09f
                        ],
                        "T": [
                            0.061f,
                            0.1875f,
                            -0.19f
                        ],
                        "Limb": "bone6",
                        "Morph": {
                            "Name": "item",
                            "Stack": {
                                "id": "blockbuster:green",
                                "Count": 64b,
                                "Damage": 6s
                            }
                        }
                    },
                    {
                        "R": [
                            0.0f,
                            180.0f,
                            0.0f
                        ],
                        "S": [
                            0.05f,
                            0.05f,
                            0.03f
                        ],
                        "T": [
                            0.11f,
                            0.163f,
                            -0.22125f
                        ],
                        "Limb": "bone6",
                        "Morph": {
                            "Name": "item",
                            "Stack": {
                                "id": "blockbuster:green",
                                "Count": 64b,
                                "Damage": 6s
                            }
                        }
                    }
                ],
                "Name": "chameleon.ghost"
            },
            "OrthoY": 0.0f,
            "Scale": [
                2.0f,
                2.0f,
                2.0f
            ],
            "OrthoX": 0.0f,
            "Translate": [
                0.125f,
                -2.5f,
                0.1875f
            ]
        },
        {
            "Expire": 0,
            "Ortho": 0b,
            "Morph": {
                "List": [
                    {
                        "Random": 0.0f,
                        "SetDuration": 0b,
                        "Morph": {
                            "Name": "item",
                            "Stack": {
                                "id": "blockbuster:dim_green",
                                "Count": 1b,
                                "Damage": 7s
                            }
                        },
                        "Duration": 10.0f,
                        "EndPoint": 0b
                    },
                    {
                        "Random": 0.0f,
                        "SetDuration": 0b,
                        "Morph": {
                            "Name": "item",
                            "Stack": {
                                "id": "blockbuster:dim_green",
                                "Count": 1b,
                                "Damage": 7s
                            }
                        },
                        "Duration": 10.0f,
                        "EndPoint": 0b
                    }
                ],
                "Name": "sequencer",
                "Offset": [
                    0.0f,
                    0.0f,
                    0.0f
                ]
            },
            "OrthoY": 0.0f,
            "Scale": [
                58.75f,
                5.75f,
                0.0f
            ],
            "OrthoX": 0.0f,
            "Translate": [
                1.625f,
                4.875f,
                0.0f
            ]
        },
        {
            "Expire": 0,
            "Ortho": 0b,
            "Morph": {
                "List": [
                    {
                        "Random": 0.0f,
                        "SetDuration": 0b,
                        "Morph": {
                            "Lighting": 0b,
                            "Label": "УМРИ",
                            "Name": "label"
                        },
                        "Duration": 1.0f,
                        "EndPoint": 0b
                    },
                    {
                        "Random": 0.0f,
                        "SetDuration": 0b,
                        "Morph": {
                            "Color": 16711680,
                            "Label": "УМР!",
                            "Name": "label"
                        },
                        "Duration": 1.0f,
                        "EndPoint": 0b
                    },
                    {
                        "Random": 0.0f,
                        "SetDuration": 0b,
                        "Morph": {
                            "Label": "-МRИ",
                            "Name": "label"
                        },
                        "Duration": 1.0f,
                        "EndPoint": 0b
                    },
                    {
                        "Random": 0.0f,
                        "SetDuration": 0b,
                        "Morph": {
                            "Label": "УМ№!",
                            "Name": "label"
                        },
                        "Duration": 1.0f,
                        "EndPoint": 0b
                    },
                    {
                        "Random": 0.0f,
                        "SetDuration": 0b,
                        "Morph": {
                            "Label": "-?RИ",
                            "Name": "label"
                        },
                        "Duration": 1.0f,
                        "EndPoint": 0b
                    }
                ],
                "Name": "sequencer",
                "Offset": [
                    0.0f,
                    0.0f,
                    0.0f
                ]
            },
            "OrthoY": 0.0f,
            "Scale": [
                2.25f,
                2.25f,
                2.25f
            ],
            "OrthoX": 0.0f,
            "Translate": [
                0.0f,
                0.9375f,
                1.3125f
            ]
        },
        {
            "Expire": 0,
            "Ortho": 0b,
            "Morph": {
                "List": [
                    {
                        "Random": 0.0f,
                        "SetDuration": 0b,
                        "Morph": {
                            "Name": "item",
                            "Stack": {
                                "id": "blockbuster:dim_green",
                                "Count": 1b,
                                "Damage": 7s
                            }
                        },
                        "Duration": 10.0f,
                        "EndPoint": 0b
                    },
                    {
                        "Random": 0.0f,
                        "SetDuration": 0b,
                        "Morph": {
                            "Name": "item",
                            "Stack": {
                                "id": "blockbuster:dim_green",
                                "Count": 1b,
                                "Damage": 7s
                            }
                        },
                        "Duration": 10.0f,
                        "EndPoint": 0b
                    }
                ],
                "Name": "sequencer",
                "Offset": [
                    0.0f,
                    0.0f,
                    0.0f
                ]
            },
            "OrthoY": 0.0f,
            "Scale": [
                58.75f,
                5.75f,
                0.0f
            ],
            "OrthoX": 0.0f,
            "Translate": [
                1.625f,
                -3.09375f,
                0.0f
            ]
        }
    ]
}