{
    "Hide": 0b,
    "Fov": 70.0f,
    "Morphs": [
        {
            "Expire": 0,
            "Ortho": 0b,
            "Morph": {
                "Texture": "https://cdn.discordapp.com/attachments/922870730977325096/1079330754036781146/heart1.png?ex=66092998&is=65f6b498&hm=586f70eb5ab759bf6ff4c0e19deae77beebbd5ec0fbde26e26fdc721e25f19c0&",
                "Name": "blockbuster.image"
            },
            "OrthoY": 0.0f,
            "OrthoX": 0.0f,
            "Translate": [
                -2.0f,
                -0.15625f,
                0.0f
            ]
        }
    ]
}