{
    "Hide": 0b,
    "Fov": 70.0f,
    "Morphs": [
        {
            "Expire": 0,
            "Ortho": 0b,
            "Morph": {
                "Texture": "https://cdn.discordapp.com/attachments/922870730977325096/1079402046144397342/heart0_1.png?ex=66096bfe&is=65f6f6fe&hm=17e414983591d4b528611a07f26fa89d1ee98fa50e09250515a4c55f45506569&",
                "Name": "blockbuster.image"
            },
            "OrthoY": 0.0f,
            "OrthoX": 0.0f,
            "Translate": [
                -2.0f,
                -0.15625f,
                0.0f
            ]
        },
        {
            "Expire": 0,
            "Ortho": 0b,
            "Morph": {
                "List": [
                    {
                        "Random": 0.0f,
                        "SetDuration": 0b,
                        "Morph": {
                            "Color": 5834496,
                            "Label": "Вы мертвы!",
                            "Name": "label"
                        },
                        "Duration": 5.0f,
                        "EndPoint": 0b
                    },
                    {
                        "Random": 0.0f,
                        "SetDuration": 0b,
                        "Morph": {
                            "Color": 5834496,
                            "Label": "Вы мертвы?",
                            "Name": "label"
                        },
                        "Duration": 1.0f,
                        "EndPoint": 0b
                    },
                    {
                        "Random": 0.0f,
                        "SetDuration": 0b,
                        "Morph": {
                            "Color": 5834496,
                            "Label": "Вы умерли.",
                            "Name": "label"
                        },
                        "Duration": 3.0f,
                        "EndPoint": 0b
                    },
                    {
                        "Random": 0.0f,
                        "SetDuration": 0b,
                        "Morph": {
                            "Color": 5834496,
                            "Label": "Вы кто?",
                            "Name": "label"
                        },
                        "Duration": 1.0f,
                        "EndPoint": 0b
                    },
                    {
                        "Random": 0.0f,
                        "SetDuration": 0b,
                        "Morph": {
                            "Color": 5834496,
                            "Label": "Вы мертвы!",
                            "Name": "label"
                        },
                        "Duration": 12.75f,
                        "EndPoint": 0b
                    }
                ],
                "Name": "sequencer",
                "Offset": [
                    0.0f,
                    0.0f,
                    0.0f
                ]
            },
            "OrthoY": 0.0f,
            "Scale": [
                0.65f,
                0.65f,
                0.65f
            ],
            "OrthoX": 0.0f,
            "Translate": [
                -2.0f,
                -0.25f,
                0.0f
            ]
        }
    ]
}