{
    "Hide": 0b,
    "Fov": 70.0f,
    "Morphs": [
        {
            "Expire": 0,
            "Ortho": 0b,
            "Morph": {
                "Texture": "https://cdn.discordapp.com/attachments/922870730977325096/1079330763985666049/heart2.png?ex=6609299b&is=65f6b49b&hm=7583c7c415fc2fc2adbe9de34b8552d452963a805a34cd36f70bc2db80eb81f1&",
                "Name": "blockbuster.image"
            },
            "OrthoY": 0.0f,
            "OrthoX": 0.0f,
            "Translate": [
                -2.0f,
                -0.15625f,
                0.0f
            ]
        }
    ]
}