{
    "Hide": 0b,
    "Fov": 70.0f,
    "Morphs": [
        {
            "Expire": 0,
            "Ortho": 0b,
            "Morph": {
                "Texture": "https://cdn.discordapp.com/attachments/922870730977325096/1079330773632557127/heart3.png?ex=6609299d&is=65f6b49d&hm=3088a5f23ee6b22f602bb7b3a1520df116fdd1d6906bc23943c5c3bfb7c6a9d6&",
                "Name": "blockbuster.image"
            },
            "OrthoY": 0.0f,
            "OrthoX": 0.0f,
            "Translate": [
                -2.0f,
                -0.15625f,
                0.0f
            ]
        }
    ]
}