{
    "Hide": 0b,
    "Fov": 70.0f,
    "Morphs": [
        {
            "Expire": 0,
            "Ortho": 0b,
            "Morph": {
                "Texture": "https://cdn.discordapp.com/attachments/922870730977325096/1084091408358580224/Paper-Sheet-PNG-Image.png?ex=6608064d&is=65f5914d&hm=20953b50cb18bc28b9cbf21d0151d3b999104c8f9769aeac6f0612d61fc8194f&",
                "Name": "blockbuster.image"
            },
            "OrthoY": 0.0f,
            "Scale": [
                2.0f,
                2.0f,
                2.0f
            ],
            "OrthoX": 0.0f,
            "Translate": [
                0.0f,
                0.90625f,
                0.0f
            ]
        },
        {
            "Expire": 0,
            "Ortho": 0b,
            "Morph": {
                "Label": "[eСпасибо этим людям!",
                "Name": "label"
            },
            "OrthoY": 0.0f,
            "Scale": [
                0.5f,
                0.5f,
                0.5f
            ],
            "OrthoX": 0.0f,
            "Translate": [
                0.0f,
                1.65625f,
                0.03125f
            ]
        },
        {
            "Expire": 0,
            "Ortho": 0b,
            "Morph": {
                "Max": 196,
                "Label": "[8Tommy_Whinston#1356 - Тех. Часть Pe4eN1e#8333 - Модели",
                "Name": "label"
            },
            "OrthoY": 0.0f,
            "Scale": [
                0.33f,
                0.33f,
                0.33f
            ],
            "OrthoX": 0.0f,
            "Translate": [
                0.0f,
                1.4375f,
                0.0625f
            ]
        },
        {
            "Expire": 0,
            "Ortho": 0b,
            "Morph": {
                "Max": 178,
                "Label": "[8Гриззли#9148 - Строительство !FredSUS!#2697 - Модель призрака",
                "Name": "label"
            },
            "OrthoY": 0.0f,
            "Scale": [
                0.33f,
                0.33f,
                0.33f
            ],
            "OrthoX": 0.0f,
            "Translate": [
                0.03125f,
                1.25f,
                0.0625f
            ]
        },
        {
            "Expire": 0,
            "Ortho": 0b,
            "Morph": {
                "Label": "[8NikBen#9335 - Помог со скриптами",
                "Name": "label"
            },
            "OrthoY": 0.0f,
            "Scale": [
                0.32f,
                0.33f,
                0.33f
            ],
            "OrthoX": 0.0f,
            "Translate": [
                0.03125f,
                1.09375f,
                0.125f
            ]
        },
        {
            "Expire": 0,
            "Ortho": 0b,
            "Morph": {
                "Max": 184,
                "Label": "[8Denchik#0569 - Строительство KATLIO BLIZ#9818 - Строительство",
                "Name": "label"
            },
            "OrthoY": 0.0f,
            "Scale": [
                0.31f,
                0.31f,
                0.31f
            ],
            "OrthoX": 0.0f,
            "Translate": [
                0.0f,
                0.9375f,
                0.09375f
            ]
        }
    ]
}