{
    "Hide": 0b,
    "Fov": 70.0f,
    "Morphs": [
        {
            "Expire": 0,
            "Ortho": 0b,
            "Morph": {
                "Background": -1577058304,
                "Max": 157,
                "Label": "[7Щитков активно: [60/5 [7Генераторов починено: [60/3 [7Выход:         ",
                "Name": "label"
            },
            "OrthoY": 0.0f,
            "Scale": [
                0.4f,
                0.4f,
                0.4f
            ],
            "OrthoX": 0.0f,
            "Translate": [
                0.0f,
                2.25f,
                0.0f
            ]
        },
        {
            "Expire": 0,
            "Ortho": 0b,
            "Morph": {
                "Label": "[cЗакрыт",
                "Name": "label"
            },
            "OrthoY": 0.0f,
            "Scale": [
                0.4f,
                0.4f,
                0.4f
            ],
            "OrthoX": 0.0f,
            "Translate": [
                0.15625f,
                2.15f,
                0.0f
            ]
        }
    ]
}