{
	"format_version": "1.8.0",
	"animations": {
		"idle": {
			"loop": true,
			"animation_length": 0.20833,
			"bones": {
				"group": {
					"rotation": {
						"0.0": {
							"vector": [0, 0, 7.5]
						},
						"0.0417": {
							"vector": [0, 0, 52.5]
						},
						"0.0833": {
							"vector": [0, 0, 107.5]
						},
						"0.125": {
							"vector": [0, 0, 160]
						},
						"0.1667": {
							"vector": [0, 0, 232.5]
						},
						"0.2083": {
							"vector": [0, 0, 270]
						}
					}
				}
			}
		}
	}
}