{
  "walkSoundsVolume": 0.3,
  "enableWalkSounds": true,
  "autoExtractContentpack": true,
  "enableModifiedInventory": true,
  "dropExtraSlotsOnDeath": true,
  "UIshowAmmoCount": true,
  "enable3DModelsDrops": true,
  "disableGunInteraction": true,
  "canShotBreakGlass": false,
  "version": "1.0.9f",
  "kickIfModifiedContentPack": true,
  "dev_mode": false,
  "dropBulletCasing": true,
  "despawnTimeItemsDrops": 120,
  "killFeed": {
    "universalDeathsMessage": false,
    "enableKillFeed": true,
    "messageDuration": 10,
    "messageList": [
      "Â§a{killer} Â§7killed Â§c{victim}",
      "Â§a{killer} Â§fdestroyed Â§c{victim}",
      "Â§a{killer} Â§fshoted Â§c{victim}"
    ],
    "sendDefaultKillMessage": false
  },
  "enableDynamicCrosshair": true,
  "despawnTimeShellCasing": 10,
  "applyKnockback": false,
  "enableHitmarker": true
}