{
    "Closable": 1b,
    "Main": "907f37d0-7374-4538-93b8-6ceff483caf8",
    "OnClose": {
        "Blocks": [
        ]
    },
    "Nodes": [
        {
            "Read": 0b,
            "Type": "reaction",
            "Message": {
                "Color": 16777215,
                "Text": ""
            },
            "X": 266,
            "Title": "111",
            "Y": 58,
            "Sound": "",
            "Id": "f80a9214-eef3-4719-afe9-778d8f8088f7",
            "Marker": ""
        },
        {
            "Type": "comment",
            "Message": {
                "Color": 16777215,
                "Text": ""
            },
            "X": 136,
            "Title": "11",
            "Y": -58,
            "Relations": [
                "f80a9214-eef3-4719-afe9-778d8f8088f7"
            ],
            "Id": "907f37d0-7374-4538-93b8-6ceff483caf8"
        }
    ]
}