{
	"credit": "Made with Blockbench",
	"textures": {
		"0": "Desktop/note",
		"particle": "Desktop/note"
	},
	"elements": [
		{
			"from": [4, 0, 3],
			"to": [13, 0.1, 15],
			"faces": {
				"north": {"uv": [0, 0, 9, 0.1], "texture": "#0"},
				"east": {"uv": [0, 0, 12, 0.1], "texture": "#0"},
				"south": {"uv": [0, 0, 9, 0.1], "texture": "#0"},
				"west": {"uv": [0, 0, 12, 0.1], "texture": "#0"},
				"up": {"uv": [0, 0, 9, 12], "texture": "#0"},
				"down": {"uv": [0, 0, 9, 12], "texture": "#0"}
			}
		}
	],
	"display": {
		"gui": {
			"rotation": [33, 0, 0],
			"translation": [0, 6, 0]
		}
	}
}