{
	"format_version": "1.8.0",
	"animations": {
		"idle": {
			"loop": true,
			"animation_length": 0.12,
			"bones": {
				"right_wing": {
					"rotation": {
						"0.0": {
							"vector": [0, 0, 0]
						},
						"0.08": {
							"vector": [0, -90, 0]
						},
						"0.12": {
							"vector": [0, 0, 0]
						}
					}
				},
				"left_wing": {
					"rotation": {
						"0.0": {
							"vector": [0, 0, 0]
						},
						"0.08": {
							"vector": [0, 90, 0]
						},
						"0.12": {
							"vector": [0, 0, 0]
						}
					}
				}
			}
		},
		"flying_idle": {
			"loop": true,
			"animation_length": 2.08,
			"bones": {
				"right_wing": {
					"rotation": {
						"0.0": {
							"vector": [0, 0, 0]
						},
						"0.08": {
							"vector": [0, -90, 0]
						},
						"0.12": {
							"vector": [0, 0, 0]
						},
						"0.16": {
							"vector": [0, 0, 0]
						},
						"0.24": {
							"vector": [0, -90, 0]
						},
						"0.28": {
							"vector": [0, 0, 0]
						},
						"0.32": {
							"vector": [0, 0, 0]
						},
						"0.4": {
							"vector": [0, -90, 0]
						},
						"0.44": {
							"vector": [0, 0, 0]
						},
						"0.48": {
							"vector": [0, 0, 0]
						},
						"0.56": {
							"vector": [0, -90, 0]
						},
						"0.6": {
							"vector": [0, 0, 0]
						},
						"0.64": {
							"vector": [0, 0, 0]
						},
						"0.72": {
							"vector": [0, -90, 0]
						},
						"0.76": {
							"vector": [0, 0, 0]
						},
						"0.8": {
							"vector": [0, 0, 0]
						},
						"0.88": {
							"vector": [0, -90, 0]
						},
						"0.92": {
							"vector": [0, 0, 0]
						},
						"0.96": {
							"vector": [0, 0, 0]
						},
						"1.04": {
							"vector": [0, -90, 0]
						},
						"1.08": {
							"vector": [0, 0, 0]
						},
						"1.12": {
							"vector": [0, 0, 0]
						},
						"1.2": {
							"vector": [0, -90, 0]
						},
						"1.24": {
							"vector": [0, 0, 0]
						},
						"1.28": {
							"vector": [0, 0, 0]
						},
						"1.36": {
							"vector": [0, -90, 0]
						},
						"1.4": {
							"vector": [0, 0, 0]
						},
						"1.44": {
							"vector": [0, 0, 0]
						},
						"1.52": {
							"vector": [0, -90, 0]
						},
						"1.56": {
							"vector": [0, 0, 0]
						},
						"1.6": {
							"vector": [0, 0, 0]
						},
						"1.68": {
							"vector": [0, -90, 0]
						},
						"1.72": {
							"vector": [0, 0, 0]
						},
						"1.76": {
							"vector": [0, 0, 0]
						},
						"1.84": {
							"vector": [0, -90, 0]
						},
						"1.88": {
							"vector": [0, 0, 0]
						},
						"1.92": {
							"vector": [0, 0, 0]
						},
						"2.0": {
							"vector": [0, -90, 0]
						},
						"2.04": {
							"vector": [0, 0, 0]
						}
					}
				},
				"left_wing": {
					"rotation": {
						"0.0": {
							"vector": [0, 0, 0]
						},
						"0.08": {
							"vector": [0, 90, 0]
						},
						"0.12": {
							"vector": [0, 0, 0]
						},
						"0.16": {
							"vector": [0, 0, 0]
						},
						"0.24": {
							"vector": [0, 90, 0]
						},
						"0.28": {
							"vector": [0, 0, 0]
						},
						"0.32": {
							"vector": [0, 0, 0]
						},
						"0.4": {
							"vector": [0, 90, 0]
						},
						"0.44": {
							"vector": [0, 0, 0]
						},
						"0.48": {
							"vector": [0, 0, 0]
						},
						"0.56": {
							"vector": [0, 90, 0]
						},
						"0.6": {
							"vector": [0, 0, 0]
						},
						"0.64": {
							"vector": [0, 0, 0]
						},
						"0.72": {
							"vector": [0, 90, 0]
						},
						"0.76": {
							"vector": [0, 0, 0]
						},
						"0.8": {
							"vector": [0, 0, 0]
						},
						"0.88": {
							"vector": [0, 90, 0]
						},
						"0.92": {
							"vector": [0, 0, 0]
						},
						"0.96": {
							"vector": [0, 0, 0]
						},
						"1.04": {
							"vector": [0, 90, 0]
						},
						"1.08": {
							"vector": [0, 0, 0]
						},
						"1.12": {
							"vector": [0, 0, 0]
						},
						"1.2": {
							"vector": [0, 90, 0]
						},
						"1.24": {
							"vector": [0, 0, 0]
						},
						"1.28": {
							"vector": [0, 0, 0]
						},
						"1.36": {
							"vector": [0, 90, 0]
						},
						"1.4": {
							"vector": [0, 0, 0]
						},
						"1.44": {
							"vector": [0, 0, 0]
						},
						"1.52": {
							"vector": [0, 90, 0]
						},
						"1.56": {
							"vector": [0, 0, 0]
						},
						"1.6": {
							"vector": [0, 0, 0]
						},
						"1.68": {
							"vector": [0, 90, 0]
						},
						"1.72": {
							"vector": [0, 0, 0]
						},
						"1.76": {
							"vector": [0, 0, 0]
						},
						"1.84": {
							"vector": [0, 90, 0]
						},
						"1.88": {
							"vector": [0, 0, 0]
						},
						"1.92": {
							"vector": [0, 0, 0]
						},
						"2.0": {
							"vector": [0, 90, 0]
						},
						"2.04": {
							"vector": [0, 0, 0]
						}
					}
				},
				"Base": {
					"rotation": {
						"0.0": {
							"vector": [0, 0, 0]
						},
						"0.64": {
							"vector": [3.71, 0, 2.5]
						},
						"1.24": {
							"vector": [-2.5, 0, 0]
						},
						"1.6": {
							"vector": [3.58, 0, -2.5]
						},
						"2.08": {
							"vector": [0, 0, 0]
						}
					},
					"position": {
						"0.0": {
							"vector": [0, 0, 0]
						},
						"1.08": {
							"vector": [0, 1, 0]
						},
						"2.08": {
							"vector": [0, 0, 0]
						}
					}
				}
			}
		}
	},
	"geckolib_format_version": 2
}