{
    "Main": "321072d6-692b-46f3-b233-67400941b277",
    "Nodes": [
        {
            "Type": "command",
            "X": 24,
            "Title": "",
            "Y": -2,
            "Id": "dc6cf184-b8aa-437e-9b6d-3957ed703331"
        },
        {
            "Type": "command",
            "X": 18,
            "Title": "",
            "Y": -160,
            "Relations": [
                "dc6cf184-b8aa-437e-9b6d-3957ed703331"
            ],
            "Id": "321072d6-692b-46f3-b233-67400941b277"
        }
    ]
}