{
    "Main": "302c6898-3cfb-4f56-bbb4-08c1902586c2",
    "Nodes": [
        {
            "Type": "timer",
            "Timer": 60,
            "X": 45,
            "Title": "",
            "Y": -336,
            "Relations": [
                "e74d6fb5-e5fb-4e3c-8475-8f4e19ec7c56"
            ],
            "Id": "302c6898-3cfb-4f56-bbb4-08c1902586c2"
        },
        {
            "Type": "trigger",
            "Trigger": {
                "Blocks": [
                    {
                        "Target": {
                            "Target": 0,
                            "Selector": ""
                        },
                        "Type": "state",
                        "State": "live",
                        "Mode": 1,
                        "Value": 0.0d,
                        "Frequency": 1
                    },
                    {
                        "Target": {
                            "Target": 0,
                            "Selector": ""
                        },
                        "Type": "state",
                        "State": "gen",
                        "Mode": 1,
                        "Value": 0.0d,
                        "Frequency": 1
                    },
                    {
                        "Target": {
                            "Target": 0,
                            "Selector": ""
                        },
                        "Type": "state",
                        "State": "flap",
                        "Mode": 1,
                        "Value": 0.0d,
                        "Frequency": 1
                    },
                    {
                        "Target": {
                            "Target": 0,
                            "Selector": ""
                        },
                        "Type": "state",
                        "State": "task_done",
                        "Mode": 1,
                        "Value": 0.0d,
                        "Frequency": 1
                    },
                    {
                        "Target": {
                            "Target": 0,
                            "Selector": ""
                        },
                        "Type": "state",
                        "State": "game",
                        "Mode": 1,
                        "Value": 0.0d,
                        "Frequency": 1
                    },
                    {
                        "Target": {
                            "Target": 0,
                            "Selector": ""
                        },
                        "Type": "state",
                        "State": "gen_done",
                        "Mode": 1,
                        "Value": 0.0d,
                        "Frequency": 1
                    },
                    {
                        "Type": "command",
                        "Command": "/mp event stop sound_end",
                        "Frequency": 1
                    },
                    {
                        "Type": "command",
                        "Command": "/mp event stop sound_start",
                        "Frequency": 1
                    },
                    {
                        "Type": "command",
                        "Command": "/mp event stop sound_loop",
                        "Frequency": 1
                    },
                    {
                        "Type": "command",
                        "Command": "stopsound @a",
                        "Frequency": 1
                    },
                    {
                        "Type": "command",
                        "Command": "/kill @e[type=item]",
                        "Frequency": 1
                    },
                    {
                        "Type": "command",
                        "Command": "/spawnpoint @a 0 6 0",
                        "Frequency": 1
                    },
                    {
                        "Type": "command",
                        "Command": "/playsound tommy:game_over ambient @a 0 6 0 10000 1",
                        "Frequency": 1
                    },
                    {
                        "Type": "command",
                        "Command": "gamemode 3 @a",
                        "Frequency": 1
                    },
                    {
                        "Type": "command",
                        "Command": "/mp npc despawn @e",
                        "Frequency": 1
                    },
                    {
                        "Type": "command",
                        "Command": "/mp state set @a heart 0",
                        "Frequency": 1
                    },
                    {
                        "Type": "command",
                        "Command": "gamemode 2 @a",
                        "Frequency": 1
                    },
                    {
                        "Type": "command",
                        "Command": "effect @a clear",
                        "Frequency": 1
                    },
                    {
                        "Type": "command",
                        "Command": "/mp hud close @a",
                        "Frequency": 1
                    },
                    {
                        "Type": "command",
                        "Command": "scoreboard teams join s @a",
                        "Frequency": 1
                    },
                    {
                        "Type": "command",
                        "Command": "/mp script exec @a reset_skin.js",
                        "Frequency": 1
                    },
                    {
                        "Type": "command",
                        "Command": "/clear @a",
                        "Frequency": 1
                    },
                    {
                        "Type": "command",
                        "Command": "/effect @a clear",
                        "Frequency": 1
                    },
                    {
                        "Type": "command",
                        "Command": "/effect @a minecraft:regeneration 9999 255 true",
                        "Frequency": 1
                    },
                    {
                        "Type": "command",
                        "Command": "/tp @a 0 6 0 180 0",
                        "Frequency": 1
                    },
                    {
                        "Type": "command",
                        "Command": "/title @a title [\"\",{\"text\":\" \\u0020 \\u041a\\u043e\\u043d\\u0435\\u0446?\",\"color\":\"gold\"},{\"text\":\"...\",\"color\":\"gray\"}]",
                        "Frequency": 1
                    },
                    {
                        "Type": "command",
                        "Command": "/playsound tommy:game_over ambient @a 0 6 0 10000 1",
                        "Frequency": 1
                    },
                    {
                        "Type": "command",
                        "Command": "/mp state set @a lay 0",
                        "Frequency": 1
                    },
                    {
                        "Type": "command",
                        "Command": "/mp state set @a light 0",
                        "Frequency": 1
                    },
                    {
                        "Type": "command",
                        "Command": "/mp state set @s gamemode 0",
                        "Frequency": 1
                    }
                ]
            },
            "Cancel": 0b,
            "X": 21,
            "CustomData": "",
            "Title": "1",
            "Y": -166,
            "Id": "e74d6fb5-e5fb-4e3c-8475-8f4e19ec7c56"
        }
    ]
}