{
    "Main": "720d110e-2266-4005-b588-f675477ec4ab",
    "Nodes": [
        {
            "Type": "timer",
            "Timer": 15,
            "X": 126,
            "Title": "",
            "Y": -331,
            "Relations": [
                "526fbd3a-869a-4f7b-bdb3-6ab4c7cb690a"
            ],
            "Id": "2d17e747-ec98-4309-b2b0-835d13c1d93c"
        },
        {
            "Type": "command",
            "Command": "/mp hud close @s Ghost",
            "X": 110,
            "Title": "",
            "Y": -145,
            "Id": "526fbd3a-869a-4f7b-bdb3-6ab4c7cb690a"
        },
        {
            "Type": "trigger",
            "Trigger": {
                "Blocks": [
                    {
                        "Type": "command",
                        "Command": "/mp state add @s heart -1",
                        "Frequency": 1
                    },
                    {
                        "Type": "command",
                        "Command": "/mp script exec @a heart.js",
                        "Frequency": 1
                    }
                ]
            },
            "Cancel": 0b,
            "X": 371,
            "CustomData": "",
            "Title": "2",
            "Y": -197,
            "Relations": [
                "eee005a7-925a-4074-a588-ac4ab3a9374a"
            ],
            "Id": "78b0f671-7979-409a-ad8b-36b4fbd29bcc"
        },
        {
            "Condition": {
                "Condition": {
                    "Blocks": [
                        {
                            "Not": 0b,
                            "Target": 4,
                            "Type": "state",
                            "Or": 0b,
                            "Comparison": 4,
                            "Expression": "",
                            "Value": 0.0d,
                            "Id": "heart",
                            "Selector": ""
                        }
                    ]
                },
                "Mode": 1
            },
            "Type": "condition",
            "X": 365,
            "Title": "heart > 0",
            "Y": -409,
            "Relations": [
                "78b0f671-7979-409a-ad8b-36b4fbd29bcc"
            ],
            "Id": "ee1c2649-7301-435e-9a77-9481d29abb51"
        },
        {
            "Type": "trigger",
            "Trigger": {
                "Blocks": [
                    {
                        "Type": "command",
                        "Command": "/effect @e[type=mappet:npc] minecraft:slowness 5 255 true",
                        "Frequency": 1
                    },
                    {
                        "Type": "command",
                        "Command": "/playsound tommy:atack1 ambient @a ~ ~ ~ 5 2",
                        "Frequency": 1
                    },
                    {
                        "Type": "command",
                        "Command": "/mp hud setup @s Ghost",
                        "Frequency": 1
                    },
                    {
                        "Type": "command",
                        "Command": "/effect @s minecraft:speed 5 0 true",
                        "Frequency": 1
                    }
                ]
            },
            "Cancel": 0b,
            "X": 363,
            "CustomData": "",
            "Title": "1",
            "Y": -51,
            "Id": "eee005a7-925a-4074-a588-ac4ab3a9374a"
        },
        {
            "Condition": {
                "Condition": {
                    "Blocks": [
                        {
                            "Not": 0b,
                            "Target": 0,
                            "Type": "state",
                            "Or": 0b,
                            "Comparison": 2,
                            "Expression": "",
                            "Value": 1.0d,
                            "Id": "game",
                            "Selector": ""
                        }
                    ]
                },
                "Mode": 1
            },
            "Type": "condition",
            "X": 157,
            "Title": "game == 1",
            "Y": -736,
            "Relations": [
                "9b06eaf4-3da4-467a-aad0-3c6754051776",
                "2d17e747-ec98-4309-b2b0-835d13c1d93c",
                "ee1c2649-7301-435e-9a77-9481d29abb51"
            ],
            "Id": "720d110e-2266-4005-b588-f675477ec4ab"
        },
        {
            "Type": "timer",
            "Timer": 10,
            "X": -167,
            "Title": "",
            "Y": -24,
            "Relations": [
                "6dc1372e-9bb9-4a2e-b68d-9bc01f2adfb4"
            ],
            "Id": "0be743ed-c9f2-4b70-9155-2c9ff4fd3ca7"
        },
        {
            "Type": "timer",
            "Timer": 1,
            "X": 45,
            "Title": "",
            "Y": -584,
            "Relations": [
                "1933b0be-63fb-42a7-935b-648f671d1cd7"
            ],
            "Id": "9b06eaf4-3da4-467a-aad0-3c6754051776"
        },
        {
            "Type": "command",
            "Command": "gamemode 3 @s",
            "X": -163,
            "Title": "",
            "Y": 146,
            "Id": "6dc1372e-9bb9-4a2e-b68d-9bc01f2adfb4"
        },
        {
            "Type": "trigger",
            "Trigger": {
                "Blocks": [
                    {
                        "Type": "command",
                        "Command": "/kill @s",
                        "Frequency": 1
                    },
                    {
                        "Type": "command",
                        "Command": "/mp state add @s heart -1",
                        "Frequency": 1
                    },
                    {
                        "Type": "command",
                        "Command": "/mp hud setup @s heart0",
                        "Frequency": 1
                    },
                    {
                        "Type": "command",
                        "Command": "/mp hud close @s heart1",
                        "Frequency": 1
                    },
                    {
                        "Type": "command",
                        "Command": "/mp hud close @s heart2",
                        "Frequency": 1
                    },
                    {
                        "Type": "command",
                        "Command": "/mp hud close @s heart3",
                        "Frequency": 1
                    },
                    {
                        "Type": "command",
                        "Command": "/mp state set @s light 0",
                        "Frequency": 1
                    },
                    {
                        "Type": "command",
                        "Command": "/mp state set @s light 1",
                        "Frequency": 1
                    },
                    {
                        "Type": "command",
                        "Command": "/mp state set @s gamemode 0",
                        "Frequency": 1
                    }
                ]
            },
            "Cancel": 0b,
            "X": -163,
            "CustomData": "",
            "Title": "3",
            "Y": -182,
            "Relations": [
                "0be743ed-c9f2-4b70-9155-2c9ff4fd3ca7"
            ],
            "Id": "426fd48a-5932-430f-93be-74c240fc9b74"
        },
        {
            "Condition": {
                "Condition": {
                    "Blocks": [
                        {
                            "Not": 0b,
                            "Target": 4,
                            "Type": "state",
                            "Or": 0b,
                            "Comparison": 2,
                            "Expression": "",
                            "Value": 0.0d,
                            "Id": "heart",
                            "Selector": ""
                        }
                    ]
                },
                "Mode": 1
            },
            "Type": "condition",
            "X": -158,
            "Title": "heart == 0",
            "Y": -379,
            "Relations": [
                "426fd48a-5932-430f-93be-74c240fc9b74"
            ],
            "Id": "1933b0be-63fb-42a7-935b-648f671d1cd7"
        }
    ]
}