{
    "Main": "d15a46f8-897b-4ee2-98f4-19c3018773d8",
    "Nodes": [
        {
            "Type": "trigger",
            "Trigger": {
                "Blocks": [
                    {
                        "Type": "command",
                        "Command": "/replaceitem entity @s slot.armor.head tommy:light",
                        "Frequency": 1
                    },
                    {
                        "Type": "command",
                        "Command": "/mp state set @s light1 0",
                        "Frequency": 1
                    }
                ]
            },
            "Cancel": 0b,
            "X": 65,
            "CustomData": "",
            "Title": "2",
            "Y": 42,
            "Id": "9d50004c-b035-4a4f-944c-6545893aadf7"
        },
        {
            "Condition": {
                "Condition": {
                    "Blocks": [
                        {
                            "Not": 0b,
                            "Target": 4,
                            "Type": "state",
                            "Or": 0b,
                            "Comparison": 2,
                            "Expression": "",
                            "Value": 1.0d,
                            "Id": "light",
                            "Selector": ""
                        },
                        {
                            "Not": 0b,
                            "Target": 4,
                            "Type": "state",
                            "Or": 0b,
                            "Comparison": 3,
                            "Expression": "",
                            "Value": 1.0d,
                            "Id": "battary",
                            "Selector": ""
                        }
                    ]
                },
                "Mode": 1
            },
            "Type": "condition",
            "X": 48,
            "Title": "light == 1",
            "Y": -251,
            "Relations": [
                "9d50004c-b035-4a4f-944c-6545893aadf7"
            ],
            "Id": "305859c0-59a0-4eff-b82d-f4f0730c0804"
        },
        {
            "Condition": {
                "Condition": {
                    "Blocks": [
                        {
                            "Not": 0b,
                            "Target": 0,
                            "Type": "state",
                            "Or": 0b,
                            "Comparison": 2,
                            "Expression": "",
                            "Value": 1.0d,
                            "Id": "game",
                            "Selector": ""
                        }
                    ]
                },
                "Mode": 1
            },
            "Type": "condition",
            "X": 53,
            "Title": "game == 1",
            "Y": -761,
            "Relations": [
                "45b3e31f-5e07-46f0-9fb4-0ca8ad3ec7c5"
            ],
            "Id": "d15a46f8-897b-4ee2-98f4-19c3018773d8"
        },
        {
            "Condition": {
                "Condition": {
                    "Blocks": [
                        {
                            "Not": 0b,
                            "Target": 4,
                            "Type": "state",
                            "Or": 0b,
                            "Comparison": 2,
                            "Expression": "",
                            "Value": 0.0d,
                            "Id": "near",
                            "Selector": ""
                        }
                    ]
                },
                "Mode": 1
            },
            "Type": "condition",
            "X": -27,
            "Title": "near != 0",
            "Y": -460,
            "Relations": [
                "13ce6aa2-3193-4e27-b367-2cdc43359e2e",
                "305859c0-59a0-4eff-b82d-f4f0730c0804"
            ],
            "Id": "793d30ce-7da4-4462-8d7f-f6b3d550bd7a"
        },
        {
            "Type": "trigger",
            "Trigger": {
                "Blocks": [
                    {
                        "Type": "command",
                        "Command": "clear @s tommy:light",
                        "Frequency": 1
                    },
                    {
                        "Type": "command",
                        "Command": "/mp state set @s light1 0",
                        "Frequency": 1
                    }
                ]
            },
            "Cancel": 0b,
            "X": -165,
            "CustomData": "",
            "Title": "1",
            "Y": 54,
            "Id": "02bea15f-948a-417b-9eb9-b024efe4172f"
        },
        {
            "Type": "trigger",
            "Trigger": {
                "Blocks": [
                    {
                        "Target": {
                            "Target": 4,
                            "Selector": ""
                        },
                        "Type": "item",
                        "Mode": 0,
                        "Frequency": 1,
                        "Stack": {
                            "id": "tommy:light",
                            "Count": 1b,
                            "Damage": 0s
                        }
                    }
                ]
            },
            "Cancel": 0b,
            "X": 282,
            "CustomData": "",
            "Title": "3",
            "Y": -92,
            "Id": "3f4294c1-b16e-48c7-ba0f-b45ceb433012"
        },
        {
            "Condition": {
                "Condition": {
                    "Blocks": [
                        {
                            "Not": 0b,
                            "Target": 4,
                            "Type": "state",
                            "Or": 1b,
                            "Comparison": 2,
                            "Expression": "",
                            "Value": 0.0d,
                            "Id": "light",
                            "Selector": ""
                        },
                        {
                            "Not": 0b,
                            "Target": 4,
                            "Type": "state",
                            "Or": 1b,
                            "Comparison": 2,
                            "Expression": "",
                            "Value": 0.0d,
                            "Id": "light1",
                            "Selector": ""
                        }
                    ]
                },
                "Mode": 1
            },
            "Type": "condition",
            "X": -217,
            "Title": "light == 0",
            "Y": -193,
            "Relations": [
                "02bea15f-948a-417b-9eb9-b024efe4172f"
            ],
            "Id": "13ce6aa2-3193-4e27-b367-2cdc43359e2e"
        },
        {
            "Condition": {
                "Condition": {
                    "Blocks": [
                        {
                            "Not": 0b,
                            "Target": 4,
                            "Type": "state",
                            "Or": 0b,
                            "Comparison": 2,
                            "Expression": "",
                            "Value": 1.0d,
                            "Id": "gamemode",
                            "Selector": ""
                        }
                    ]
                },
                "Mode": 1
            },
            "Type": "condition",
            "X": 95,
            "Title": "gamemode 2?",
            "Y": -623,
            "Relations": [
                "793d30ce-7da4-4462-8d7f-f6b3d550bd7a",
                "edb078c9-da54-46ad-b762-2f3d1773bac2"
            ],
            "Id": "45b3e31f-5e07-46f0-9fb4-0ca8ad3ec7c5"
        },
        {
            "Condition": {
                "Condition": {
                    "Blocks": [
                        {
                            "Not": 0b,
                            "Target": 4,
                            "Type": "item",
                            "Or": 0b,
                            "Check": 2,
                            "Id": "",
                            "Selector": "",
                            "Stack": {
                                "id": "tommy:light",
                                "Count": 1b,
                                "Damage": 0s
                            }
                        }
                    ]
                },
                "Mode": 1
            },
            "Type": "condition",
            "X": 270,
            "Title": "torch in inv",
            "Y": -252,
            "Relations": [
                "3f4294c1-b16e-48c7-ba0f-b45ceb433012"
            ],
            "Id": "edb078c9-da54-46ad-b762-2f3d1773bac2"
        }
    ]
}