{
    "Main": "5c449ca0-cfb0-4e97-adb2-cd443071b213",
    "Nodes": [
        {
            "Condition": {
                "Condition": {
                    "Blocks": [
                        {
                            "Not": 0b,
                            "Target": 4,
                            "Type": "state",
                            "Or": 0b,
                            "Comparison": 2,
                            "Expression": "",
                            "Value": 3.0d,
                            "Id": "heart",
                            "Selector": ""
                        }
                    ]
                },
                "Mode": 1
            },
            "Type": "condition",
            "X": -124,
            "Title": "heart == 3",
            "Y": 6,
            "Relations": [
                "bf957afd-7016-4e1b-9957-99e8a87cc765"
            ],
            "Id": "49f510fc-5d29-46a8-8415-27f008f2ad7f"
        },
        {
            "Type": "command",
            "Command": "/title @s actionbar [\"\",{\"text\":\"\\u0412\\u0430\\u043c \\u043d\\u0435 \\u043d\\u0443\\u0436\\u043d\\u043e \",\"color\":\"gray\"},{\"text\":\"\\u043b\\u0435\\u0447\\u0438\\u0442\\u044c\\u0441\\u044f!\",\"color\":\"gold\"}]",
            "X": -112,
            "Title": "",
            "Y": 150,
            "Id": "bf957afd-7016-4e1b-9957-99e8a87cc765"
        },
        {
            "Type": "trigger",
            "Trigger": {
                "Blocks": [
                    {
                        "Type": "command",
                        "Command": "/mp hud close @s heart0",
                        "Frequency": 1
                    },
                    {
                        "Type": "command",
                        "Command": "/mp hud close @s heart1",
                        "Frequency": 1
                    },
                    {
                        "Type": "command",
                        "Command": "/mp hud close @s heart2",
                        "Frequency": 1
                    },
                    {
                        "Type": "command",
                        "Command": "/mp hud setup @s heart 3",
                        "Frequency": 1
                    },
                    {
                        "Target": {
                            "Target": 4,
                            "Selector": ""
                        },
                        "Type": "state",
                        "State": "heart",
                        "Mode": 1,
                        "Value": 3.0d,
                        "Frequency": 1
                    },
                    {
                        "Type": "command",
                        "Command": "/title @s actionbar [\"\",{\"text\":\"\\u0412\\u044b \",\"color\":\"gray\"},{\"text\":\"\\u0432\\u044b\\u043b\\u0435\\u0447\\u0438\\u043b\\u0438\\u0441\\u044c!\",\"color\":\"gold\"}]",
                        "Frequency": 1
                    },
                    {
                        "Script": "heart.js",
                        "Function": "",
                        "Type": "script",
                        "CustomData": "",
                        "Frequency": 1
                    },
                    {
                        "Type": "command",
                        "Command": "/playsound tommy:meduse ambient @a ~ ~ ~ 0.3 1",
                        "Frequency": 1
                    },
                    {
                        "Target": {
                            "Target": 1,
                            "Selector": ""
                        },
                        "Type": "item",
                        "Mode": 0,
                        "Frequency": 1,
                        "Stack": {
                            "id": "tommy:med",
                            "Count": 1b,
                            "Damage": 0s
                        }
                    }
                ]
            },
            "Cancel": 0b,
            "X": 142,
            "CustomData": "",
            "Title": "2",
            "Y": 126,
            "Id": "17772f53-53ca-4fe5-ab77-6502166e5e85"
        },
        {
            "Condition": {
                "Condition": {
                    "Blocks": [
                        {
                            "Not": 0b,
                            "Target": 1,
                            "Type": "item",
                            "Or": 0b,
                            "Check": 0,
                            "Id": "",
                            "Selector": "",
                            "Stack": {
                                "id": "tommy:med",
                                "Count": 1b,
                                "Damage": 0s
                            }
                        }
                    ]
                },
                "Mode": 1
            },
            "Type": "condition",
            "X": 62,
            "Title": "med in main hand",
            "Y": -132,
            "Relations": [
                "49f510fc-5d29-46a8-8415-27f008f2ad7f",
                "285f5a5e-e11f-4100-a9ec-b9ffb8c390b0"
            ],
            "Id": "5c449ca0-cfb0-4e97-adb2-cd443071b213"
        },
        {
            "Condition": {
                "Condition": {
                    "Blocks": [
                        {
                            "Not": 0b,
                            "Target": 4,
                            "Type": "state",
                            "Or": 0b,
                            "Comparison": 2,
                            "Expression": "",
                            "Value": 1.0d,
                            "Id": "heart",
                            "Selector": ""
                        },
                        {
                            "Not": 0b,
                            "Target": 4,
                            "Type": "state",
                            "Or": 1b,
                            "Comparison": 2,
                            "Expression": "",
                            "Value": 2.0d,
                            "Id": "heart",
                            "Selector": ""
                        }
                    ]
                },
                "Mode": 1
            },
            "Type": "condition",
            "X": 110,
            "Title": "heart == 1 || 2",
            "Y": 12,
            "Relations": [
                "17772f53-53ca-4fe5-ab77-6502166e5e85"
            ],
            "Id": "285f5a5e-e11f-4100-a9ec-b9ffb8c390b0"
        }
    ]
}