{
    "Main": "b0ed55bd-37c1-418c-845b-ca096656bbf2",
    "Nodes": [
        {
            "Type": "trigger",
            "Trigger": {
                "Blocks": [
                    {
                        "Type": "command",
                        "Command": "clear @s tommy:light",
                        "Frequency": 1
                    }
                ]
            },
            "Cancel": 0b,
            "X": -51,
            "CustomData": "",
            "Title": "1",
            "Y": 177,
            "Id": "aebcb89a-eda1-4eaf-aa9c-dda01395bf80"
        },
        {
            "Condition": {
                "Condition": {
                    "Blocks": [
                        {
                            "Not": 0b,
                            "Target": 4,
                            "Type": "state",
                            "Or": 0b,
                            "Comparison": 2,
                            "Expression": "",
                            "Value": 0.0d,
                            "Id": "light1",
                            "Selector": ""
                        }
                    ]
                },
                "Mode": 1
            },
            "Type": "condition",
            "X": -65,
            "Title": "light1 == 0",
            "Y": -90,
            "Relations": [
                "aebcb89a-eda1-4eaf-aa9c-dda01395bf80"
            ],
            "Id": "6faaf4d1-9fd4-4f81-8575-02d4cfe661ec"
        },
        {
            "Type": "trigger",
            "Trigger": {
                "Blocks": [
                    {
                        "Type": "command",
                        "Command": "/replaceitem entity @s slot.armor.head tommy:light",
                        "Frequency": 1
                    }
                ]
            },
            "Cancel": 0b,
            "X": 231,
            "CustomData": "",
            "Title": "2",
            "Y": 171,
            "Id": "5863a6f8-4add-4bbb-b915-16db1f634826"
        },
        {
            "Condition": {
                "Condition": {
                    "Blocks": [
                        {
                            "Not": 0b,
                            "Target": 4,
                            "Type": "state",
                            "Or": 0b,
                            "Comparison": 2,
                            "Expression": "",
                            "Value": 1.0d,
                            "Id": "light1",
                            "Selector": ""
                        }
                    ]
                },
                "Mode": 1
            },
            "Type": "condition",
            "X": 212,
            "Title": "light1 == 1",
            "Y": -80,
            "Relations": [
                "5863a6f8-4add-4bbb-b915-16db1f634826"
            ],
            "Id": "bc330fd3-6997-417e-b77b-31c02cd2d728"
        },
        {
            "Condition": {
                "Condition": {
                    "Blocks": [
                        {
                            "Not": 0b,
                            "Target": 4,
                            "Type": "state",
                            "Or": 0b,
                            "Comparison": 2,
                            "Expression": "",
                            "Value": 1.0d,
                            "Id": "near",
                            "Selector": ""
                        }
                    ]
                },
                "Mode": 1
            },
            "Type": "condition",
            "X": 88,
            "Title": "near == 1",
            "Y": -376,
            "Relations": [
                "bc330fd3-6997-417e-b77b-31c02cd2d728",
                "6faaf4d1-9fd4-4f81-8575-02d4cfe661ec"
            ],
            "Id": "b0ed55bd-37c1-418c-845b-ca096656bbf2"
        }
    ]
}