{
    "Main": "a1d3477c-9df9-4bce-af80-7356cd4ff24e",
    "Nodes": [
        {
            "Type": "command",
            "Command": "/playsound tommy:shepet ambient @a ~ ~ ~ 0.3 0.9",
            "X": 274,
            "Title": "",
            "Y": 38,
            "Id": "8b30c605-43a9-4ea2-980d-1cefae5a62a3"
        },
        {
            "Type": "command",
            "Command": "/playsound tommy:shepet ambient @a ~ ~ ~ 0.3 0.5",
            "X": -188,
            "Title": "",
            "Y": 138,
            "Id": "37c08962-1fe5-4e1c-8287-cd2543cbae3a"
        },
        {
            "Type": "command",
            "Command": "/playsound tommy:shepet ambient @a ~ ~ ~ 0.3 0.7",
            "X": 50,
            "Title": "",
            "Y": 156,
            "Id": "60285380-6453-4b4e-955e-5e1ab585c4cc"
        },
        {
            "Type": "command",
            "Command": "/playsound tommy:shepet ambient @a ~ ~ ~ 0.3 1",
            "X": -438,
            "Title": "",
            "Y": 52,
            "Id": "dcc247b9-72ff-4f9d-ab34-35a0bbfc251b"
        },
        {
            "Type": "switch",
            "Expression": "floor(random(0,4))",
            "X": -34,
            "Title": "",
            "Y": -172,
            "Relations": [
                "dcc247b9-72ff-4f9d-ab34-35a0bbfc251b",
                "37c08962-1fe5-4e1c-8287-cd2543cbae3a",
                "60285380-6453-4b4e-955e-5e1ab585c4cc",
                "8b30c605-43a9-4ea2-980d-1cefae5a62a3"
            ],
            "Id": "a1d3477c-9df9-4bce-af80-7356cd4ff24e"
        }
    ]
}