{
    "Main": "7c904507-a07c-4282-bacd-ce6a8123b618",
    "Nodes": [
        {
            "Type": "command",
            "Command": "/playsound tommy:amb_ghost2 ambient @p ~ ~ ~ 0.7 1",
            "X": -504,
            "Title": "",
            "Y": -235,
            "Id": "34a193cb-1db0-44c8-a01d-370e0a473b87"
        },
        {
            "Type": "command",
            "Command": "/playsound tommy:amb_ghost3 ambient @p ~ ~ ~ 0.7 1",
            "X": -267,
            "Title": "",
            "Y": 246,
            "Id": "da504a62-c2de-47ee-95d4-88379b006703"
        },
        {
            "Type": "command",
            "Command": "/stopsound @a ambient tommy:amb_ghost1",
            "X": 185,
            "Title": "",
            "Y": -458,
            "Relations": [
                "e7520658-bed9-481f-83e4-2546c1886f03"
            ],
            "Id": "7c904507-a07c-4282-bacd-ce6a8123b618"
        },
        {
            "Type": "command",
            "Command": "/stopsound @a ambient tommy:amb_ghost2",
            "X": 323,
            "Title": "",
            "Y": -294,
            "Relations": [
                "a9f5728f-d719-410b-9a9f-b44dcefcdea3"
            ],
            "Id": "e7520658-bed9-481f-83e4-2546c1886f03"
        },
        {
            "Type": "command",
            "Command": "/stopsound @a ambient tommy:amb_ghost3",
            "X": 241,
            "Title": "",
            "Y": -182,
            "Relations": [
                "7d1a91d6-8c6c-40c4-9faf-fddb0b547b4c"
            ],
            "Id": "a9f5728f-d719-410b-9a9f-b44dcefcdea3"
        },
        {
            "Type": "command",
            "Command": "/playsound tommy:amb_ghost1 ~ ~ ~ ambient @a 0.7 1",
            "X": -484,
            "Title": "",
            "Y": -408,
            "Id": "825c6ca2-9fe1-4813-99f9-7935e77fd8b9"
        },
        {
            "Type": "switch",
            "Expression": "floor(random(0,5))",
            "X": -53,
            "Title": "",
            "Y": -178,
            "Relations": [
                "825c6ca2-9fe1-4813-99f9-7935e77fd8b9",
                "34a193cb-1db0-44c8-a01d-370e0a473b87",
                "f0a321ee-9eae-4270-9a93-62193fb6b9b4",
                "da504a62-c2de-47ee-95d4-88379b006703",
                "42828fcc-9581-469d-b9b8-8963ed635061"
            ],
            "Id": "7d1a91d6-8c6c-40c4-9faf-fddb0b547b4c"
        },
        {
            "Type": "command",
            "Command": "/playsound tommy:amb_ghost3 ambient @p ~ ~ ~ 0.7 1",
            "X": -553,
            "Title": "",
            "Y": -84,
            "Id": "f0a321ee-9eae-4270-9a93-62193fb6b9b4"
        },
        {
            "Type": "command",
            "Command": "/playsound tommy:amb_ghost1 ambient @p ~ ~ ~ 0.7 1",
            "X": -453,
            "Title": "",
            "Y": 88,
            "Id": "42828fcc-9581-469d-b9b8-8963ed635061"
        }
    ]
}