{
    "Main": "4cd8c8aa-53a7-4be2-900e-67f3cd716539",
    "Nodes": [
        {
            "Type": "command",
            "Command": "/playsound tommy:smehalot ambient @a ~ ~ ~ 0.3 1",
            "X": 233,
            "Title": "",
            "Y": 158,
            "Id": "dbda3d80-224f-4e76-9bfa-f3f59cf62f4a"
        },
        {
            "Type": "switch",
            "Expression": "floor(random(0,4))",
            "X": 83,
            "Title": "",
            "Y": -201,
            "Relations": [
                "2cf7fc7d-0a28-46e2-b12e-d0ac728c3116",
                "18dbd462-eaf2-4554-8f80-be8b03f4e9ed",
                "ba9c4200-733c-40c4-aff2-7db10d9f2f6c",
                "dbda3d80-224f-4e76-9bfa-f3f59cf62f4a",
                "8e83afa6-4407-4477-87b6-841ed477bad0"
            ],
            "Id": "4cd8c8aa-53a7-4be2-900e-67f3cd716539"
        },
        {
            "Type": "command",
            "Command": "/playsound tommy:smeh2 ambient @a ~ ~ ~ 0.3 1",
            "X": -96,
            "Title": "",
            "Y": 220,
            "Id": "ba9c4200-733c-40c4-aff2-7db10d9f2f6c"
        },
        {
            "Type": "command",
            "Command": "/playsound tommy:smeh ambient @a ~ ~ ~ 0.3 1",
            "X": -512,
            "Title": "",
            "Y": -38,
            "Id": "2cf7fc7d-0a28-46e2-b12e-d0ac728c3116"
        },
        {
            "Type": "command",
            "Command": "/playsound tommy:smehepic ambient @a ~ ~ ~ 0.3 1",
            "X": 454,
            "Title": "",
            "Y": -20,
            "Id": "8e83afa6-4407-4477-87b6-841ed477bad0"
        },
        {
            "Type": "command",
            "Command": "/playsound tommy:smeh1 ambient @a ~ ~ ~ 0.3 1",
            "X": -294,
            "Title": "",
            "Y": 34,
            "Id": "18dbd462-eaf2-4554-8f80-be8b03f4e9ed"
        }
    ]
}