{
    "Main": "0a753bf3-a05e-4aa3-a776-1716de08a7d3",
    "Nodes": [
        {
            "Type": "trigger",
            "Trigger": {
                "Blocks": [
                    {
                        "Target": {
                            "Target": 0,
                            "Selector": ""
                        },
                        "Type": "state",
                        "State": "gen",
                        "Mode": 1,
                        "Value": 0.0d,
                        "Frequency": 1
                    },
                    {
                        "Target": {
                            "Target": 0,
                            "Selector": ""
                        },
                        "Type": "state",
                        "State": "flap",
                        "Mode": 1,
                        "Value": 0.0d,
                        "Frequency": 1
                    },
                    {
                        "Target": {
                            "Target": 0,
                            "Selector": ""
                        },
                        "Type": "state",
                        "State": "gen_done",
                        "Mode": 1,
                        "Value": 0.0d,
                        "Frequency": 1
                    },
                    {
                        "Target": {
                            "Target": 0,
                            "Selector": ""
                        },
                        "Type": "state",
                        "State": "live",
                        "Mode": 1,
                        "Value": 0.0d,
                        "Frequency": 1
                    },
                    {
                        "Target": {
                            "Target": 0,
                            "Selector": ""
                        },
                        "Type": "state",
                        "State": "task_done",
                        "Mode": 1,
                        "Value": 0.0d,
                        "Frequency": 1
                    },
                    {
                        "Target": {
                            "Target": 0,
                            "Selector": ""
                        },
                        "Type": "state",
                        "State": "game",
                        "Mode": 1,
                        "Value": 1.0d,
                        "Frequency": 1
                    },
                    {
                        "Type": "command",
                        "Command": "/mp event stop sound_loop",
                        "Frequency": 1
                    },
                    {
                        "Type": "command",
                        "Command": "/mp event stop sound_start",
                        "Frequency": 1
                    },
                    {
                        "Type": "command",
                        "Command": "/mp event stop sound_end",
                        "Frequency": 1
                    },
                    {
                        "Type": "command",
                        "Command": "stopsound @a",
                        "Frequency": 1
                    },
                    {
                        "Type": "command",
                        "Command": "/effect @a clear",
                        "Frequency": 1
                    },
                    {
                        "Type": "command",
                        "Command": "/mp state set @a lay 0",
                        "Frequency": 1
                    },
                    {
                        "Type": "command",
                        "Command": "/clear @a",
                        "Frequency": 1
                    },
                    {
                        "Type": "command",
                        "Command": "/kill @e[type=item]",
                        "Frequency": 1
                    },
                    {
                        "Type": "command",
                        "Command": "gamemode 2 @a",
                        "Frequency": 1
                    },
                    {
                        "Type": "command",
                        "Command": "/execute @a ~ ~ ~ /mp state add ~ live 1",
                        "Frequency": 1
                    },
                    {
                        "Type": "command",
                        "Command": "/mp hud close @a",
                        "Frequency": 1
                    },
                    {
                        "Type": "command",
                        "Command": "scoreboard teams join s @a",
                        "Frequency": 1
                    },
                    {
                        "Type": "command",
                        "Command": "/mp state set @a heart 3",
                        "Frequency": 1
                    },
                    {
                        "Type": "command",
                        "Command": "/mp script exec @a heart.js",
                        "Frequency": 1
                    },
                    {
                        "Type": "command",
                        "Command": "/mp hud setup @a tasks",
                        "Frequency": 1
                    },
                    {
                        "Type": "command",
                        "Command": "/mp script exec @a reset_skin.js",
                        "Frequency": 1
                    },
                    {
                        "Type": "command",
                        "Command": "/effect @a minecraft:regeneration 9999 255 true",
                        "Frequency": 1
                    },
                    {
                        "Type": "command",
                        "Command": "/effect @a minecraft:slowness 9999 0 true",
                        "Frequency": 1
                    },
                    {
                        "Type": "command",
                        "Command": "/execute @a ~ ~ ~ /playsound tommy:start ambient @p 0 100000 0 10000 1 1",
                        "Frequency": 1
                    },
                    {
                        "Type": "command",
                        "Command": "/mp state set @a light 0",
                        "Frequency": 1
                    },
                    {
                        "Type": "command",
                        "Command": "/mp hud setup @a light",
                        "Frequency": 1
                    },
                    {
                        "Type": "command",
                        "Command": "/fill 2 10 12 4 12 13 air",
                        "Frequency": 1
                    },
                    {
                        "Type": "command",
                        "Command": "/clone 3 20 19 1 18 19 2 10 13",
                        "Frequency": 1
                    },
                    {
                        "Type": "command",
                        "Command": "/mp state set @a time 0",
                        "Frequency": 1
                    },
                    {
                        "Type": "command",
                        "Command": "/mp state set @a battary 3",
                        "Frequency": 1
                    },
                    {
                        "Type": "command",
                        "Command": "/mp hud setup @a battary",
                        "Frequency": 1
                    },
                    {
                        "Type": "command",
                        "Command": "/mp state set @a light1 0",
                        "Frequency": 1
                    },
                    {
                        "Type": "command",
                        "Command": "/mp state set @a gamemode 1",
                        "Frequency": 1
                    }
                ]
            },
            "Cancel": 0b,
            "X": 253,
            "CustomData": "",
            "Title": "1",
            "Y": -166,
            "Relations": [
                "3a8a84b4-0ec5-477b-b84f-631f6a4931c8"
            ],
            "Id": "0a753bf3-a05e-4aa3-a776-1716de08a7d3"
        },
        {
            "Type": "trigger",
            "Trigger": {
                "Blocks": [
                    {
                        "Script": "set_doors.js",
                        "Function": "",
                        "Type": "script",
                        "CustomData": "",
                        "Frequency": 1
                    },
                    {
                        "Script": "random_flap.js",
                        "Function": "",
                        "Type": "script",
                        "CustomData": "",
                        "Frequency": 1
                    },
                    {
                        "Script": "random_gas.js",
                        "Function": "",
                        "Type": "script",
                        "CustomData": "",
                        "Frequency": 1
                    },
                    {
                        "Script": "random_key.js",
                        "Function": "",
                        "Type": "script",
                        "CustomData": "",
                        "Frequency": 1
                    },
                    {
                        "Script": "random_med.js",
                        "Function": "",
                        "Type": "script",
                        "CustomData": "",
                        "Frequency": 1
                    },
                    {
                        "Script": "random_tongs.js",
                        "Function": "",
                        "Type": "script",
                        "CustomData": "",
                        "Frequency": 1
                    },
                    {
                        "Script": "random_tp.js",
                        "Function": "",
                        "Type": "script",
                        "CustomData": "",
                        "Frequency": 1
                    },
                    {
                        "Script": "random_wrench.js",
                        "Function": "",
                        "Type": "script",
                        "CustomData": "",
                        "Frequency": 1
                    },
                    {
                        "Script": "modelblock.js",
                        "Function": "",
                        "Type": "script",
                        "CustomData": "",
                        "Frequency": 1
                    },
                    {
                        "Type": "command",
                        "Command": "/mp script exec @r random_gen.js",
                        "Frequency": 1
                    },
                    {
                        "Type": "command",
                        "Command": "/mp script exec @r AI_Spawn.js",
                        "Frequency": 1
                    }
                ]
            },
            "Cancel": 0b,
            "X": 258,
            "CustomData": "",
            "Title": "scripts",
            "Y": -38,
            "Id": "3a8a84b4-0ec5-477b-b84f-631f6a4931c8"
        }
    ]
}