{
    "Main": "4493a766-cbe2-42bb-9220-088ba00c9e2b",
    "Nodes": [
        {
            "Type": "trigger",
            "Trigger": {
                "Blocks": [
                    {
                        "Type": "event",
                        "CustomData": "",
                        "Frequency": 1,
                        "Event": "game_over"
                    }
                ]
            },
            "Cancel": 0b,
            "X": 88,
            "CustomData": "",
            "Title": "2",
            "Y": -26,
            "Id": "9c655597-3357-4263-875a-96c6087312f9"
        },
        {
            "Condition": {
                "Condition": {
                    "Blocks": [
                        {
                            "Not": 0b,
                            "Target": 0,
                            "Type": "state",
                            "Or": 0b,
                            "Comparison": 2,
                            "Expression": "",
                            "Value": 1.0d,
                            "Id": "game",
                            "Selector": ""
                        }
                    ]
                },
                "Mode": 1
            },
            "Type": "condition",
            "X": 84,
            "Title": "game == 1",
            "Y": -426,
            "Relations": [
                "9df96fcd-182b-44e5-a5bd-81792bf1b969"
            ],
            "Id": "4493a766-cbe2-42bb-9220-088ba00c9e2b"
        },
        {
            "Condition": {
                "Condition": {
                    "Blocks": [
                        {
                            "Not": 0b,
                            "Target": 0,
                            "Type": "state",
                            "Or": 0b,
                            "Comparison": 1,
                            "Expression": "",
                            "Value": 0.0d,
                            "Id": "live",
                            "Selector": ""
                        }
                    ]
                },
                "Mode": 1
            },
            "Type": "condition",
            "X": 78,
            "Title": "live <= 0",
            "Y": -220,
            "Relations": [
                "9c655597-3357-4263-875a-96c6087312f9"
            ],
            "Id": "9df96fcd-182b-44e5-a5bd-81792bf1b969"
        }
    ]
}