{
	"format_version": "1.8.0",
	"animations": {
		"idle": {
			"loop": true,
			"animation_length": 6,
			"bones": {
				"base": {
					"position": {
						"0.0": [0, 0, 0],
						"3.0": [0, -1, 0],
						"6.0": [0, 0, 0]
					}
				},
				"rightleg": {
					"rotation": {
						"0.0": [0, 0, 0],
						"3.0": [12.5, 0, 0],
						"6.0": [0, 0, 0]
					}
				},
				"rightleg_low": {
					"rotation": {
						"0.0": [0, 0, 0],
						"3.0": [-32.5, 0, 0],
						"6.0": [0, 0, 0]
					}
				},
				"leftleg": {
					"rotation": {
						"0.0": [0, 0, 0],
						"3.0": [12.5, 0, 0],
						"6.0": [0, 0, 0]
					}
				},
				"leftleg_low": {
					"rotation": {
						"0.0": [0, 0, 0],
						"3.0": [-35, 0, 0],
						"6.0": [0, 0, 0]
					}
				},
				"head": {
					"rotation": {
						"0.0": [0, 0, 0],
						"2.64": [7.5, 0, 0],
						"6.0": [0, 0, 0]
					}
				},
				"head_head": {
					"rotation": {
						"0.0": [0, 0, 0],
						"3.04": [7.5, 0, 0],
						"6.0": [0, 0, 0]
					}
				},
				"main_head": {
					"rotation": {
						"0.0": [0, 0, 0],
						"3.32": [10, 0, 0],
						"6.0": [0, 0, 0]
					}
				},
				"down_jaw": {
					"rotation": {
						"0.0": [0, 0, 0],
						"3.56": [20, 0, 0],
						"6.0": [0, 0, 0]
					}
				},
				"tail": {
					"rotation": {
						"0.0": [0, 0, 0],
						"1.56": [-25, -7.5, 0],
						"2.88": [7.5, 7.5, 0],
						"4.48": [-20, -15, 0],
						"6.0": [0, 0, 0]
					}
				},
				"tail_down": {
					"rotation": {
						"0.0": [5, 0, 0],
						"1.76": [40, 15, 0],
						"3.2": [-2.5, 5, 0],
						"4.76": [25, 12.5, 0],
						"6.0": [5, 0, 0]
					}
				},
				"rightleg_back": {
					"rotation": {
						"0.0": [0, 0, 0],
						"3.0": [-15, 0, 0],
						"6.0": [0, 0, 0]
					}
				},
				"rightleg_back_knee": {
					"rotation": {
						"0.0": [0, 0, 0],
						"3.0": [20, 0, 0],
						"6.0": [0, 0, 0]
					}
				},
				"leftleg_back": {
					"rotation": {
						"0.0": [0, 0, 0],
						"3.0": [-12.5, 0, 0],
						"6.0": [0, 0, 0]
					}
				},
				"leftleg_back_knee": {
					"rotation": {
						"0.0": [2.5, 0, 0],
						"3.0": [20, 0, 0],
						"6.0": [2.5, 0, 0]
					}
				},
				"leftleg_back_down": {
					"rotation": {
						"0.0": [0, 0, 0],
						"6.0": [0, 0, 0]
					}
				},
				"claw2": {
					"rotation": {
						"0.0": [0, 0, 0],
						"3.0": [25, 0, 0],
						"6.0": [0, 0, 0]
					}
				},
				"claw": {
					"rotation": {
						"0.0": [0, 0, 0],
						"3.0": [27.5, 0, 0],
						"6.0": [0, 0, 0]
					}
				},
				"claw3": {
					"rotation": {
						"0.0": [0, 0, 0],
						"3.0": [-2.5, 0, 0],
						"6.0": [0, 0, 0]
					}
				},
				"claw4": {
					"rotation": {
						"0.0": [0, 0, 0],
						"3.0": [-5, 0, 0],
						"6.0": [0, 0, 0]
					}
				}
			}
		},
		"running": {
			"loop": true,
			"animation_length": 0.84,
			"bones": {
				"base": {
					"position": {
						"0.0": [0, 1, 0],
						"0.2": [0, 0, 0],
						"0.4": [0, 1, 0],
						"0.6": [0, 0, 0],
						"0.8": [0, 1, 0]
					}
				},
				"rightleg": {
					"rotation": {
						"0.0": [20, 0, 0],
						"0.4": [-20, 0, 0],
						"0.8": [20, 0, 0]
					}
				},
				"rightleg_low": {
					"rotation": {
						"0.0": [0, 0, 0],
						"0.2": [-50, 0, 0],
						"0.4": [0, 0, 0],
						"0.8": [0, 0, 0]
					}
				},
				"leftleg": {
					"rotation": {
						"0.0": [-20, 0, 0],
						"0.4": [20, 0, 0],
						"0.8": [-20, 0, 0]
					}
				},
				"leftleg_low": {
					"rotation": {
						"0.0": [0, 0, 0],
						"0.4": [0, 0, 0],
						"0.6": [-42.5, 0, 0],
						"0.8": [0, 0, 0]
					}
				},
				"head": {
					"rotation": {
						"0.0": [0, 0, 0],
						"0.24": [-5, 0, 0],
						"0.52": [15, 0, 0],
						"0.8": [0, 0, 0]
					}
				},
				"main_head": {
					"rotation": {
						"0.0": [0, 0, 0],
						"0.32": [-10, 0, 0],
						"0.6": [2.5, 0, 0],
						"0.8": [0, 0, 0]
					}
				},
				"down_jaw": {
					"rotation": {
						"0.0": [0, 0, 0],
						"0.28": [-17.5, 0, 0],
						"0.56": [-12.5, 0, 0],
						"0.8": [0, 0, 0]
					}
				},
				"tail": {
					"rotation": {
						"0.0": [10, 0, 0],
						"0.24": [-20, 0, 0],
						"0.56": [15, 0, 0],
						"0.8": [10, 0, 0]
					}
				},
				"tail_down": {
					"rotation": {
						"0.0": [37.5, 0, 0],
						"0.24": [47.5, 0, 0],
						"0.56": [-2.5, 0, 0],
						"0.8": [37.5, 0, 0],
						"0.84": [37.5, 0, 0]
					}
				},
				"rightleg_back": {
					"rotation": {
						"0.0": [-20, 0, 0],
						"0.4": [20, 0, 0],
						"0.8": [-20, 0, 0]
					}
				},
				"rightleg_back_knee": {
					"rotation": {
						"0.0": [0, 0, 0],
						"0.4": [-17.5, 0, 0],
						"0.6": [3.75, 0, 0],
						"0.8": [0, 0, 0]
					}
				},
				"rightleg_back_down": {
					"rotation": {
						"0.0": [-10, 0, 0],
						"0.2": [-12.5, 0, 0],
						"0.4": [15, 0, 0],
						"0.64": [-32.5, 0, 0],
						"0.8": [-10, 0, 0]
					}
				},
				"leftleg_back": {
					"rotation": {
						"0.0": [20, 0, 0],
						"0.4": [-27.5, 0, 0],
						"0.8": [20, 0, 0]
					}
				},
				"leftleg_back_knee": {
					"rotation": {
						"0.0": [-15, 0, 0],
						"0.24": [12.5, 0, 0],
						"0.4": [10, 0, 0],
						"0.8": [-15, 0, 0]
					}
				},
				"leftleg_back_down": {
					"rotation": {
						"0.0": [5, 0, 0],
						"0.2": [-45, 0, 0],
						"0.4": [-5, 0, 0],
						"0.8": [5, 0, 0]
					}
				},
				"claw": {
					"rotation": {
						"0.0": [32.5, 0, 0],
						"0.4": [-5, 0, 0],
						"0.6": [1.25, 0, 0],
						"0.8": [32.5, 0, 0]
					}
				},
				"claw2": {
					"rotation": {
						"0.0": [0, 0, 0],
						"0.16": [-10.5, 0, 0],
						"0.4": [30, 0, 0],
						"0.8": [0, 0, 0]
					}
				},
				"claw3": {
					"rotation": {
						"0.0": [12.5, 0, 0],
						"0.24": [-12.5, 0, 0],
						"0.44": [27.5, 0, 0],
						"0.64": [0, 0, 0],
						"0.84": [12.5, 0, 0]
					}
				},
				"claw4": {
					"rotation": {
						"0.0": [30, 0, 0],
						"0.4": [-12.5, 0, 0],
						"0.56": [-13, 0, 0],
						"0.8": [30, 0, 0]
					}
				}
			}
		},
		"sprinting": {
			"loop": true,
			"animation_length": 0.52,
			"bones": {
				"base": {
					"rotation": {
						"0.0": [5, 0, 0],
						"0.24": [-2.5, 0, 0],
						"0.36": [-6.79, 0, 0],
						"0.52": [5, 0, 0]
					},
					"position": {
						"0.0": [0, 2, 0],
						"0.24": [0, -2, 0],
						"0.48": [0, 2, 0],
						"0.52": [0, 2, 0]
					}
				},
				"rightleg": {
					"rotation": {
						"0.0": [-40, 0, 22.5],
						"0.24": [40, 0, 0],
						"0.48": [-40, 0, 22.5]
					}
				},
				"rightleg_low": {
					"rotation": {
						"0.0": [-37.5, 15, -10],
						"0.24": [-25, 0, -25],
						"0.48": [-37.5, 15, -10]
					}
				},
				"leftleg": {
					"rotation": {
						"0.0": [-40, 0, -17.5],
						"0.24": [40, 0, 0],
						"0.48": [-40, 0, -17.5]
					}
				},
				"leftleg_low": {
					"rotation": {
						"0.0": [-35, 0, 20],
						"0.24": [0, 0, 17.5],
						"0.48": [-35, 0, 20]
					}
				},
				"head": {
					"rotation": {
						"0.0": [0, 0, 0],
						"0.12": [15, 0, 0],
						"0.28": [-2.5, 0, 0],
						"0.4": [7.5, 0, 0],
						"0.52": [0, 0, 0]
					}
				},
				"head_head": {
					"rotation": {
						"0.0": [0, 0, 0],
						"0.16": [12.5, 0, 0],
						"0.32": [-2.5, 0, 0],
						"0.4": [5, 0, 0],
						"0.52": [0, 0, 0]
					}
				},
				"main_head": {
					"rotation": {
						"0.0": [0, 0, 0],
						"0.16": [5, 0, 0],
						"0.36": [-10, 0, 0],
						"0.52": [0, 0, 0]
					}
				},
				"down_jaw": {
					"rotation": {
						"0.0": [-25, 0, 0],
						"0.16": [5, 0, 0],
						"0.36": [-30, 0, 0],
						"0.52": [-25, 0, 0]
					}
				},
				"tail": {
					"rotation": {
						"0.0": [22.5, 0, 0],
						"0.24": [-22.5, 0, 0],
						"0.52": [22.5, 0, 0]
					}
				},
				"tail_down": {
					"rotation": {
						"0.0": [32.5, 0, 0],
						"0.16": [47.5, 0, 0],
						"0.28": [-7.5, 0, 0],
						"0.52": [32.5, 0, 0]
					}
				},
				"rightleg_back": {
					"rotation": {
						"0.0": [52.5, 0, 0],
						"0.24": [-40, 0, 12.5],
						"0.48": [52.5, 0, 0]
					}
				},
				"rightleg_back_knee": {
					"rotation": {
						"0.0": [0, 0, 0],
						"0.12": [25, 0, 0],
						"0.24": [-10, 0, 0],
						"0.36": [15, 0, 0],
						"0.48": [0, 0, 0]
					}
				},
				"rightleg_back_down": {
					"rotation": {
						"0.0": [0, 0, 0],
						"0.12": [-52.5, 5, 0],
						"0.24": [-15, 10, 0],
						"0.36": [-50, 5, 0],
						"0.48": [0, 0, 0]
					}
				},
				"leftleg_back": {
					"rotation": {
						"0.0": [52.5, 0, 0],
						"0.24": [-40, 0, -12.5],
						"0.48": [52.5, 0, 0]
					}
				},
				"leftleg_back_knee": {
					"rotation": {
						"0.0": [0, 0, 0],
						"0.12": [8.75, 0, -1.25],
						"0.24": [-27.5, 0, -2.5],
						"0.36": [18.75, 0, -1.25],
						"0.48": [0, 0, 0]
					}
				},
				"leftleg_back_down": {
					"rotation": {
						"0.0": [0, 0, 0],
						"0.12": [-32.5, 0, 0],
						"0.24": [5, 0, 0],
						"0.36": [-47.5, 0, 0],
						"0.48": [0, 0, 0]
					}
				},
				"claw": {
					"rotation": {
						"0.0": [17.5, 0, 0],
						"0.12": [55, 0, 0],
						"0.24": [-35, 0, 0],
						"0.52": [17.5, 0, 0]
					}
				},
				"claw2": {
					"rotation": {
						"0.0": [2.5, 35, -35],
						"0.12": [67.5, 25, -15],
						"0.24": [-25, 15, 5],
						"0.52": [2.5, 35, -35]
					}
				},
				"claw3": {
					"rotation": {
						"0.0": [22.5, 0, 0],
						"0.12": [-20, 0, 0],
						"0.24": [60, -17.5, 0],
						"0.36": [28.75, -8.75, 0],
						"0.48": [22.5, 0, 0]
					}
				},
				"claw4": {
					"rotation": {
						"0.0": [27.5, 0, 0],
						"0.12": [-17.5, 0, 0],
						"0.24": [75, 20, 0],
						"0.36": [31.25, 10, 0],
						"0.48": [27.5, 0, 0]
					}
				}
			}
		},
		"jump": {
			"animation_length": 0.2,
			"bones": {
				"base": {
					"rotation": [-5, 0, 0],
					"position": {
						"0.0": [0, -6, 0],
						"0.16": [0, -1, 0]
					}
				},
				"body": {
					"rotation": {
						"0.0": [0, 0, 0],
						"0.2": [-47.5, 0, 0]
					}
				},
				"rightleg": {
					"rotation": {
						"0.0": [42.5, 0, 0],
						"0.16": [35, 0, 0]
					}
				},
				"rightleg_low": {
					"rotation": {
						"0.0": [-95, 0, 0],
						"0.16": [2.5, 0, 0]
					}
				},
				"leftleg": {
					"rotation": {
						"0.0": [37.5, 0, 0],
						"0.16": [35, 0, 0]
					}
				},
				"leftleg_low": {
					"rotation": {
						"0.0": [-100, 0, 0],
						"0.16": [0, 0, 0]
					}
				},
				"head": {
					"rotation": [-5, 0, 0]
				},
				"head_head": {
					"rotation": {
						"0.0": [-10, 0, 0],
						"0.2": [15, 0, 0]
					}
				},
				"main_head": {
					"rotation": {
						"0.0": [-7.5, 0, 0],
						"0.2": [30, 0, 0]
					}
				},
				"body_down": {
					"rotation": {
						"0.0": [2.5, 0, 0],
						"0.16": [-22.5, 0, 0]
					}
				},
				"tail": {
					"rotation": {
						"0.0": [5, 0, 0],
						"0.16": [-20, 0, 0]
					}
				},
				"tail_down": {
					"rotation": {
						"0.0": [-5, 0, 0],
						"0.16": [40, -2.5, 0]
					}
				},
				"rightleg_back": {
					"rotation": {
						"0.0": [20, 0, 0],
						"0.16": [7.5, 0, 0]
					}
				},
				"rightleg_back_knee": {
					"rotation": {
						"0.0": [30, 0, 0],
						"0.16": [-12.5, 0, 0]
					}
				},
				"rightleg_back_down": {
					"rotation": {
						"0.0": [-7.5, 0, 0],
						"0.16": [72.5, 0, 0]
					}
				},
				"leftleg_back": {
					"rotation": [10, 0, 0]
				},
				"leftleg_back_knee": {
					"rotation": {
						"0.0": [32.5, 0, 0],
						"0.16": [-20, 0, 0]
					}
				},
				"leftleg_back_down": {
					"rotation": {
						"0.0": [7.5, 0, 0],
						"0.16": [52.5, 0, 0]
					}
				},
				"claw": {
					"rotation": [70, 0, 0]
				},
				"claw2": {
					"rotation": [60, 0, 0]
				},
				"claw3": {
					"rotation": {
						"0.0": [-30, 0, 0],
						"0.16": [67.5, 0, 0]
					}
				},
				"claw4": {
					"rotation": {
						"0.0": [-35, 0, 0],
						"0.16": [47.5, 0, 0]
					}
				}
			}
		},
		"hurt": {
			"animation_length": 0.12,
			"bones": {
				"head": {
					"rotation": {
						"0.0": [0, 0, 0],
						"0.12": [35, 0, -20]
					}
				},
				"head_head": {
					"rotation": {
						"0.0": [0, 0, 0],
						"0.12": [22.5, 0, 0]
					}
				},
				"main_head": {
					"rotation": {
						"0.0": [0, 0, 0],
						"0.12": [10, 0, 0]
					}
				},
				"tail": {
					"rotation": {
						"0.0": [0, 0, 0],
						"0.12": [27.5, 0, 0]
					}
				},
				"tail_down": {
					"rotation": {
						"0.0": [0, 0, 0],
						"0.12": [25, 0, 0]
					}
				}
			}
		},
		"crouching_idle": {
			"loop": true,
			"animation_length": 6,
			"bones": {
				"base": {
					"position": {
						"0.0": [0, -9, 0],
						"3.0": [0, -9.4, 0],
						"6.0": [0, -9, 0]
					}
				},
				"rightleg": {
					"rotation": {
						"0.0": [70, 0, 0],
						"3.0": [74, 0, 0],
						"6.0": [70, 0, 0]
					}
				},
				"rightleg_low": {
					"rotation": {
						"0.0": [-117.5, 0, 0],
						"3.0": [-123.5, 0, 0],
						"6.0": [-117.5, 0, 0]
					}
				},
				"leftleg": {
					"rotation": {
						"0.0": [67.5, 0, 0],
						"3.0": [70.5, 0, 0],
						"6.0": [67.5, 0, 0]
					}
				},
				"leftleg_low": {
					"rotation": {
						"0.0": [-120, 0, 0],
						"3.0": [-123, 0, 0],
						"6.0": [-120, 0, 0]
					}
				},
				"head": {
					"rotation": {
						"0.0": [27.5, 0, 0],
						"3.0": [37.5, 0, 0],
						"6.0": [27.5, 0, 0]
					}
				},
				"head_head": {
					"rotation": {
						"0.0": [-5, 0, 0],
						"3.12": [0, 0, 0],
						"6.0": [-5, 0, 0]
					}
				},
				"main_head": {
					"rotation": {
						"0.0": [-25, 0, 0],
						"2.72": [-20, 0, 0],
						"6.0": [-25, 0, 0]
					}
				},
				"tail": {
					"rotation": {
						"0.0": [-12.5, 0, 0],
						"2.6": [-2.5, 0, 0],
						"6.0": [-12.5, 0, 0]
					}
				},
				"tail_down": {
					"rotation": {
						"0.0": [17.5, 0, 0],
						"1.4": [1.54, 0, 0],
						"2.6": [25, 0, 0],
						"4.52": [28.26, 0, 0],
						"6.0": [17.5, 0, 0]
					}
				},
				"rightleg_back": {
					"rotation": {
						"0.0": [62.5, 0, 0],
						"3.0": [64.5, 0, 0],
						"6.0": [62.5, 0, 0]
					}
				},
				"rightleg_back_knee": {
					"rotation": {
						"0.0": [12.5, 0, 0],
						"3.0": [12.5, 0, 0],
						"6.0": [12.5, 0, 0]
					}
				},
				"rightleg_back_down": {
					"rotation": {
						"0.0": [-32.5, 0, 0],
						"3.0": [-35, 0, 0],
						"6.0": [-32.5, 0, 0]
					}
				},
				"leftleg_back": {
					"rotation": {
						"0.0": [60, 0, 0],
						"3.0": [62, 0, 0],
						"6.0": [60, 0, 0]
					}
				},
				"leftleg_back_knee": {
					"rotation": {
						"0.0": [12.5, 0, 0],
						"3.0": [17.5, 0, 0],
						"6.0": [12.5, 0, 0]
					}
				},
				"leftleg_back_down": {
					"rotation": {
						"0.0": [-30, 0, 0],
						"3.0": [-40, 0, 0],
						"6.0": [-30, 0, 0]
					}
				},
				"claw": {
					"rotation": {
						"0.0": [57.5, 0, 0],
						"3.0": [62.5, 0, 0],
						"6.0": [57.5, 0, 0]
					}
				},
				"claw2": {
					"rotation": {
						"0.0": [50, 0, 0],
						"3.0": [57.5, 0, 0],
						"6.0": [50, 0, 0]
					}
				},
				"claw3": {
					"rotation": {
						"0.0": [-32.5, 0, 0],
						"3.0": [-37.5, 0, 0],
						"6.0": [-32.5, 0, 0]
					}
				},
				"claw4": {
					"rotation": {
						"0.0": [-32.5, 0, 0],
						"3.0": [-35, 0, 0],
						"6.0": [-32.5, 0, 0]
					}
				}
			}
		},
		"crouching": {
			"loop": true,
			"animation_length": 1,
			"bones": {
				"base": {
					"rotation": {
						"0.0": [2.5, 0, 0],
						"0.32": [-2.5, 0, 0],
						"0.72": [2.5, 0, 0],
						"1.0": [2.5, 0, 0]
					},
					"position": {
						"0.0": [0, -8.1, 0],
						"0.44": [0, -6.62, 0],
						"0.96": [0, -8.1, 0]
					}
				},
				"rightleg": {
					"rotation": {
						"0.0": [85, 0, 0],
						"0.44": [50, 0, 0],
						"1.0": [85, 0, 0]
					}
				},
				"rightleg_low": {
					"rotation": {
						"0.0": [-77.5, 0, 0],
						"0.2": [-131.25, 0, 0],
						"0.44": [-125, 0, 0],
						"1.0": [-77.5, 0, 0]
					}
				},
				"leftleg": {
					"rotation": {
						"0.0": [45, 0, 0],
						"0.28": [77.5, 0, 0],
						"0.56": [72.5, 0, 0],
						"1.0": [45, 0, 0]
					}
				},
				"leftleg_low": {
					"rotation": {
						"0.0": [-125, 0, 0],
						"0.16": [-112.5, 0, 0],
						"0.28": [-71.37, 0, 0],
						"0.56": [-133.75, 0, 0],
						"1.0": [-125, 0, 0]
					}
				},
				"head": {
					"rotation": {
						"0.0": [27.5, 0, 0],
						"0.44": [37.5, 0, 0],
						"1.0": [27.5, 0, 0]
					}
				},
				"head_head": {
					"rotation": {
						"0.0": [-5, 0, 0],
						"0.24": [-17.5, 0, 0],
						"0.68": [2.24, 0, 0],
						"1.0": [-5, 0, 0]
					}
				},
				"main_head": {
					"rotation": {
						"0.0": [-25, 0, 0],
						"0.48": [-40, 0, 0],
						"1.0": [-25, 0, 0]
					}
				},
				"tail": {
					"rotation": {
						"0.0": [-12.5, 0, 0],
						"0.36": [-2.5, 0, 0],
						"1.0": [-12.5, 0, 0]
					}
				},
				"tail_down": {
					"rotation": {
						"0.0": [17.5, 0, 0],
						"0.44": [37.5, 0, 0],
						"1.0": [17.5, 0, 0]
					}
				},
				"rightleg_back": {
					"rotation": {
						"0.0": [52.5, 0, 0],
						"0.28": [63.96, 0, 0],
						"0.48": [55, 0, 0],
						"1.0": [52.5, 0, 0]
					}
				},
				"rightleg_back_knee": {
					"rotation": {
						"0.0": [25, 0, 0],
						"1.0": [25, 0, 0]
					}
				},
				"rightleg_back_down": {
					"rotation": {
						"0.0": [-45, 0, 0],
						"0.28": [-75.42, 0, 0],
						"0.48": [-80, 0, 0],
						"1.0": [-45, 0, 0]
					}
				},
				"leftleg_back": {
					"rotation": {
						"0.0": [67.5, 0, 0],
						"0.24": [77.5, 0, 0],
						"0.48": [72.5, 0, 0],
						"1.0": [67.5, 0, 0]
					}
				},
				"leftleg_back_knee": {
					"rotation": {
						"0.0": [-22.5, 0, 0],
						"0.48": [-17.5, 0, 0],
						"0.76": [-2.69, 0, 0],
						"1.0": [-22.5, 0, 0]
					}
				},
				"leftleg_back_down": {
					"rotation": {
						"0.0": [-77.5, 0, 0],
						"0.48": [-17.5, 0, 0],
						"0.76": [-74.81, 0, 0],
						"1.0": [-77.5, 0, 0]
					}
				},
				"claw": {
					"rotation": {
						"0.0": [90, 0, 0],
						"0.16": [45, 0, 0],
						"0.28": [16.75, 0, 0],
						"0.56": [42.5, 0, 0],
						"1.0": [90, 0, 0]
					}
				},
				"claw2": {
					"rotation": {
						"0.0": [10, 0, 0],
						"0.2": [45, 0, 0],
						"0.44": [87.5, 0, 0],
						"1.0": [10, 0, 0]
					}
				},
				"claw3": {
					"rotation": {
						"0.0": [25, 0, 0],
						"0.48": [-17.5, 0, 0],
						"0.76": [-34.62, 0, 0],
						"1.0": [25, 0, 0]
					}
				},
				"claw4": {
					"rotation": {
						"0.0": [-30, 0, 0],
						"0.28": [-25.62, 0, 0],
						"0.48": [7.5, 0, 0],
						"1.0": [-30, 0, 0]
					}
				}
			}
		},
		"swipe": {
			"animation_length": 0.24,
			"bones": {
				"base": {
					"position": {
						"0.0": [0, 0, 0],
						"0.08": [0, 0, -3],
						"0.24": [0, 0, -3]
					}
				},
				"body": {
					"rotation": {
						"0.0": [0, 0, 0],
						"0.08": [25, 0, 0]
					}
				},
				"rightleg": {
					"rotation": {
						"0.0": [0, 0, 0],
						"0.08": [22.5, 0, 0]
					}
				},
				"rightleg_low": {
					"rotation": {
						"0.0": [0, 0, 0],
						"0.08": [-90, 0, 0]
					}
				},
				"claw2": {
					"rotation": {
						"0.0": [0, 0, 0],
						"0.08": [67.5, 0, 0]
					}
				},
				"leftleg": {
					"rotation": {
						"0.0": [0, 0, 0],
						"0.08": [22.5, 0, 0]
					}
				},
				"leftleg_low": {
					"rotation": {
						"0.0": [0, 0, 0],
						"0.08": [-87.5, 0, 0]
					}
				},
				"claw": {
					"rotation": {
						"0.0": [0, 0, 0],
						"0.08": [62.5, 0, 0]
					}
				},
				"head": {
					"rotation": {
						"0.0": [0, 0, 0],
						"0.08": [-52.5, 0, 0],
						"0.2": [-5, 0, 0]
					}
				},
				"head_head": {
					"rotation": {
						"0.0": [0, 0, 0],
						"0.08": [27.5, 0, 0],
						"0.2": [-25, 0, 0]
					}
				},
				"down_jaw": {
					"rotation": {
						"0.0": [15, 0, 0],
						"0.12": [-30, 0, 0]
					}
				},
				"tail": {
					"rotation": {
						"0.0": [-22.5, 0, 0],
						"0.2": [12.5, 0, 0]
					}
				},
				"tail_down": {
					"rotation": {
						"0.0": [-12.5, 0, 0],
						"0.2": [42.5, 0, 0]
					}
				},
				"rightleg_back": {
					"rotation": {
						"0.0": [0, 0, 0],
						"0.12": [12.5, 0, 0]
					}
				},
				"leftleg_back": {
					"rotation": {
						"0.0": [0, 0, 0],
						"0.12": [10, 0, 0]
					}
				}
			}
		}
	},
	"geckolib_format_version": 2
}