{
    "scheme": "1.3",
    "name": "wheel",
    "texture": [ 64, 32 ],
    "providesObj": true,
    "limbs": {
        "cube": {
            "size": [ 4, 4, 4 ],
            "texture": [ 0, 0 ],
            "anchor": [ 0.5, 0.5, 0.5 ],
            "origin": [ 0.0, -0.13, -0.06 ],
            "hold": false
        }
    },
    "poses": {
        "standing": {
            "size": [ 1.0, 1.0, 1.0 ],
            "limbs": {
                "cube": {
                    "scale": [ -1.0, 1.0, 1.0 ]
                }
            }
        },
        "flying": {
            "size": [ 1.0, 1.0, 1.0 ],
            "limbs": {
                "cube": {
                    "scale": [ -1.0, 1.0, 1.0 ]
                }
            }
        },
        "sneaking": {
            "size": [ 1.0, 1.0, 1.0 ],
            "limbs": {
                "cube": {
                    "scale": [ -1.0, 1.0, 1.0 ]
                }
            }
        },
        "riding": {
            "size": [ 1.0, 1.0, 1.0 ],
            "limbs": {
                "cube": {
                    "scale": [ -1.0, 1.0, 1.0 ]
                }
            }
        },
        "sleeping": {
            "size": [ 1.0, 1.0, 1.0 ],
            "limbs": {
                "cube": {
                    "scale": [ -1.0, 1.0, 1.0 ]
                }
            }
        }
    }
}