{
	"format_version": "1.10.0",
	"particle_effect": {
		"description": {
			"identifier": "fire_emission",
			"basic_render_parameters": {
				"material": "particles_alpha",
				"texture": "b.a:particles/fire.png"
			}
		},
		"components": {
			"minecraft:emitter_initialization": {
				"creation_expression": "variable.radius = 0.2; variable.life = 2.0; variable.size = 0.2; variable.speed = 2.0; variable.height = 5.0;"
			},
			"minecraft:emitter_rate_steady": {
				"spawn_rate": 80,
				"max_particles": 300
			},
			"minecraft:emitter_lifetime_looping": {
				"active_time": 1
			},
			"minecraft:emitter_shape_box": {
				"offset": ["variable.radius", 0, "variable.radius"],
				"half_dimensions": ["variable.radius", 0, "variable.radius"],
				"direction": "outwards"
			},
			"minecraft:particle_lifetime_expression": {
				"max_lifetime": "variable.life"
			},
			"minecraft:particle_initial_spin": {
				"rotation": "math.random(0.0, -180.0)",
				"rotation_rate": "math.random(0.0, 180.0)"
			},
			"minecraft:particle_initial_speed": "variable.speed",
			"minecraft:particle_motion_dynamic": {
				"linear_acceleration": ["math.random(0.0, 1.0)", "math.random(variable.height, variable.height + 2.0)", "math.random(0.0, 1.0)"],
				"linear_drag_coefficient": 5,
				"rotation_acceleration": 1,
				"rotation_drag_coefficient": 5
			},
			"minecraft:particle_appearance_billboard": {
				"size": ["(1.1 - variable.particle_age / variable.particle_lifetime) * variable.size", "(1.1 - variable.particle_age / variable.particle_lifetime) * variable.size"],
				"facing_camera_mode": "rotate_xyz",
				"uv": {
					"texture_width": 64,
					"texture_height": 8,
					"flipbook": {
						"base_UV": [0, 0],
						"size_UV": [8, 8],
						"step_UV": [4, 0],
						"frames_per_second": 8,
						"max_frame": 8
					}
				}
			},
			"minecraft:particle_appearance_tinting": {
				"color": {
					"interpolant": "variable.particle_age",
					"gradient": {
						"0.0": "#ffFF9A00",
						"0.8800000000000001": "#FFFF350D",
						"1.74": "#FF210303"
					}
				}
			}
		}
	}
}