{
    "format_version": "1.10.0",
    "particle_effect": {
        "description": {
            "identifier": "",
            "basic_render_parameters": {
                "material": "particles_alpha",
                "texture": "b.a:particles/blackspot_particle.png"
            }
        },
        "curves": {},
        "components": {
            "minecraft:emitter_rate_steady": {
                "spawn_rate": 15.0,
                "max_particles": 100.0
            },
            "minecraft:emitter_lifetime_looping": {
                "active_time": 1.0
            },
            "minecraft:emitter_shape_disc": {
                "offset": [
                    0.0,
                    0.0,
                    0.0
                ],
                "direction": [
                    0.0,
                    1.0,
                    0.0
                ],
                "radius": 1.0,
                "plane_normal": [
                    0.0,
                    1.0,
                    0.0
                ]
            },
            "minecraft:particle_lifetime_expression": {
                "max_lifetime": 1.0
            },
            "minecraft:particle_initial_speed": 1.0,
            "minecraft:particle_motion_dynamic": {
                "linear_acceleration": [
                    0.0,
                    "3.0",
                    0.0
                ],
                "linear_drag_coefficient": 1.0
            },
            "minecraft:particle_appearance_billboard": {
                "size": [
                    0.1,
                    0.2
                ],
                "facing_camera_mode": "rotate_y",
                "uv": {
                    "texture_width": 16,
                    "texture_height": 64,
                    "uv": [
                        "16.0",
                        "64.0"
                    ],
                    "uv_size": [
                        16.0,
                        "16.0"
                    ],
                    "flipbook": {
                        "base_UV": [
                            "16.0",
                            "64.0"
                        ],
                        "size_UV": [
                            16.0,
                            "16.0"
                        ],
                        "step_UV": [
                            0.0,
                            16.0
                        ],
                        "frames_per_second": 4.0,
                        "max_frame": "3.0",
                        "stretch_to_lifetime": true
                    }
                }
            },
            "minecraft:particle_appearance_tinting": {
                "color": [
                    0.00784,
                    0.00784,
                    0.00784,
                    1.0
                ]
            },
            "blockbuster:particle_collision_appearance": {
                "enabled": 0.0,
                "lit": false,
                "material": "particles_opaque",
                "size": [
                    0.0,
                    0.0
                ],
                "facing_camera_mode": "lookat_xyz",
                "uv": {
                    "texture_width": 128,
                    "texture_height": 128
                }
            },
            "blockbuster:particle_collision_tinting": {
                "enabled": 0.0
            },
            "blockbuster:particle_morph": {
                "enabled": false,
                "render_texture": false
            }
        }
    }
}