{
    "format_version": "1.10.0",
    "particle_effect": {
        "description": {
            "identifier": "",
            "basic_render_parameters": {
                "material": "particles_alpha",
                "texture": "b.a:particles/hotel_symbols.png"
            }
        },
        "curves": {},
        "components": {
            "minecraft:emitter_initialization": {
                "creation_expression": "variable.speed \u003d 5.0; variable.airdrag \u003d 5.0; variable.rate \u003d 5.0; variable.size \u003d 0.5"
            },
            "minecraft:emitter_rate_steady": {
                "spawn_rate": "variable.rate",
                "max_particles": 100.0
            },
            "minecraft:emitter_lifetime_looping": {
                "active_time": 1.0
            },
            "minecraft:emitter_shape_point": {
                "offset": [
                    0.0,
                    0.0,
                    0.0
                ]
            },
            "minecraft:particle_lifetime_expression": {
                "max_lifetime": 1.0
            },
            "minecraft:particle_initial_spin": {
                "rotation": "math.random(-15.0, 15.0)",
                "rotation_rate": 15.0
            },
            "minecraft:particle_initial_speed": "variable.speed",
            "minecraft:particle_motion_dynamic": {
                "linear_acceleration": [
                    0.0,
                    0.0,
                    0.0
                ],
                "linear_drag_coefficient": 5.0,
                "rotation_acceleration": "math.random(-100.0, 100.0)",
                "rotation_drag_coefficient": "variable.airdrag"
            },
            "minecraft:particle_appearance_billboard": {
                "size": [
                    "variable.size",
                    "variable.size"
                ],
                "facing_camera_mode": "rotate_xyz",
                "uv": {
                    "texture_width": 64,
                    "texture_height": 16,
                    "uv_size": [
                        16.0,
                        16.0
                    ],
                    "flipbook": {
                        "size_UV": [
                            16.0,
                            16.0
                        ],
                        "step_UV": [
                            16.0,
                            0.0
                        ],
                        "max_frame": 4.0,
                        "stretch_to_lifetime": true,
                        "loop": true
                    }
                }
            },
            "minecraft:particle_appearance_tinting": {
                "color": {
                    "gradient": {
                        "0.0": "#00B81D1D",
                        "0.29": "#EF1616",
                        "0.61": "#7C1818",
                        "1.0": "#00FF1111"
                    },
                    "interpolant": "variable.particle_age / variable.particle_lifetime"
                }
            },
            "blockbuster:particle_collision_appearance": {
                "enabled": 0.0,
                "lit": false,
                "material": "particles_opaque",
                "size": [
                    0.0,
                    0.0
                ],
                "facing_camera_mode": "lookat_xyz",
                "uv": {
                    "texture_width": 128,
                    "texture_height": 128
                }
            },
            "blockbuster:particle_collision_tinting": {
                "enabled": 0.0
            },
            "blockbuster:particle_morph": {
                "enabled": false,
                "render_texture": false
            }
        }
    }
}