{
    "format_version": "1.10.0",
    "particle_effect": {
        "description": {
            "identifier": "",
            "basic_render_parameters": {
                "material": "particles_alpha",
                "texture": "b.a:particles/frying_pan.png"
            }
        },
        "curves": {},
        "components": {
            "minecraft:emitter_rate_steady": {
                "spawn_rate": 15.0,
                "max_particles": 100.0
            },
            "minecraft:emitter_lifetime_looping": {
                "active_time": 1.0
            },
            "minecraft:emitter_shape_disc": {
                "offset": [
                    0.0,
                    0.0,
                    0.0
                ],
                "radius": "0.15",
                "plane_normal": [
                    0.0,
                    1.0,
                    0.0
                ]
            },
            "minecraft:particle_lifetime_expression": {
                "max_lifetime": 0.5
            },
            "minecraft:particle_initial_spin": {
                "rotation": 10.0,
                "rotation_rate": 100.0
            },
            "minecraft:particle_initial_speed": 0.2,
            "minecraft:particle_motion_dynamic": {
                "linear_acceleration": [
                    0.0,
                    "0.05",
                    0.0
                ],
                "linear_drag_coefficient": 2.0
            },
            "minecraft:particle_appearance_billboard": {
                "size": [
                    0.1,
                    0.1
                ],
                "facing_camera_mode": "rotate_xyz",
                "uv": {
                    "texture_width": 16,
                    "texture_height": 16,
                    "uv_size": [
                        16.0,
                        16.0
                    ]
                }
            },
            "blockbuster:particle_collision_appearance": {
                "enabled": 0.0,
                "lit": false,
                "material": "particles_opaque",
                "size": [
                    0.0,
                    0.0
                ],
                "facing_camera_mode": "lookat_xyz",
                "uv": {
                    "texture_width": 128,
                    "texture_height": 128
                }
            },
            "blockbuster:particle_collision_tinting": {
                "enabled": 0.0
            },
            "blockbuster:particle_morph": {
                "enabled": false,
                "render_texture": false
            },
            "minecraft:particle_appearance_lighting": {}
        }
    }
}