{
    "format_version": "1.10.0",
    "particle_effect": {
        "description": {
            "identifier": "",
            "basic_render_parameters": {
                "material": "particles_alpha",
                "texture": "b.a:particles/slash.png"
            }
        },
        "curves": {},
        "components": {
            "minecraft:emitter_rate_steady": {
                "spawn_rate": 200.0,
                "max_particles": 500.0
            },
            "minecraft:emitter_lifetime_looping": {
                "active_time": 1.0
            },
            "minecraft:emitter_shape_disc": {
                "offset": [
                    0.0,
                    0.1,
                    0.0
                ],
                "radius": 1.0,
                "plane_normal": [
                    0.0,
                    1.0,
                    0.0
                ]
            },
            "minecraft:particle_lifetime_expression": {
                "max_lifetime": 1.0
            },
            "minecraft:particle_initial_speed": "4.0",
            "minecraft:particle_motion_dynamic": {
                "linear_acceleration": [
                    1.0,
                    2.0,
                    1.0
                ],
                "linear_drag_coefficient": 1.0
            },
            "minecraft:particle_appearance_billboard": {
                "size": [
                    "0.08",
                    "0.08"
                ],
                "facing_camera_mode": "rotate_xyz",
                "uv": {
                    "texture_width": 32,
                    "texture_height": 8,
                    "uv_size": [
                        8.0,
                        8.0
                    ],
                    "flipbook": {
                        "base_UV": [
                            8.0,
                            0.0
                        ],
                        "size_UV": [
                            8.0,
                            8.0
                        ],
                        "step_UV": [
                            8.0,
                            0.0
                        ],
                        "frames_per_second": 4.0,
                        "max_frame": 4.0,
                        "stretch_to_lifetime": true,
                        "loop": true
                    }
                }
            },
            "minecraft:particle_appearance_tinting": {
                "color": {
                    "gradient": {
                        "0.0": "#000000",
                        "0.73": "#00000000"
                    },
                    "interpolant": "variable.particle_age / variable.particle_lifetime"
                }
            },
            "minecraft:particle_motion_collision": {
                "realisticCollision": true
            },
            "blockbuster:particle_collision_appearance": {
                "enabled": 0.0,
                "lit": false,
                "material": "particles_opaque",
                "size": [
                    0.0,
                    0.0
                ],
                "facing_camera_mode": "lookat_xyz",
                "uv": {
                    "texture_width": 128,
                    "texture_height": 128
                }
            },
            "blockbuster:particle_collision_tinting": {
                "enabled": 0.0
            },
            "blockbuster:particle_morph": {
                "enabled": false,
                "render_texture": false
            },
            "minecraft:particle_appearance_lighting": {}
        }
    }
}