{
    "format_version": "1.10.0",
    "particle_effect": {
        "description": {
            "identifier": "",
            "basic_render_parameters": {
                "material": "particles_alpha",
                "texture": "b.a:particles/basement_dust.png"
            }
        },
        "curves": {},
        "components": {
            "minecraft:emitter_initialization": {
                "creation_expression": "variable.boxsizex \u003d 10.0; variable.boxsizey \u003d 2.0; variable.boxsizez \u003d 10.0; variable.maxage \u003d 3.0; variable.particlesize \u003d 0.1; variable.rate \u003d 50.0; variable.speed \u003d 1.0"
            },
            "minecraft:emitter_rate_steady": {
                "spawn_rate": "variable.rate",
                "max_particles": 200.0
            },
            "minecraft:emitter_lifetime_looping": {
                "active_time": 1.0
            },
            "minecraft:emitter_shape_box": {
                "offset": [
                    0.0,
                    2.0,
                    0.0
                ],
                "half_dimensions": [
                    "variable.boxsizex",
                    "variable.boxsizey",
                    "variable.boxsizez"
                ]
            },
            "minecraft:particle_lifetime_expression": {
                "max_lifetime": "variable.maxage"
            },
            "minecraft:particle_initial_spin": {
                "rotation": "math.random_integer(0.0, 180.0)",
                "rotation_rate": 5.0
            },
            "minecraft:particle_initial_speed": "variable.speed",
            "minecraft:particle_motion_dynamic": {
                "linear_acceleration": [
                    0.1,
                    0.1,
                    0.1
                ],
                "linear_drag_coefficient": 0.5
            },
            "minecraft:particle_appearance_billboard": {
                "size": [
                    "variable.particlesize",
                    "variable.particlesize"
                ],
                "facing_camera_mode": "rotate_xyz",
                "uv": {
                    "texture_width": 16,
                    "texture_height": 16,
                    "uv_size": [
                        16.0,
                        16.0
                    ]
                }
            },
            "minecraft:particle_appearance_lighting": {},
            "minecraft:particle_appearance_tinting": {
                "color": [
                    0.45098,
                    0.45098,
                    0.45098,
                    1.0
                ]
            },
            "minecraft:particle_motion_collision": {
                "expire_on_contact": true
            },
            "blockbuster:particle_collision_appearance": {
                "enabled": 0.0,
                "lit": false,
                "material": "particles_opaque",
                "size": [
                    0.0,
                    0.0
                ],
                "facing_camera_mode": "lookat_xyz",
                "uv": {
                    "texture_width": 128,
                    "texture_height": 128
                }
            },
            "blockbuster:particle_collision_tinting": {
                "enabled": 0.0
            },
            "blockbuster:particle_morph": {
                "enabled": false,
                "render_texture": false
            }
        }
    }
}