{
    "States": {
        "default": {
            "RespawnSaveUUID": 0b,
            "TriggerRespawn": {
                "Blocks": [
                ]
            },
            "TriggerTick": {
                "Blocks": [
                    {
                        "Type": "event",
                        "CustomData": "",
                        "Frequency": 100,
                        "Event": "shepet_Random"
                    },
                    {
                        "Type": "event",
                        "CustomData": "",
                        "Frequency": 500,
                        "Event": "soundghost"
                    },
                    {
                        "Type": "event",
                        "CustomData": "",
                        "Frequency": 600,
                        "Event": "sound"
                    },
                    {
                        "Script": "AI_DoorOpen.js",
                        "Function": "",
                        "Type": "script",
                        "CustomData": "",
                        "Frequency": 1
                    },
                    {
                        "Script": "AI_DoorClose.js",
                        "Function": "",
                        "Type": "script",
                        "CustomData": "",
                        "Frequency": 1
                    },
                    {
                        "Script": "AI_Animation.js",
                        "Function": "",
                        "Type": "script",
                        "CustomData": "",
                        "Frequency": 1
                    },
                    {
                        "Script": "if_light.js",
                        "Function": "",
                        "Type": "script",
                        "CustomData": "",
                        "Frequency": 1
                    },
                    {
                        "Type": "command",
                        "Command": "/execute @s[mpid=bot] ~ ~ ~ tp @a[m=3,r=5] @r[m=2]",
                        "Frequency": 5
                    }
                ]
            },
            "StateName": "",
            "TriggerInitialize": {
                "Blocks": [
                    {
                        "Script": "AI_RandomSpawn.js",
                        "Function": "",
                        "Type": "script",
                        "CustomData": "",
                        "Frequency": 1
                    },
                    {
                        "Type": "command",
                        "Command": "/effect @e[type=mappet:npc] minecraft:jump_boost 9999 250 true",
                        "Frequency": 1
                    }
                ]
            },
            "Killable": 1b,
            "CanFallDamage": 1b,
            "States": {
                "hunt": 0.0d,
                "end": 0.0d
            },
            "PathDistance": 60.0f,
            "Follow": "",
            "Xp": 0,
            "Morph": {
                "Hitbox": {
                    "Eye": 0.9f,
                    "Sneak": 1.65f,
                    "Enabled": 1b,
                    "Height": 1.9f
                },
                "Actions": {
                    "running": {
                        "Speed": 0.75f,
                        "Name": "running"
                    },
                    "idle": {
                        "Speed": 0.25f,
                        "Name": "idle"
                    },
                    "swipe": {
                        "Speed": 2.0f,
                        "Name": "swipe"
                    }
                },
                "Skin": "c.s:ghost/skins/ghost.png",
                "BodyParts": [
                    {
                        "R": [
                            0.0f,
                            180.0f,
                            0.0f
                        ],
                        "S": [
                            0.09f,
                            0.1f,
                            0.09f
                        ],
                        "T": [
                            -0.09375f,
                            0.1875f,
                            -0.19f
                        ],
                        "Limb": "bone6",
                        "Morph": {
                            "Lighting": 0b,
                            "Name": "item",
                            "Stack": {
                                "id": "blockbuster:green",
                                "Count": 64b,
                                "Damage": 6s
                            }
                        }
                    },
                    {
                        "R": [
                            0.0f,
                            180.0f,
                            0.0f
                        ],
                        "S": [
                            0.05f,
                            0.1f,
                            0.09f
                        ],
                        "T": [
                            0.061f,
                            0.1875f,
                            -0.19f
                        ],
                        "Limb": "bone6",
                        "Morph": {
                            "Lighting": 0b,
                            "Name": "item",
                            "Stack": {
                                "id": "blockbuster:green",
                                "Count": 64b,
                                "Damage": 6s
                            }
                        }
                    },
                    {
                        "R": [
                            0.0f,
                            180.0f,
                            0.0f
                        ],
                        "S": [
                            0.05f,
                            0.05f,
                            0.03f
                        ],
                        "T": [
                            0.11f,
                            0.163f,
                            -0.22125f
                        ],
                        "Limb": "bone6",
                        "Morph": {
                            "Lighting": 0b,
                            "Name": "item",
                            "Stack": {
                                "id": "blockbuster:green",
                                "Count": 64b,
                                "Damage": 6s
                            }
                        }
                    }
                ],
                "Name": "chameleon.ghost"
            },
            "Damage": 1.0f,
            "TriggerInteract": {
                "Blocks": [
                ]
            },
            "CanSwim": 1b,
            "Flee": 4.0f,
            "LookAtPlayer": 1b,
            "Respawn": 0b,
            "Immovable": 0b,
            "MaxHealth": 2.14748365E9f,
            "TriggerDamaged": {
                "Blocks": [
                ]
            },
            "PatrolTriggers": [
            ],
            "CanRanged": 0b,
            "Drops": [
            ],
            "Fallback": 14.0f,
            "CanPickUpLoot": 0b,
            "Unique": 0b,
            "Id": "",
            "PatrolCirculate": 0b,
            "DamageDelay": 100,
            "CanGetBurned": 1b,
            "Wander": 1b,
            "RespawnOnCoordinates": 0b,
            "LookAround": 0b,
            "RespawnPosY": 0.0d,
            "RespawnDelay": 0,
            "RespawnPosX": 0.0d,
            "SightDistance": 25.0f,
            "RespawnPosZ": 0.0d,
            "Invincible": 1b,
            "TriggerDied": {
                "Blocks": [
                ]
            },
            "Faction": "bot",
            "Speed": 2.0f,
            "SightRadius": 120.0f,
            "Health": 2.14748365E9f,
            "Post": [
            ],
            "RegenDelay": 80,
            "TriggerTarget": {
                "Blocks": [
                ]
            },
            "RegenFrequency": 20,
            "HasPost": 0b,
            "Patrol": [
            ],
            "PostRadius": 1.0f
        }
    }
}