{
	"format_version": "1.12.0",
	"minecraft:geometry": [
		{
			"description": {
				"identifier": "geometry.unknown",
				"texture_width": 128,
				"texture_height": 128,
				"visible_bounds_width": 2,
				"visible_bounds_height": 6.5,
				"visible_bounds_offset": [0, 2.75, 0]
			},
			"bones": [
				{
					"name": "base",
					"pivot": [0, 20.7, 0]
				},
				{
					"name": "legRT",
					"parent": "base",
					"pivot": [-2.02583, 20.90065, 0.85],
					"cubes": [
						{
							"origin": [-3.85, 13.6, -0.85],
							"size": [3.5, 7, 3.5],
							"pivot": [-2.1, 17.6, 0.9],
							"rotation": [0, 0, -1],
							"uv": {
								"north": {"uv": [40, 48], "uv_size": [4, 7]},
								"east": {"uv": [50, 0], "uv_size": [4, 7]},
								"south": {"uv": [50, 15], "uv_size": [4, 7]},
								"west": {"uv": [50, 22], "uv_size": [4, 7]},
								"up": {"uv": [59, 7], "uv_size": [4, 4]},
								"down": {"uv": [9, 63], "uv_size": [4, -4]}
							}
						},
						{
							"origin": [-3.76374, 10.03566, -0.65],
							"size": [3.5, 4, 3.5],
							"inflate": -0.1,
							"pivot": [0, 11.50099, 1.1],
							"rotation": [4.9983, 0.13072, -1.49429],
							"uv": {
								"north": {"uv": [13, 59], "uv_size": [4, 4]},
								"east": {"uv": [59, 14], "uv_size": [4, 4]},
								"south": {"uv": [17, 59], "uv_size": [4, 4]},
								"west": {"uv": [59, 18], "uv_size": [4, 4]},
								"up": {"uv": [21, 59], "uv_size": [4, 4]},
								"down": {"uv": [59, 26], "uv_size": [4, -4]}
							}
						}
					]
				},
				{
					"name": "legRB",
					"parent": "legRT",
					"pivot": [-2, 9.9, -0.15],
					"cubes": [
						{
							"origin": [-3.25, 5, 0.15],
							"size": [2.5, 5, 2.5],
							"inflate": 0.2,
							"pivot": [-4, 7.5, 1.4],
							"rotation": [2.5, 0, 0],
							"uv": {
								"north": {"uv": [41, 62], "uv_size": [3, 5]},
								"east": {"uv": [63, 16], "uv_size": [3, 5]},
								"south": {"uv": [17, 63], "uv_size": [3, 5]},
								"west": {"uv": [20, 63], "uv_size": [3, 5]},
								"up": {"uv": [37, 52], "uv_size": [3, 3]},
								"down": {"uv": [0, 69], "uv_size": [3, -3]}
							}
						},
						{
							"origin": [-3.25, 2, 0.25],
							"size": [2.5, 3, 2.5],
							"uv": {
								"north": {"uv": [66, 0], "uv_size": [3, 3]},
								"east": {"uv": [3, 66], "uv_size": [3, 3]},
								"south": {"uv": [6, 66], "uv_size": [3, 3]},
								"west": {"uv": [66, 16], "uv_size": [3, 3]},
								"up": {"uv": [66, 19], "uv_size": [3, 3]},
								"down": {"uv": [66, 25], "uv_size": [3, -3]}
							}
						}
					]
				},
				{
					"name": "feetRT",
					"parent": "legRB",
					"pivot": [-2, 1.7, 1.25],
					"cubes": [
						{
							"origin": [-3.75, 1.82693, -0.35714],
							"size": [3.5, 2, 3.5],
							"pivot": [-2, 2.82693, 1.39286],
							"rotation": [-5, 0, 0],
							"uv": {
								"north": {"uv": [46, 8], "uv_size": [4, 2]},
								"east": {"uv": [65, 52], "uv_size": [4, 2]},
								"south": {"uv": [66, 47], "uv_size": [4, 2]},
								"west": {"uv": [67, 35], "uv_size": [4, 2]},
								"up": {"uv": [25, 59], "uv_size": [4, 4]},
								"down": {"uv": [59, 30], "uv_size": [4, -4]}
							}
						}
					]
				},
				{
					"name": "feetRB",
					"parent": "feetRT",
					"pivot": [-2, 1.7, -0.5],
					"cubes": [
						{
							"origin": [-3.75, 0, -2.45],
							"size": [3.5, 2, 5.5],
							"uv": {
								"north": {"uv": [67, 37], "uv_size": [4, 2]},
								"east": {"uv": [61, 54], "uv_size": [6, 2]},
								"south": {"uv": [67, 39], "uv_size": [4, 2]},
								"west": {"uv": [29, 63], "uv_size": [6, 2]},
								"up": {"uv": [55, 5], "uv_size": [4, 6]},
								"down": {"uv": [55, 35], "uv_size": [4, -6]}
							}
						}
					]
				},
				{
					"name": "legLT",
					"parent": "base",
					"pivot": [2.02583, 20.90065, 0.85],
					"cubes": [
						{
							"origin": [0.35, 13.6, -0.85],
							"size": [3.5, 7, 3.5],
							"pivot": [2.1, 17.6, 0.9],
							"rotation": [0, 0, 1],
							"uv": {
								"north": {"uv": [51, 7], "uv_size": [4, 7]},
								"east": {"uv": [51, 29], "uv_size": [4, 7]},
								"south": {"uv": [44, 51], "uv_size": [4, 7]},
								"west": {"uv": [51, 45], "uv_size": [4, 7]},
								"up": {"uv": [29, 59], "uv_size": [4, 4]},
								"down": {"uv": [59, 34], "uv_size": [4, -4]}
							}
						},
						{
							"origin": [0.23626, 10.03566, -0.65],
							"size": [3.5, 4, 3.5],
							"inflate": -0.1,
							"pivot": [0, 11.50099, 1.1],
							"rotation": [4.99924, -0.08715, 0.9962],
							"uv": {
								"north": {"uv": [33, 59], "uv_size": [4, 4]},
								"east": {"uv": [59, 34], "uv_size": [4, 4]},
								"south": {"uv": [59, 38], "uv_size": [4, 4]},
								"west": {"uv": [59, 42], "uv_size": [4, 4]},
								"up": {"uv": [59, 57], "uv_size": [4, 4]},
								"down": {"uv": [37, 65], "uv_size": [4, -4]}
							}
						}
					]
				},
				{
					"name": "legLB",
					"parent": "legLT",
					"pivot": [2, 9.8, -0.15],
					"cubes": [
						{
							"origin": [0.75, 5, 0.15],
							"size": [2.5, 5, 2.5],
							"inflate": 0.2,
							"pivot": [0, 7.5, 1.4],
							"rotation": [2.5, 0, 0],
							"uv": {
								"north": {"uv": [63, 21], "uv_size": [3, 5]},
								"east": {"uv": [23, 63], "uv_size": [3, 5]},
								"south": {"uv": [26, 63], "uv_size": [3, 5]},
								"west": {"uv": [63, 26], "uv_size": [3, 5]},
								"up": {"uv": [66, 25], "uv_size": [3, 3]},
								"down": {"uv": [66, 31], "uv_size": [3, -3]}
							}
						},
						{
							"origin": [0.75, 2, 0.25],
							"size": [2.5, 3, 2.5],
							"uv": {
								"north": {"uv": [66, 41], "uv_size": [3, 3]},
								"east": {"uv": [66, 44], "uv_size": [3, 3]},
								"south": {"uv": [50, 66], "uv_size": [3, 3]},
								"west": {"uv": [66, 59], "uv_size": [3, 3]},
								"up": {"uv": [66, 62], "uv_size": [3, 3]},
								"down": {"uv": [66, 68], "uv_size": [3, -3]}
							}
						}
					]
				},
				{
					"name": "feetLT",
					"parent": "legLB",
					"pivot": [2, 1.7, 1.25],
					"cubes": [
						{
							"origin": [0.25, 1.82693, -0.35714],
							"size": [3.5, 2, 3.5],
							"pivot": [2, 2.82693, 1.39286],
							"rotation": [-5, 0, 0],
							"uv": {
								"north": {"uv": [67, 54], "uv_size": [4, 2]},
								"east": {"uv": [67, 56], "uv_size": [4, 2]},
								"south": {"uv": [61, 67], "uv_size": [4, 2]},
								"west": {"uv": [15, 68], "uv_size": [4, 2]},
								"up": {"uv": [61, 50], "uv_size": [4, 4]},
								"down": {"uv": [59, 65], "uv_size": [4, -4]}
							}
						}
					]
				},
				{
					"name": "feetLB",
					"parent": "feetLT",
					"pivot": [2, 1.7, -0.5],
					"cubes": [
						{
							"origin": [0.25, 0, -2.45],
							"size": [3.5, 2, 5.5],
							"uv": {
								"north": {"uv": [19, 68], "uv_size": [4, 2]},
								"east": {"uv": [63, 31], "uv_size": [6, 2]},
								"south": {"uv": [23, 68], "uv_size": [4, 2]},
								"west": {"uv": [63, 33], "uv_size": [6, 2]},
								"up": {"uv": [37, 55], "uv_size": [4, 6]},
								"down": {"uv": [55, 47], "uv_size": [4, -6]}
							}
						}
					]
				},
				{
					"name": "bodyB",
					"parent": "base",
					"pivot": [0, 20.7, 0.9],
					"cubes": [
						{
							"origin": [-3.75, 23.4, -1.2],
							"size": [7.5, 6, 4],
							"inflate": -0.2,
							"pivot": [0.5, 24.5, 2.05],
							"rotation": [2, 0, 0],
							"uv": {
								"north": {"uv": [15, 32], "uv_size": [8, 6]},
								"east": {"uv": [48, 57], "uv_size": [4, 6]},
								"south": {"uv": [34, 11], "uv_size": [8, 6]},
								"west": {"uv": [52, 57], "uv_size": [4, 6]},
								"up": {"uv": [42, 25], "uv_size": [8, 4]},
								"down": {"uv": [43, 33], "uv_size": [8, -4]}
							}
						},
						{
							"origin": [-4, 23.4, -1.45],
							"size": [8, 6, 4.5],
							"inflate": -0.2,
							"pivot": [0.5, 24.5, 2.05],
							"rotation": [2, 0, 0],
							"uv": {
								"north": {"uv": [34, 17], "uv_size": [8, 6]},
								"east": {"uv": [46, 45], "uv_size": [5, 6]},
								"south": {"uv": [34, 23], "uv_size": [8, 6]},
								"west": {"uv": [28, 48], "uv_size": [5, 6]},
								"up": {"uv": [42, 15], "uv_size": [8, 5]},
								"down": {"uv": [42, 25], "uv_size": [8, -5]}
							}
						},
						{
							"origin": [-3.9, 20.5, -0.85],
							"size": [7.8, 3, 3.5],
							"inflate": 0.1,
							"pivot": [0.4, 22, 0.9],
							"rotation": [2.5, 0, 0],
							"uv": {
								"north": {"uv": [55, 11], "uv_size": [8, 3]},
								"east": {"uv": [63, 35], "uv_size": [4, 3]},
								"south": {"uv": [55, 47], "uv_size": [8, 3]},
								"west": {"uv": [63, 38], "uv_size": [4, 3]},
								"up": {"uv": [43, 33], "uv_size": [8, 4]},
								"down": {"uv": [28, 48], "uv_size": [8, -4]}
							}
						}
					]
				},
				{
					"name": "bone",
					"parent": "bodyB",
					"pivot": [-2.3, 23.6, 2.88604],
					"cubes": [
						{
							"origin": [-4.5, 12.79976, -1.41396],
							"size": [4.7, 11, 4.5],
							"inflate": -0.2,
							"uv": {
								"north": {"uv": [24, 16], "uv_size": [5, 11]},
								"east": {"uv": [24, 27], "uv_size": [5, 11]},
								"south": {"uv": [29, 16], "uv_size": [5, 11]},
								"west": {"uv": [29, 27], "uv_size": [5, 11]},
								"up": {"uv": [48, 52], "uv_size": [5, 5]},
								"down": {"uv": [53, 57], "uv_size": [5, -5]}
							}
						}
					]
				},
				{
					"name": "bone2",
					"parent": "bodyB",
					"pivot": [2.45, 23.6, 2.886],
					"cubes": [
						{
							"origin": [-0.2, 12.79976, -1.41396],
							"size": [4.7, 11, 4.5],
							"inflate": -0.2,
							"uv": {
								"north": {"uv": [0, 32], "uv_size": [5, 11]},
								"east": {"uv": [32, 0], "uv_size": [5, 11]},
								"south": {"uv": [5, 32], "uv_size": [5, 11]},
								"west": {"uv": [10, 32], "uv_size": [5, 11]},
								"up": {"uv": [54, 0], "uv_size": [5, 5]},
								"down": {"uv": [54, 19], "uv_size": [5, -5]}
							}
						}
					]
				},
				{
					"name": "bodyT",
					"parent": "bodyB",
					"pivot": [0, 28.9, 1.5],
					"cubes": [
						{
							"origin": [-4.25, 29, -1.55],
							"size": [8.5, 5, 4.5],
							"pivot": [0.4, 30.5, 0.45],
							"rotation": [-2.5, 0, 0],
							"uv": {
								"north": {"uv": [34, 29], "uv_size": [9, 5]},
								"east": {"uv": [54, 19], "uv_size": [5, 5]},
								"south": {"uv": [34, 34], "uv_size": [9, 5]},
								"west": {"uv": [54, 24], "uv_size": [5, 5]},
								"up": {"uv": [37, 0], "uv_size": [9, 5]},
								"down": {"uv": [37, 10], "uv_size": [9, -5]}
							}
						},
						{
							"origin": [-4.5, 28.75, -1.8],
							"size": [9, 5.5, 5],
							"pivot": [0.4, 30.5, 0.45],
							"rotation": [-2.5, 0, 0],
							"uv": {
								"north": {"uv": [15, 38], "uv_size": [9, 5]},
								"east": {"uv": [28, 54], "uv_size": [5, 5]},
								"south": {"uv": [24, 38], "uv_size": [9, 5]},
								"west": {"uv": [54, 36], "uv_size": [5, 5]},
								"up": {"uv": [33, 39], "uv_size": [9, 5]},
								"down": {"uv": [42, 15], "uv_size": [9, -5]}
							}
						},
						{
							"origin": [-1.5, 33.9, -0.35],
							"size": [3, 2, 3],
							"uv": {
								"north": {"uv": [43, 37], "uv_size": [3, 2]},
								"east": {"uv": [55, 50], "uv_size": [3, 2]},
								"south": {"uv": [41, 67], "uv_size": [3, 2]},
								"west": {"uv": [47, 67], "uv_size": [3, 2]},
								"up": {"uv": [67, 3], "uv_size": [3, 3]},
								"down": {"uv": [67, 9], "uv_size": [3, -3]}
							}
						},
						{
							"origin": [-2, 32.9, -1.35],
							"size": [4, 2, 4],
							"pivot": [1, 35.5, 0.7],
							"rotation": [5, 0, 0],
							"uv": {
								"north": {"uv": [53, 68], "uv_size": [4, 2]},
								"east": {"uv": [57, 68], "uv_size": [4, 2]},
								"south": {"uv": [65, 68], "uv_size": [4, 2]},
								"west": {"uv": [0, 69], "uv_size": [4, 2]},
								"up": {"uv": [62, 0], "uv_size": [4, 4]},
								"down": {"uv": [63, 8], "uv_size": [4, -4]}
							}
						}
					]
				},
				{
					"name": "tie",
					"parent": "bodyT",
					"pivot": [0, 34.00562, -1.37851],
					"cubes": [
						{
							"origin": [-2, 32, -1.6],
							"size": [4, 2, 0.01],
							"pivot": [0.4, 30.5, 0.45],
							"rotation": [-2.5, 0, 0],
							"uv": {
								"north": {"uv": [69, 0], "uv_size": [4, 2]},
								"east": {"uv": [23, 36], "uv_size": [1, 2]},
								"south": {"uv": [4, 69], "uv_size": [4, 2]},
								"west": {"uv": [54, 5], "uv_size": [1, 2]},
								"up": {"uv": [37, 10], "uv_size": [4, 1]},
								"down": {"uv": [28, 44], "uv_size": [4, -1]}
							}
						},
						{
							"origin": [-1, 29, -1.6],
							"size": [2, 3, 0.01],
							"pivot": [0.4, 30.5, 0.45],
							"rotation": [-2.5, 0, 0],
							"uv": {
								"north": {"uv": [44, 48], "uv_size": [2, 3]},
								"east": {"uv": [50, 7], "uv_size": [1, 3]},
								"south": {"uv": [27, 68], "uv_size": [2, 3]},
								"west": {"uv": [47, 58], "uv_size": [1, 3]},
								"up": {"uv": [32, 15], "uv_size": [2, 1]},
								"down": {"uv": [51, 15], "uv_size": [2, -1]}
							}
						}
					]
				},
				{
					"name": "tie_2",
					"parent": "tie",
					"pivot": [0, 29.09085, -1.65848],
					"cubes": [
						{
							"origin": [-1, 25.09085, -1.66348],
							"size": [2, 4, 0.01],
							"uv": {
								"north": {"uv": [32, 11], "uv_size": [2, 4]},
								"east": {"uv": [23, 32], "uv_size": [1, 4]},
								"south": {"uv": [40, 44], "uv_size": [2, 4]},
								"west": {"uv": [54, 41], "uv_size": [1, 4]},
								"up": {"uv": [51, 36], "uv_size": [2, 1]},
								"down": {"uv": [48, 52], "uv_size": [2, -1]}
							}
						}
					]
				},
				{
					"name": "bone3",
					"parent": "bodyT",
					"pivot": [1, 35.5, 0.7]
				},
				{
					"name": "head",
					"parent": "bodyT",
					"pivot": [-0.02957, 35.14839, 1.46722],
					"cubes": [
						{
							"origin": [-4, 34.7, -3.1],
							"size": [8, 8, 8],
							"inflate": -0.3,
							"uv": {
								"north": {"uv": [0, 0], "uv_size": [8, 8]},
								"east": {"uv": [0, 8], "uv_size": [8, 8]},
								"south": {"uv": [8, 0], "uv_size": [8, 8]},
								"west": {"uv": [8, 8], "uv_size": [8, 8]},
								"up": {"uv": [0, 16], "uv_size": [8, 8]},
								"down": {"uv": [16, 8], "uv_size": [8, -8]}
							}
						},
						{
							"origin": [-4.6, 39.39286, 1.61944],
							"size": [8, 8, 4],
							"inflate": -0.2,
							"pivot": [-0.6, 43.79286, 1.01944],
							"rotation": [-84.99526, -2.49048, -0.21803],
							"uv": {
								"north": {"uv": [8, 16], "uv_size": [8, 8]},
								"east": {"uv": [36, 44], "uv_size": [4, 8]},
								"south": {"uv": [16, 8], "uv_size": [8, 8]},
								"west": {"uv": [46, 0], "uv_size": [4, 8]},
								"up": {"uv": [46, 37], "uv_size": [8, 4]},
								"down": {"uv": [46, 45], "uv_size": [8, -4]}
							}
						},
						{
							"origin": [-4, 34.7, -3.1],
							"size": [8, 8, 8],
							"inflate": -0.2,
							"pivot": [0, 38.7, 0.9],
							"rotation": [2, 0, 0],
							"uv": {
								"north": {"uv": [16, 16], "uv_size": [8, 8]},
								"east": {"uv": [0, 24], "uv_size": [8, 8]},
								"south": {"uv": [24, 0], "uv_size": [8, 8]},
								"west": {"uv": [8, 24], "uv_size": [8, 8]},
								"up": {"uv": [24, 8], "uv_size": [8, 8]},
								"down": {"uv": [16, 32], "uv_size": [8, -8]}
							}
						},
						{
							"origin": [-4, 34.7, -3],
							"size": [8, 8, 8],
							"inflate": -0.1,
							"pivot": [0, 38.7, 1],
							"rotation": [4, 0, 0],
							"uv": {
								"north": {"uv": [90, 18], "uv_size": [8, 8]},
								"east": {"uv": [74, 26], "uv_size": [8, 8]},
								"south": {"uv": [98, 2], "uv_size": [8, 8]},
								"west": {"uv": [82, 26], "uv_size": [8, 8]},
								"up": {"uv": [98, 10], "uv_size": [8, 8]},
								"down": {"uv": [90, 34], "uv_size": [8, -8]}
							}
						}
					]
				},
				{
					"name": "armRT",
					"parent": "bodyT",
					"pivot": [-4.38026, 32.22752, 1.08086],
					"cubes": [
						{
							"origin": [-7.25, 24.7, -0.8],
							"size": [3.5, 8.5, 3.75],
							"pivot": [6.25, 32.2, 0.95],
							"rotation": [2.5, 0, 2.5],
							"uv": {
								"north": {"uv": [42, 39], "uv_size": [4, 9]},
								"east": {"uv": [0, 43], "uv_size": [4, 9]},
								"south": {"uv": [4, 43], "uv_size": [4, 9]},
								"west": {"uv": [8, 43], "uv_size": [4, 9]},
								"up": {"uv": [63, 8], "uv_size": [4, 4]},
								"down": {"uv": [9, 67], "uv_size": [4, -4]}
							}
						}
					]
				},
				{
					"name": "armRB",
					"parent": "armRT",
					"pivot": [-5.7612, 25.2775, 3.15],
					"cubes": [
						{
							"origin": [-7.23876, 18.72752, -0.4],
							"size": [2.75, 7, 3.5],
							"inflate": -0.2,
							"uv": {
								"north": {"uv": [41, 55], "uv_size": [3, 7]},
								"east": {"uv": [0, 52], "uv_size": [4, 7]},
								"south": {"uv": [56, 57], "uv_size": [3, 7]},
								"west": {"uv": [4, 52], "uv_size": [4, 7]},
								"up": {"uv": [33, 48], "uv_size": [3, 4]},
								"down": {"uv": [63, 45], "uv_size": [3, -4]}
							}
						},
						{
							"origin": [-7.48876, 18.72752, -0.65],
							"size": [3.25, 7, 4],
							"inflate": -0.2,
							"uv": {
								"north": {"uv": [44, 58], "uv_size": [3, 7]},
								"east": {"uv": [8, 52], "uv_size": [4, 7]},
								"south": {"uv": [58, 50], "uv_size": [3, 7]},
								"west": {"uv": [12, 52], "uv_size": [4, 7]},
								"up": {"uv": [63, 45], "uv_size": [3, 4]},
								"down": {"uv": [47, 67], "uv_size": [3, -4]}
							}
						}
					]
				},
				{
					"name": "handR",
					"parent": "armRB",
					"pivot": [-5.73876, 18.92752, 2.9],
					"cubes": [
						{
							"origin": [-6.98876, 15.42752, -0.6],
							"size": [2.5, 3.5, 3.5],
							"uv": {
								"north": {"uv": [9, 67], "uv_size": [3, 3]},
								"east": {"uv": [50, 63], "uv_size": [4, 3]},
								"south": {"uv": [67, 9], "uv_size": [3, 3]},
								"west": {"uv": [63, 56], "uv_size": [4, 3]},
								"up": {"uv": [63, 59], "uv_size": [3, 4]},
								"down": {"uv": [63, 67], "uv_size": [3, -4]}
							}
						}
					]
				},
				{
					"name": "armLT",
					"parent": "bodyT",
					"pivot": [4.38121, 32.1839, 1.08086],
					"cubes": [
						{
							"origin": [3.75, 25.2, -0.8],
							"size": [3.5, 8.5, 3.75],
							"pivot": [6.25, 32.2, 0.95],
							"rotation": [2.5, 0, -2.5],
							"uv": {
								"north": {"uv": [12, 43], "uv_size": [4, 9]},
								"east": {"uv": [16, 43], "uv_size": [4, 9]},
								"south": {"uv": [20, 43], "uv_size": [4, 9]},
								"west": {"uv": [24, 43], "uv_size": [4, 9]},
								"up": {"uv": [63, 12], "uv_size": [4, 4]},
								"down": {"uv": [13, 67], "uv_size": [4, -4]}
							}
						}
					]
				},
				{
					"name": "armLB",
					"parent": "armLT",
					"pivot": [5.76124, 25.27752, 3.15],
					"cubes": [
						{
							"origin": [4.51124, 18.72752, -0.4],
							"size": [2.75, 7, 3.5],
							"inflate": -0.2,
							"uv": {
								"north": {"uv": [0, 59], "uv_size": [3, 7]},
								"east": {"uv": [16, 52], "uv_size": [4, 7]},
								"south": {"uv": [59, 0], "uv_size": [3, 7]},
								"west": {"uv": [20, 52], "uv_size": [4, 7]},
								"up": {"uv": [54, 64], "uv_size": [3, 4]},
								"down": {"uv": [29, 69], "uv_size": [3, -4]}
							}
						},
						{
							"origin": [4.26124, 18.72752, -0.65],
							"size": [3.25, 7, 4],
							"inflate": -0.2,
							"uv": {
								"north": {"uv": [3, 59], "uv_size": [3, 7]},
								"east": {"uv": [24, 52], "uv_size": [4, 7]},
								"south": {"uv": [6, 59], "uv_size": [3, 7]},
								"west": {"uv": [33, 52], "uv_size": [4, 7]},
								"up": {"uv": [32, 65], "uv_size": [3, 4]},
								"down": {"uv": [35, 69], "uv_size": [3, -4]}
							}
						}
					]
				},
				{
					"name": "handL",
					"parent": "armLB",
					"pivot": [5.76124, 18.92752, 2.9],
					"cubes": [
						{
							"origin": [4.51124, 15.42752, -0.6],
							"size": [2.5, 3.5, 3.5],
							"uv": {
								"north": {"uv": [12, 67], "uv_size": [3, 3]},
								"east": {"uv": [65, 49], "uv_size": [4, 3]},
								"south": {"uv": [67, 12], "uv_size": [3, 3]},
								"west": {"uv": [57, 65], "uv_size": [4, 3]},
								"up": {"uv": [38, 65], "uv_size": [3, 4]},
								"down": {"uv": [44, 69], "uv_size": [3, -4]}
							}
						}
					]
				}
			]
		}
	]
}