{
	"format_version": "1.12.0",
	"minecraft:geometry": [
		{
			"description": {
				"identifier": "geometry.unknown",
				"texture_width": 128,
				"texture_height": 128,
				"visible_bounds_width": 4,
				"visible_bounds_height": 3.5,
				"visible_bounds_offset": [0, 1.25, 0]
			},
			"bones": [
				{
					"name": "root",
					"pivot": [0, 0, 0]
				},
				{
					"name": "right_leg",
					"parent": "root",
					"pivot": [-2, 12, 0],
					"rotation": [-32.47528, 1.34295, 2.10886],
					"cubes": [
						{
							"origin": [-4, 6, -2],
							"size": [4, 6, 4],
							"uv": {
								"north": {"uv": [42, 5], "uv_size": [4, 6]},
								"east": {"uv": [31, 42], "uv_size": [4, 6]},
								"south": {"uv": [35, 42], "uv_size": [4, 6]},
								"west": {"uv": [0, 45], "uv_size": [4, 6]},
								"up": {"uv": [54, 29], "uv_size": [4, 4]},
								"down": {"uv": [56, 8], "uv_size": [4, -4]}
							}
						}
					]
				},
				{
					"name": "right_legBOTTOM",
					"parent": "right_leg",
					"pivot": [-2, 6, -1.25],
					"rotation": [60, 0, 0],
					"cubes": [
						{
							"origin": [-3.9, 0, -1.25],
							"size": [3.8, 6, 4],
							"uv": {
								"north": {"uv": [4, 45], "uv_size": [4, 6]},
								"east": {"uv": [18, 45], "uv_size": [4, 6]},
								"south": {"uv": [22, 45], "uv_size": [4, 6]},
								"west": {"uv": [45, 41], "uv_size": [4, 6]},
								"up": {"uv": [28, 58], "uv_size": [4, 4]},
								"down": {"uv": [58, 33], "uv_size": [4, -4]}
							}
						}
					]
				},
				{
					"name": "right_feet",
					"parent": "right_legBOTTOM",
					"pivot": [-2, -0.05052, 2.85248],
					"rotation": [-27.5, 0, 0],
					"cubes": [
						{
							"origin": [-3.8, -4.05303, -1.26175],
							"size": [3.6, 4, 4],
							"uv": {
								"north": {"uv": [37, 58], "uv_size": [4, 4]},
								"east": {"uv": [58, 37], "uv_size": [4, 4]},
								"south": {"uv": [50, 58], "uv_size": [4, 4]},
								"west": {"uv": [59, 0], "uv_size": [4, 4]},
								"up": {"uv": [8, 59], "uv_size": [4, 4]},
								"down": {"uv": [59, 12], "uv_size": [4, -4]}
							}
						}
					]
				},
				{
					"name": "left_leg",
					"parent": "root",
					"pivot": [2, 12, 0],
					"rotation": [-32.47528, -1.34295, -2.10886],
					"cubes": [
						{
							"origin": [0, 6, -2],
							"size": [4, 6, 4],
							"uv": {
								"north": {"uv": [46, 5], "uv_size": [4, 6]},
								"east": {"uv": [46, 18], "uv_size": [4, 6]},
								"south": {"uv": [46, 24], "uv_size": [4, 6]},
								"west": {"uv": [46, 30], "uv_size": [4, 6]},
								"up": {"uv": [12, 59], "uv_size": [4, 4]},
								"down": {"uv": [59, 16], "uv_size": [4, -4]}
							}
						}
					]
				},
				{
					"name": "left_legBOTTOM",
					"parent": "left_leg",
					"pivot": [2, 6, -1.25],
					"rotation": [60, 0, 0],
					"cubes": [
						{
							"origin": [0.1, 0, -1.25],
							"size": [3.8, 6, 4],
							"uv": {
								"north": {"uv": [39, 46], "uv_size": [4, 6]},
								"east": {"uv": [8, 47], "uv_size": [4, 6]},
								"south": {"uv": [12, 47], "uv_size": [4, 6]},
								"west": {"uv": [26, 47], "uv_size": [4, 6]},
								"up": {"uv": [59, 21], "uv_size": [4, 4]},
								"down": {"uv": [22, 63], "uv_size": [4, -4]}
							}
						}
					]
				},
				{
					"name": "right_feet2",
					"parent": "left_legBOTTOM",
					"pivot": [2, -0.05052, 2.65248],
					"rotation": [-27.5, 0, 0],
					"cubes": [
						{
							"origin": [0.2, -3.96068, -1.28435],
							"size": [3.6, 4, 4],
							"uv": {
								"north": {"uv": [59, 25], "uv_size": [4, 4]},
								"east": {"uv": [32, 59], "uv_size": [4, 4]},
								"south": {"uv": [59, 33], "uv_size": [4, 4]},
								"west": {"uv": [41, 59], "uv_size": [4, 4]},
								"up": {"uv": [59, 41], "uv_size": [4, 4]},
								"down": {"uv": [45, 63], "uv_size": [4, -4]}
							}
						}
					]
				},
				{
					"name": "BodyBOTTOM",
					"parent": "root",
					"pivot": [0, 12, 0],
					"cubes": [
						{
							"origin": [-4, 12, -2],
							"size": [8, 6, 0],
							"pivot": [0, 18, -2],
							"rotation": [-7.5, 0, 0],
							"uv": {
								"north": {"uv": [33, 25], "uv_size": [8, 6]},
								"east": {"uv": [0, 0], "uv_size": [0, 6]},
								"south": {"uv": [33, 31], "uv_size": [8, 6]},
								"west": {"uv": [0, 0], "uv_size": [0, 6]},
								"up": {"uv": [0, 0], "uv_size": [8, 0]},
								"down": {"uv": [0, 0], "uv_size": [8, 0]}
							}
						},
						{
							"origin": [-4, 12, -2],
							"size": [8, 6, 4],
							"uv": {
								"north": {"uv": [8, 34], "uv_size": [8, 6]},
								"east": {"uv": [43, 47], "uv_size": [4, 6]},
								"south": {"uv": [34, 8], "uv_size": [8, 6]},
								"west": {"uv": [47, 47], "uv_size": [4, 6]},
								"up": {"uv": [40, 37], "uv_size": [8, 4]},
								"down": {"uv": [0, 45], "uv_size": [8, -4]}
							}
						}
					]
				},
				{
					"name": "BodyTOP",
					"parent": "BodyBOTTOM",
					"pivot": [0, 18, 2],
					"cubes": [
						{
							"origin": [0, 18, -3],
							"size": [5, 6, 4],
							"pivot": [2.5, 21, -1],
							"rotation": [2.5, -12.5, 0],
							"uv": {
								"north": {"uv": [41, 18], "uv_size": [5, 6]},
								"east": {"uv": [30, 48], "uv_size": [4, 6]},
								"south": {"uv": [41, 24], "uv_size": [5, 6]},
								"west": {"uv": [34, 48], "uv_size": [4, 6]},
								"up": {"uv": [53, 37], "uv_size": [5, 4]},
								"down": {"uv": [54, 25], "uv_size": [5, -4]}
							}
						},
						{
							"origin": [-5, 18, -3],
							"size": [5, 6, 4],
							"pivot": [-2.5, 21, -1],
							"rotation": [2.5, 12.5, 0],
							"uv": {
								"north": {"uv": [26, 41], "uv_size": [5, 6]},
								"east": {"uv": [49, 11], "uv_size": [4, 6]},
								"south": {"uv": [41, 30], "uv_size": [5, 6]},
								"west": {"uv": [49, 36], "uv_size": [4, 6]},
								"up": {"uv": [54, 25], "uv_size": [5, 4]},
								"down": {"uv": [28, 58], "uv_size": [5, -4]}
							}
						},
						{
							"origin": [0, 23, -2.1],
							"size": [5.75, 2, 4],
							"pivot": [2, 25, 0],
							"rotation": [2.5, 0, 15],
							"uv": {
								"north": {"uv": [42, 11], "uv_size": [6, 2]},
								"east": {"uv": [19, 69], "uv_size": [4, 2]},
								"south": {"uv": [20, 63], "uv_size": [6, 2]},
								"west": {"uv": [69, 20], "uv_size": [4, 2]},
								"up": {"uv": [47, 0], "uv_size": [6, 4]},
								"down": {"uv": [49, 46], "uv_size": [6, -4]}
							}
						},
						{
							"origin": [-5.75, 23, -2.1],
							"size": [5.75, 2, 4],
							"pivot": [-2, 25, 0],
							"rotation": [2.5, 0, -15],
							"uv": {
								"north": {"uv": [63, 20], "uv_size": [6, 2]},
								"east": {"uv": [69, 22], "uv_size": [4, 2]},
								"south": {"uv": [63, 22], "uv_size": [6, 2]},
								"west": {"uv": [23, 69], "uv_size": [4, 2]},
								"up": {"uv": [50, 4], "uv_size": [6, 4]},
								"down": {"uv": [50, 21], "uv_size": [6, -4]}
							}
						},
						{
							"origin": [-4, 18, -2],
							"size": [8, 6, 4],
							"uv": {
								"north": {"uv": [16, 34], "uv_size": [8, 6]},
								"east": {"uv": [50, 21], "uv_size": [4, 6]},
								"south": {"uv": [0, 35], "uv_size": [8, 6]},
								"west": {"uv": [50, 27], "uv_size": [4, 6]},
								"up": {"uv": [41, 14], "uv_size": [8, 4]},
								"down": {"uv": [18, 45], "uv_size": [8, -4]}
							}
						}
					]
				},
				{
					"name": "head",
					"parent": "BodyTOP",
					"pivot": [0, 24, 0],
					"cubes": [
						{
							"origin": [-4, 24, -4],
							"size": [8, 8, 8],
							"uv": {
								"north": {"uv": [9, 18], "uv_size": [8, 8]},
								"east": {"uv": [18, 9], "uv_size": [8, 8]},
								"south": {"uv": [17, 18], "uv_size": [8, 8]},
								"west": {"uv": [25, 17], "uv_size": [8, 8]},
								"up": {"uv": [25, 25], "uv_size": [8, 8]},
								"down": {"uv": [9, 34], "uv_size": [8, -8]}
							}
						},
						{
							"origin": [-4.25, 23.75, -4.25],
							"size": [8.5, 8.5, 8.5],
							"uv": {
								"north": {"uv": [0, 0], "uv_size": [9, 9]},
								"east": {"uv": [0, 9], "uv_size": [9, 9]},
								"south": {"uv": [9, 0], "uv_size": [9, 9]},
								"west": {"uv": [9, 9], "uv_size": [9, 9]},
								"up": {"uv": [0, 18], "uv_size": [9, 9]},
								"down": {"uv": [18, 9], "uv_size": [9, -9]}
							}
						},
						{
							"origin": [-4, 32, -4],
							"size": [8, 0, 8],
							"pivot": [0, 32, -4],
							"rotation": [15, 0, 0],
							"uv": {
								"north": {"uv": [0, 0], "uv_size": [8, 0]},
								"east": {"uv": [0, 0], "uv_size": [8, 0]},
								"south": {"uv": [0, 0], "uv_size": [8, 0]},
								"west": {"uv": [0, 0], "uv_size": [8, 0]},
								"up": {"uv": [26, 9], "uv_size": [8, 8]},
								"down": {"uv": [17, 34], "uv_size": [8, -8]}
							}
						},
						{
							"origin": [4, 24, -4],
							"size": [0, 8, 8],
							"pivot": [4, 28, -4],
							"rotation": [0, 17.5, 0],
							"uv": {
								"north": {"uv": [0, 0], "uv_size": [0, 8]},
								"east": {"uv": [0, 27], "uv_size": [8, 8]},
								"south": {"uv": [0, 0], "uv_size": [0, 8]},
								"west": {"uv": [27, 0], "uv_size": [8, 8]},
								"up": {"uv": [0, 0], "uv_size": [0, 8]},
								"down": {"uv": [0, 8], "uv_size": [0, -8]}
							}
						},
						{
							"origin": [-4, 24, -4],
							"size": [0, 8, 8],
							"pivot": [-4, 28, -4],
							"rotation": [0, -17.5, 0],
							"uv": {
								"north": {"uv": [0, 0], "uv_size": [0, 8]},
								"east": {"uv": [33, 17], "uv_size": [8, 8]},
								"south": {"uv": [0, 0], "uv_size": [0, 8]},
								"west": {"uv": [25, 33], "uv_size": [8, 8]},
								"up": {"uv": [0, 0], "uv_size": [0, 8]},
								"down": {"uv": [0, 8], "uv_size": [0, -8]}
							}
						}
					]
				},
				{
					"name": "left_ear",
					"parent": "head",
					"pivot": [3, 32, -2.95],
					"cubes": [
						{
							"origin": [1, 32, -3],
							"size": [4, 8, 0.1],
							"uv": {
								"north": {"uv": [74, 54], "uv_size": [4, 8]},
								"east": {"uv": [77, 50], "uv_size": [1, 1]},
								"south": {"uv": [78, 64], "uv_size": [-4, 8]},
								"west": {"uv": [77, 50], "uv_size": [1, 1]},
								"up": {"uv": [78, 51], "uv_size": [-1, -1]},
								"down": {"uv": [78, 51], "uv_size": [-1, -1]}
							}
						}
					]
				},
				{
					"name": "right_ear",
					"parent": "head",
					"pivot": [-3, 32, -2.95],
					"cubes": [
						{
							"origin": [-5, 32, -3],
							"size": [4, 8, 0.1],
							"uv": {
								"north": {"uv": [78, 54], "uv_size": [-4, 8]},
								"east": {"uv": [77, 50], "uv_size": [1, 1]},
								"south": {"uv": [74, 64], "uv_size": [4, 8]},
								"west": {"uv": [77, 50], "uv_size": [1, 1]},
								"up": {"uv": [78, 51], "uv_size": [-1, -1]},
								"down": {"uv": [78, 51], "uv_size": [-1, -1]}
							}
						}
					]
				},
				{
					"name": "jaw",
					"parent": "head",
					"pivot": [0, 25, -4],
					"cubes": [
						{
							"origin": [-1.5, 24, -8],
							"size": [3, 2, 4],
							"uv": {
								"north": {"uv": [70, 40], "uv_size": [3, 2]},
								"east": {"uv": [27, 69], "uv_size": [4, 2]},
								"south": {"uv": [70, 42], "uv_size": [3, 2]},
								"west": {"uv": [31, 69], "uv_size": [4, 2]},
								"up": {"uv": [63, 24], "uv_size": [3, 4]},
								"down": {"uv": [30, 67], "uv_size": [3, -4]}
							}
						},
						{
							"origin": [-1.5, 23.9, -8],
							"size": [3, 0.1, 4],
							"uv": {
								"north": {"uv": [53, 16], "uv_size": [3, 1]},
								"east": {"uv": [18, 17], "uv_size": [4, 1]},
								"south": {"uv": [60, 20], "uv_size": [3, 1]},
								"west": {"uv": [27, 8], "uv_size": [4, 1]},
								"up": {"uv": [33, 63], "uv_size": [3, 4]},
								"down": {"uv": [63, 37], "uv_size": [3, -4]}
							}
						},
						{
							"origin": [-2, 24, -8],
							"size": [3, 2, 4],
							"pivot": [-3, 25, -6],
							"rotation": [0, -17.5, 0],
							"uv": {
								"north": {"uv": [44, 70], "uv_size": [3, 2]},
								"east": {"uv": [35, 69], "uv_size": [4, 2]},
								"south": {"uv": [70, 44], "uv_size": [3, 2]},
								"west": {"uv": [69, 51], "uv_size": [4, 2]},
								"up": {"uv": [40, 63], "uv_size": [3, 4]},
								"down": {"uv": [63, 45], "uv_size": [3, -4]}
							}
						},
						{
							"origin": [-2, 23.9, -8],
							"size": [3, 0.1, 4],
							"pivot": [-3, 24.9, -6],
							"rotation": [0, -17.5, 0],
							"uv": {
								"north": {"uv": [63, 28], "uv_size": [3, 1]},
								"east": {"uv": [18, 40], "uv_size": [4, 1]},
								"south": {"uv": [32, 71], "uv_size": [3, 1]},
								"west": {"uv": [41, 36], "uv_size": [4, 1]},
								"up": {"uv": [43, 63], "uv_size": [3, 4]},
								"down": {"uv": [63, 49], "uv_size": [3, -4]}
							}
						},
						{
							"origin": [-1, 23.9, -8],
							"size": [3, 0.1, 4],
							"pivot": [3, 24.9, -6],
							"rotation": [0, 17.5, 0],
							"uv": {
								"north": {"uv": [35, 71], "uv_size": [3, 1]},
								"east": {"uv": [42, 13], "uv_size": [4, 1]},
								"south": {"uv": [52, 71], "uv_size": [3, 1]},
								"west": {"uv": [45, 36], "uv_size": [4, 1]},
								"up": {"uv": [46, 63], "uv_size": [3, 4]},
								"down": {"uv": [63, 53], "uv_size": [3, -4]}
							}
						},
						{
							"origin": [-1, 24, -8],
							"size": [3, 2, 4],
							"pivot": [3, 25, -6],
							"rotation": [0, 17.5, 0],
							"uv": {
								"north": {"uv": [70, 46], "uv_size": [3, 2]},
								"east": {"uv": [52, 69], "uv_size": [4, 2]},
								"south": {"uv": [47, 70], "uv_size": [3, 2]},
								"west": {"uv": [69, 53], "uv_size": [4, 2]},
								"up": {"uv": [63, 53], "uv_size": [3, 4]},
								"down": {"uv": [63, 61], "uv_size": [3, -4]}
							}
						}
					]
				},
				{
					"name": "jaw_up",
					"parent": "head",
					"pivot": [0, 26, -4],
					"cubes": [
						{
							"origin": [-1.1, 25, -7.1],
							"size": [3, 2, 4],
							"pivot": [0, 26, -6],
							"rotation": [-0.26793, 14.99766, -1.03527],
							"uv": {
								"north": {"uv": [70, 48], "uv_size": [3, 2]},
								"east": {"uv": [56, 69], "uv_size": [4, 2]},
								"south": {"uv": [70, 55], "uv_size": [3, 2]},
								"west": {"uv": [60, 69], "uv_size": [4, 2]},
								"up": {"uv": [64, 4], "uv_size": [3, 4]},
								"down": {"uv": [64, 20], "uv_size": [3, -4]}
							}
						},
						{
							"origin": [-1.5, 25.5, -8],
							"size": [3, 2, 4],
							"pivot": [0, 28, -6],
							"rotation": [17.5, 0, 0],
							"uv": {
								"north": {"uv": [70, 57], "uv_size": [3, 2]},
								"east": {"uv": [64, 69], "uv_size": [4, 2]},
								"south": {"uv": [70, 59], "uv_size": [3, 2]},
								"west": {"uv": [6, 70], "uv_size": [4, 2]},
								"up": {"uv": [20, 65], "uv_size": [3, 4]},
								"down": {"uv": [23, 69], "uv_size": [3, -4]}
							}
						},
						{
							"origin": [-1.9, 25, -7.1],
							"size": [3, 2, 4],
							"pivot": [0, 26, -6],
							"rotation": [-0.26793, -14.99766, 1.03527],
							"uv": {
								"north": {"uv": [70, 61], "uv_size": [3, 2]},
								"east": {"uv": [10, 70], "uv_size": [4, 2]},
								"south": {"uv": [68, 70], "uv_size": [3, 2]},
								"west": {"uv": [14, 70], "uv_size": [4, 2]},
								"up": {"uv": [53, 65], "uv_size": [3, 4]},
								"down": {"uv": [56, 69], "uv_size": [3, -4]}
							}
						},
						{
							"origin": [-1.5, 25, -8],
							"size": [3, 2, 4],
							"uv": {
								"north": {"uv": [71, 0], "uv_size": [3, 2]},
								"east": {"uv": [70, 24], "uv_size": [4, 2]},
								"south": {"uv": [71, 2], "uv_size": [3, 2]},
								"west": {"uv": [70, 26], "uv_size": [4, 2]},
								"up": {"uv": [59, 65], "uv_size": [3, 4]},
								"down": {"uv": [62, 69], "uv_size": [3, -4]}
							}
						}
					]
				},
				{
					"name": "Eyes",
					"parent": "head",
					"pivot": [0, 24, 0],
					"cubes": [
						{
							"origin": [-2, 28, -4.1],
							"size": [4, 1, 0.1],
							"uv": {
								"north": {"uv": [76, 6], "uv_size": [4, 1]},
								"east": {"uv": [0, 0], "uv_size": [1, 1]},
								"south": {"uv": [0, 0], "uv_size": [1, 1]},
								"west": {"uv": [0, 0], "uv_size": [1, 1]},
								"up": {"uv": [1, 1], "uv_size": [-1, -1]},
								"down": {"uv": [1, 1], "uv_size": [-1, -1]}
							}
						}
					]
				},
				{
					"name": "right_arm",
					"parent": "BodyTOP",
					"pivot": [-7, 22, -1],
					"cubes": [
						{
							"origin": [-9, 17, -3],
							"size": [4, 7, 4],
							"uv": {
								"north": {"uv": [0, 51], "uv_size": [4, 6]},
								"east": {"uv": [4, 51], "uv_size": [4, 6]},
								"south": {"uv": [16, 51], "uv_size": [4, 6]},
								"west": {"uv": [20, 51], "uv_size": [4, 6]},
								"up": {"uv": [59, 45], "uv_size": [4, 4]},
								"down": {"uv": [59, 53], "uv_size": [4, -4]}
							}
						}
					]
				},
				{
					"name": "right_armBOTTOM",
					"parent": "right_arm",
					"pivot": [-7, 17, 1],
					"cubes": [
						{
							"origin": [-8.9, 12, -3],
							"size": [3.8, 5, 4],
							"uv": {
								"north": {"uv": [33, 54], "uv_size": [4, 5]},
								"east": {"uv": [55, 41], "uv_size": [4, 5]},
								"south": {"uv": [55, 46], "uv_size": [4, 5]},
								"west": {"uv": [55, 51], "uv_size": [4, 5]},
								"up": {"uv": [59, 53], "uv_size": [4, 4]},
								"down": {"uv": [59, 61], "uv_size": [4, -4]}
							}
						},
						{
							"origin": [-8.9, 9, -3],
							"size": [3.8, 3, 4],
							"uv": {
								"north": {"uv": [3, 66], "uv_size": [4, 3]},
								"east": {"uv": [66, 24], "uv_size": [4, 3]},
								"south": {"uv": [26, 66], "uv_size": [4, 3]},
								"west": {"uv": [66, 27], "uv_size": [4, 3]},
								"up": {"uv": [60, 4], "uv_size": [4, 4]},
								"down": {"uv": [60, 20], "uv_size": [4, -4]}
							}
						},
						{
							"origin": [-8.51, 6.5, -4.25],
							"size": [0.01, 3, 4],
							"pivot": [-7.05, 8.5, -1.75],
							"rotation": [-20, 0, 0],
							"uv": {
								"north": {"uv": [77, 50], "uv_size": [1, 1]},
								"east": {"uv": [66, 30], "uv_size": [4, 3]},
								"south": {"uv": [77, 50], "uv_size": [1, 1]},
								"west": {"uv": [66, 33], "uv_size": [4, 3]},
								"up": {"uv": [78, 51], "uv_size": [-1, -1]},
								"down": {"uv": [78, 51], "uv_size": [-1, -1]}
							}
						},
						{
							"origin": [-7.51, 6, -4.25],
							"size": [0.01, 3, 4],
							"pivot": [-7.05, 8.5, -1.75],
							"rotation": [-20, 0, 0],
							"uv": {
								"north": {"uv": [77, 50], "uv_size": [1, 1]},
								"east": {"uv": [36, 66], "uv_size": [4, 3]},
								"south": {"uv": [77, 50], "uv_size": [1, 1]},
								"west": {"uv": [66, 36], "uv_size": [4, 3]},
								"up": {"uv": [78, 51], "uv_size": [-1, -1]},
								"down": {"uv": [78, 51], "uv_size": [-1, -1]}
							}
						},
						{
							"origin": [-6.51, 6, -4.25],
							"size": [0.01, 3, 4],
							"pivot": [-7.05, 8.5, -1.75],
							"rotation": [-20, 0, 0],
							"uv": {
								"north": {"uv": [77, 50], "uv_size": [1, 1]},
								"east": {"uv": [66, 39], "uv_size": [4, 3]},
								"south": {"uv": [77, 50], "uv_size": [1, 1]},
								"west": {"uv": [66, 42], "uv_size": [4, 3]},
								"up": {"uv": [78, 51], "uv_size": [-1, -1]},
								"down": {"uv": [78, 51], "uv_size": [-1, -1]}
							}
						},
						{
							"origin": [-5.51, 6.5, -4.25],
							"size": [0.01, 3, 4],
							"pivot": [-7.05, 8.5, -1.75],
							"rotation": [-20, 0, 0],
							"uv": {
								"north": {"uv": [77, 50], "uv_size": [1, 1]},
								"east": {"uv": [66, 45], "uv_size": [4, 3]},
								"south": {"uv": [77, 50], "uv_size": [1, 1]},
								"west": {"uv": [66, 48], "uv_size": [4, 3]},
								"up": {"uv": [78, 51], "uv_size": [-1, -1]},
								"down": {"uv": [78, 51], "uv_size": [-1, -1]}
							}
						}
					]
				},
				{
					"name": "left_arm",
					"parent": "BodyTOP",
					"pivot": [7, 22, -1],
					"cubes": [
						{
							"origin": [5, 17, -3],
							"size": [4, 7, 4],
							"uv": {
								"north": {"uv": [51, 46], "uv_size": [4, 6]},
								"east": {"uv": [38, 52], "uv_size": [4, 6]},
								"south": {"uv": [51, 52], "uv_size": [4, 6]},
								"west": {"uv": [8, 53], "uv_size": [4, 6]},
								"up": {"uv": [54, 61], "uv_size": [4, 4]},
								"down": {"uv": [58, 65], "uv_size": [4, -4]}
							}
						}
					]
				},
				{
					"name": "left_armBOTTOM",
					"parent": "left_arm",
					"pivot": [7, 17, 1],
					"cubes": [
						{
							"origin": [5.1, 12, -3],
							"size": [3.8, 5, 4],
							"uv": {
								"north": {"uv": [56, 16], "uv_size": [4, 5]},
								"east": {"uv": [55, 56], "uv_size": [4, 5]},
								"south": {"uv": [0, 57], "uv_size": [4, 5]},
								"west": {"uv": [4, 57], "uv_size": [4, 5]},
								"up": {"uv": [0, 62], "uv_size": [4, 4]},
								"down": {"uv": [4, 66], "uv_size": [4, -4]}
							}
						},
						{
							"origin": [5.1, 9, -3],
							"size": [3.8, 3, 4],
							"uv": {
								"north": {"uv": [66, 55], "uv_size": [4, 3]},
								"east": {"uv": [66, 58], "uv_size": [4, 3]},
								"south": {"uv": [66, 61], "uv_size": [4, 3]},
								"west": {"uv": [67, 0], "uv_size": [4, 3]},
								"up": {"uv": [26, 62], "uv_size": [4, 4]},
								"down": {"uv": [62, 33], "uv_size": [4, -4]}
							}
						},
						{
							"origin": [8.59, 6.5, -4.25],
							"size": [0.01, 3, 4],
							"pivot": [7.05, 8.5, -1.75],
							"rotation": [-20, 0, 0],
							"uv": {
								"north": {"uv": [77, 50], "uv_size": [1, 1]},
								"east": {"uv": [67, 3], "uv_size": [4, 3]},
								"south": {"uv": [77, 50], "uv_size": [1, 1]},
								"west": {"uv": [67, 6], "uv_size": [4, 3]},
								"up": {"uv": [78, 51], "uv_size": [-1, -1]},
								"down": {"uv": [78, 51], "uv_size": [-1, -1]}
							}
						},
						{
							"origin": [7.59, 6, -4.25],
							"size": [0.01, 3, 4],
							"pivot": [7.05, 8.5, -1.75],
							"rotation": [-20, 0, 0],
							"uv": {
								"north": {"uv": [77, 50], "uv_size": [1, 1]},
								"east": {"uv": [7, 67], "uv_size": [4, 3]},
								"south": {"uv": [77, 50], "uv_size": [1, 1]},
								"west": {"uv": [67, 9], "uv_size": [4, 3]},
								"up": {"uv": [78, 51], "uv_size": [-1, -1]},
								"down": {"uv": [78, 51], "uv_size": [-1, -1]}
							}
						},
						{
							"origin": [6.59, 6, -4.25],
							"size": [0.01, 3, 4],
							"pivot": [7.05, 8.5, -1.75],
							"rotation": [-20, 0, 0],
							"uv": {
								"north": {"uv": [77, 50], "uv_size": [1, 1]},
								"east": {"uv": [11, 67], "uv_size": [4, 3]},
								"south": {"uv": [77, 50], "uv_size": [1, 1]},
								"west": {"uv": [67, 12], "uv_size": [4, 3]},
								"up": {"uv": [78, 51], "uv_size": [-1, -1]},
								"down": {"uv": [78, 51], "uv_size": [-1, -1]}
							}
						},
						{
							"origin": [5.59, 6.5, -4.25],
							"size": [0.01, 3, 4],
							"pivot": [7.05, 8.5, -1.75],
							"rotation": [-20, 0, 0],
							"uv": {
								"north": {"uv": [77, 50], "uv_size": [1, 1]},
								"east": {"uv": [15, 67], "uv_size": [4, 3]},
								"south": {"uv": [77, 50], "uv_size": [1, 1]},
								"west": {"uv": [67, 15], "uv_size": [4, 3]},
								"up": {"uv": [78, 51], "uv_size": [-1, -1]},
								"down": {"uv": [78, 51], "uv_size": [-1, -1]}
							}
						}
					]
				},
				{
					"name": "Tail1",
					"parent": "BodyBOTTOM",
					"pivot": [0, 14, 2],
					"cubes": [
						{
							"origin": [-1, 13, 1],
							"size": [2, 2, 2],
							"uv": {
								"north": {"uv": [71, 16], "uv_size": [2, 2]},
								"east": {"uv": [18, 71], "uv_size": [2, 2]},
								"south": {"uv": [20, 71], "uv_size": [2, 2]},
								"west": {"uv": [22, 71], "uv_size": [2, 2]},
								"up": {"uv": [24, 71], "uv_size": [2, 2]},
								"down": {"uv": [26, 73], "uv_size": [2, -2]}
							}
						}
					]
				},
				{
					"name": "Tail2",
					"parent": "Tail1",
					"pivot": [0, 14, 3],
					"cubes": [
						{
							"origin": [-2, 12, 3],
							"size": [4, 4, 4],
							"uv": {
								"north": {"uv": [36, 62], "uv_size": [4, 4]},
								"east": {"uv": [62, 37], "uv_size": [4, 4]},
								"south": {"uv": [49, 62], "uv_size": [4, 4]},
								"west": {"uv": [62, 61], "uv_size": [4, 4]},
								"up": {"uv": [63, 0], "uv_size": [4, 4]},
								"down": {"uv": [8, 67], "uv_size": [4, -4]}
							}
						}
					]
				},
				{
					"name": "Tail3",
					"parent": "Tail2",
					"pivot": [0, 14, 7],
					"cubes": [
						{
							"origin": [-2, 12, 7],
							"size": [4, 4, 6],
							"uv": {
								"north": {"uv": [63, 8], "uv_size": [4, 4]},
								"east": {"uv": [53, 0], "uv_size": [6, 4]},
								"south": {"uv": [12, 63], "uv_size": [4, 4]},
								"west": {"uv": [53, 8], "uv_size": [6, 4]},
								"up": {"uv": [12, 53], "uv_size": [4, 6]},
								"down": {"uv": [24, 59], "uv_size": [4, -6]}
							}
						},
						{
							"origin": [-2.5, 11.5, 6.7],
							"size": [5, 5, 7],
							"uv": {
								"north": {"uv": [40, 41], "uv_size": [5, 5]},
								"east": {"uv": [35, 0], "uv_size": [7, 5]},
								"south": {"uv": [42, 0], "uv_size": [5, 5]},
								"west": {"uv": [33, 37], "uv_size": [7, 5]},
								"up": {"uv": [8, 40], "uv_size": [5, 7]},
								"down": {"uv": [13, 47], "uv_size": [5, -7]}
							}
						}
					]
				},
				{
					"name": "Tail4",
					"parent": "Tail3",
					"pivot": [0, 14, 14],
					"cubes": [
						{
							"origin": [-2, 12, 13],
							"size": [4, 4, 6],
							"uv": {
								"north": {"uv": [63, 12], "uv_size": [4, 4]},
								"east": {"uv": [53, 12], "uv_size": [6, 4]},
								"south": {"uv": [16, 63], "uv_size": [4, 4]},
								"west": {"uv": [53, 33], "uv_size": [6, 4]},
								"up": {"uv": [42, 53], "uv_size": [4, 6]},
								"down": {"uv": [46, 59], "uv_size": [4, -6]}
							}
						},
						{
							"origin": [-1.5, 12.5, 15],
							"size": [3, 3, 6],
							"uv": {
								"north": {"uv": [68, 67], "uv_size": [3, 3]},
								"east": {"uv": [34, 14], "uv_size": [6, 3]},
								"south": {"uv": [3, 69], "uv_size": [3, 3]},
								"west": {"uv": [35, 5], "uv_size": [6, 3]},
								"up": {"uv": [16, 57], "uv_size": [3, 6]},
								"down": {"uv": [19, 63], "uv_size": [3, -6]}
							}
						},
						{
							"origin": [-1, 13, 16],
							"size": [2, 2, 6],
							"uv": {
								"north": {"uv": [28, 71], "uv_size": [2, 2]},
								"east": {"uv": [67, 18], "uv_size": [6, 2]},
								"south": {"uv": [30, 71], "uv_size": [2, 2]},
								"west": {"uv": [30, 67], "uv_size": [6, 2]},
								"up": {"uv": [40, 67], "uv_size": [2, 6]},
								"down": {"uv": [42, 73], "uv_size": [2, -6]}
							}
						}
					]
				}
			]
		}
	]
}